name,short_name,code,province,city,school_type,school_level,has_graduate_school,official_website,graduate_website,description,sort_order,status
北京大学,北京大学,4111010001,北京市,北京市,未分类,本科,false,,,教育部全国普通高等学校名单记录：主管部门=教育部；办学层次=本科。官网与研究生院链接待逐校官方核验后补充。,1,active
中国人民大学,中国人民大学,4111010002,北京市,北京市,未分类,本科,false,,,教育部全国普通高等学校名单记录：主管部门=教育部；办学层次=本科。官网与研究生院链接待逐校官方核验后补充。,2,active
清华大学,清华大学,4111010003,北京市,北京市,未分类,本科,false,,,教育部全国普通高等学校名单记录：主管部门=教育部；办学层次=本科。官网与研究生院链接待逐校官方核验后补充。,3,active
北京交通大学,北京交通大学,4111010004,北京市,北京市,未分类,本科,false,,,教育部全国普通高等学校名单记录：主管部门=教育部；办学层次=本科。官网与研究生院链接待逐校官方核验后补充。,4,active
北京工业大学,北京工业大学,4111010005,北京市,北京市,未分类,本科,false,,,教育部全国普通高等学校名单记录：主管部门=北京市；办学层次=本科。官网与研究生院链接待逐校官方核验后补充。,5,active
北京航空航天大学,北京航空航天大学,4111010006,北京市,北京市,未分类,本科,false,,,教育部全国普通高等学校名单记录：主管部门=工业和信息化部；办学层次=本科。官网与研究生院链接待逐校官方核验后补充。,6,active
北京理工大学,北京理工大学,4111010007,北京市,北京市,未分类,本科,false,,,教育部全国普通高等学校名单记录：主管部门=工业和信息化部；办学层次=本科。官网与研究生院链接待逐校官方核验后补充。,7,active
北京科技大学,北京科技大学,4111010008,北京市,北京市,未分类,本科,false,,,教育部全国普通高等学校名单记录：主管部门=教育部；办学层次=本科。官网与研究生院链接待逐校官方核验后补充。,8,active
北方工业大学,北方工业大学,4111010009,北京市,北京市,未分类,本科,false,,,教育部全国普通高等学校名单记录：主管部门=北京市；办学层次=本科。官网与研究生院链接待逐校官方核验后补充。,9,active
北京化工大学,北京化工大学,4111010010,北京市,北京市,未分类,本科,false,,,教育部全国普通高等学校名单记录：主管部门=教育部；办学层次=本科。官网与研究生院链接待逐校官方核验后补充。,10,active
北京工商大学,北京工商大学,4111010011,北京市,北京市,未分类,本科,false,,,教育部全国普通高等学校名单记录：主管部门=北京市；办学层次=本科。官网与研究生院链接待逐校官方核验后补充。,11,active
北京服装学院,北京服装学院,4111010012,北京市,北京市,未分类,本科,false,,,教育部全国普通高等学校名单记录：主管部门=北京市；办学层次=本科。官网与研究生院链接待逐校官方核验后补充。,12,active
北京邮电大学,北京邮电大学,4111010013,北京市,北京市,未分类,本科,false,,,教育部全国普通高等学校名单记录：主管部门=教育部；办学层次=本科。官网与研究生院链接待逐校官方核验后补充。,13,active
北京印刷学院,北京印刷学院,4111010015,北京市,北京市,未分类,本科,false,,,教育部全国普通高等学校名单记录：主管部门=北京市；办学层次=本科。官网与研究生院链接待逐校官方核验后补充。,14,active
北京建筑大学,北京建筑大学,4111010016,北京市,北京市,未分类,本科,false,,,教育部全国普通高等学校名单记录：主管部门=北京市；办学层次=本科。官网与研究生院链接待逐校官方核验后补充。,15,active
北京石油化工学院,北京石油化工学院,4111010017,北京市,北京市,未分类,本科,false,,,教育部全国普通高等学校名单记录：主管部门=北京市；办学层次=本科。官网与研究生院链接待逐校官方核验后补充。,16,active
北京电子科技学院,北京电子科技学院,4111010018,北京市,北京市,未分类,本科,false,,,教育部全国普通高等学校名单记录：主管部门=中央办公厅；办学层次=本科。官网与研究生院链接待逐校官方核验后补充。,17,active
中国农业大学,中国农业大学,4111010019,北京市,北京市,未分类,本科,false,,,教育部全国普通高等学校名单记录：主管部门=教育部；办学层次=本科。官网与研究生院链接待逐校官方核验后补充。,18,active
北京农学院,北京农学院,4111010020,北京市,北京市,未分类,本科,false,,,教育部全国普通高等学校名单记录：主管部门=北京市；办学层次=本科。官网与研究生院链接待逐校官方核验后补充。,19,active
北京林业大学,北京林业大学,4111010022,北京市,北京市,未分类,本科,false,,,教育部全国普通高等学校名单记录：主管部门=教育部；办学层次=本科。官网与研究生院链接待逐校官方核验后补充。,20,active
北京协和医学院,北京协和医学院,4111010023,北京市,北京市,未分类,本科,false,,,教育部全国普通高等学校名单记录：主管部门=国家卫生健康委员会；办学层次=本科。官网与研究生院链接待逐校官方核验后补充。,21,active
首都医科大学,首都医科大学,4111010025,北京市,北京市,未分类,本科,false,,,教育部全国普通高等学校名单记录：主管部门=北京市；办学层次=本科。官网与研究生院链接待逐校官方核验后补充。,22,active
北京中医药大学,北京中医药大学,4111010026,北京市,北京市,未分类,本科,false,,,教育部全国普通高等学校名单记录：主管部门=教育部；办学层次=本科。官网与研究生院链接待逐校官方核验后补充。,23,active
北京师范大学,北京师范大学,4111010027,北京市,北京市,未分类,本科,false,,,教育部全国普通高等学校名单记录：主管部门=教育部；办学层次=本科。官网与研究生院链接待逐校官方核验后补充。,24,active
首都师范大学,首都师范大学,4111010028,北京市,北京市,未分类,本科,false,,,教育部全国普通高等学校名单记录：主管部门=北京市；办学层次=本科。官网与研究生院链接待逐校官方核验后补充。,25,active
首都体育学院,首都体育学院,4111010029,北京市,北京市,未分类,本科,false,,,教育部全国普通高等学校名单记录：主管部门=北京市；办学层次=本科。官网与研究生院链接待逐校官方核验后补充。,26,active
北京外国语大学,北京外国语大学,4111010030,北京市,北京市,未分类,本科,false,,,教育部全国普通高等学校名单记录：主管部门=教育部；办学层次=本科。官网与研究生院链接待逐校官方核验后补充。,27,active
北京第二外国语学院,北京第二外国语学院,4111010031,北京市,北京市,未分类,本科,false,,,教育部全国普通高等学校名单记录：主管部门=北京市；办学层次=本科。官网与研究生院链接待逐校官方核验后补充。,28,active
北京语言大学,北京语言大学,4111010032,北京市,北京市,未分类,本科,false,,,教育部全国普通高等学校名单记录：主管部门=教育部；办学层次=本科。官网与研究生院链接待逐校官方核验后补充。,29,active
中国传媒大学,中国传媒大学,4111010033,北京市,北京市,未分类,本科,false,,,教育部全国普通高等学校名单记录：主管部门=教育部；办学层次=本科。官网与研究生院链接待逐校官方核验后补充。,30,active
中央财经大学,中央财经大学,4111010034,北京市,北京市,未分类,本科,false,,,教育部全国普通高等学校名单记录：主管部门=教育部；办学层次=本科。官网与研究生院链接待逐校官方核验后补充。,31,active
对外经济贸易大学,对外经济贸易大学,4111010036,北京市,北京市,未分类,本科,false,,,教育部全国普通高等学校名单记录：主管部门=教育部；办学层次=本科。官网与研究生院链接待逐校官方核验后补充。,32,active
北京物资学院,北京物资学院,4111010037,北京市,北京市,未分类,本科,false,,,教育部全国普通高等学校名单记录：主管部门=北京市；办学层次=本科。官网与研究生院链接待逐校官方核验后补充。,33,active
首都经济贸易大学,首都经济贸易大学,4111010038,北京市,北京市,未分类,本科,false,,,教育部全国普通高等学校名单记录：主管部门=北京市；办学层次=本科。官网与研究生院链接待逐校官方核验后补充。,34,active
中国消防救援学院,中国消防救援学院,4111010039,北京市,北京市,未分类,本科,false,,,教育部全国普通高等学校名单记录：主管部门=应急管理部；办学层次=本科。官网与研究生院链接待逐校官方核验后补充。,35,active
外交学院,外交学院,4111010040,北京市,北京市,未分类,本科,false,,,教育部全国普通高等学校名单记录：主管部门=外交部；办学层次=本科。官网与研究生院链接待逐校官方核验后补充。,36,active
中国人民公安大学,中国人民公安大学,4111010041,北京市,北京市,未分类,本科,false,,,教育部全国普通高等学校名单记录：主管部门=公安部；办学层次=本科。官网与研究生院链接待逐校官方核验后补充。,37,active
国际关系学院,国际关系学院,4111010042,北京市,北京市,未分类,本科,false,,,教育部全国普通高等学校名单记录：主管部门=教育部；办学层次=本科。官网与研究生院链接待逐校官方核验后补充。,38,active
北京体育大学,北京体育大学,4111010043,北京市,北京市,未分类,本科,false,,,教育部全国普通高等学校名单记录：主管部门=国家体育总局；办学层次=本科。官网与研究生院链接待逐校官方核验后补充。,39,active
中央音乐学院,中央音乐学院,4111010045,北京市,北京市,未分类,本科,false,,,教育部全国普通高等学校名单记录：主管部门=教育部；办学层次=本科。官网与研究生院链接待逐校官方核验后补充。,40,active
中国音乐学院,中国音乐学院,4111010046,北京市,北京市,未分类,本科,false,,,教育部全国普通高等学校名单记录：主管部门=北京市；办学层次=本科。官网与研究生院链接待逐校官方核验后补充。,41,active
中央美术学院,中央美术学院,4111010047,北京市,北京市,未分类,本科,false,,,教育部全国普通高等学校名单记录：主管部门=教育部；办学层次=本科。官网与研究生院链接待逐校官方核验后补充。,42,active
中央戏剧学院,中央戏剧学院,4111010048,北京市,北京市,未分类,本科,false,,,教育部全国普通高等学校名单记录：主管部门=教育部；办学层次=本科。官网与研究生院链接待逐校官方核验后补充。,43,active
中国戏曲学院,中国戏曲学院,4111010049,北京市,北京市,未分类,本科,false,,,教育部全国普通高等学校名单记录：主管部门=北京市；办学层次=本科。官网与研究生院链接待逐校官方核验后补充。,44,active
北京电影学院,北京电影学院,4111010050,北京市,北京市,未分类,本科,false,,,教育部全国普通高等学校名单记录：主管部门=北京市；办学层次=本科。官网与研究生院链接待逐校官方核验后补充。,45,active
北京舞蹈学院,北京舞蹈学院,4111010051,北京市,北京市,未分类,本科,false,,,教育部全国普通高等学校名单记录：主管部门=北京市；办学层次=本科。官网与研究生院链接待逐校官方核验后补充。,46,active
中央民族大学,中央民族大学,4111010052,北京市,北京市,未分类,本科,false,,,教育部全国普通高等学校名单记录：主管部门=国家民委；办学层次=本科。官网与研究生院链接待逐校官方核验后补充。,47,active
中国政法大学,中国政法大学,4111010053,北京市,北京市,未分类,本科,false,,,教育部全国普通高等学校名单记录：主管部门=教育部；办学层次=本科。官网与研究生院链接待逐校官方核验后补充。,48,active
华北电力大学,华北电力大学,4111010054,北京市,北京市,未分类,本科,false,,,教育部全国普通高等学校名单记录：主管部门=教育部；办学层次=本科。官网与研究生院链接待逐校官方核验后补充。,49,active
中华女子学院,中华女子学院,4111011149,北京市,北京市,未分类,本科,false,,,教育部全国普通高等学校名单记录：主管部门=中华妇女联合会；办学层次=本科。官网与研究生院链接待逐校官方核验后补充。,50,active
北京信息科技大学,北京信息科技大学,4111011232,北京市,北京市,未分类,本科,false,,,教育部全国普通高等学校名单记录：主管部门=北京市；办学层次=本科。官网与研究生院链接待逐校官方核验后补充。,51,active
中国矿业大学（北京）,中国矿业大学（北京）,4111011413,北京市,北京市,未分类,本科,false,,,教育部全国普通高等学校名单记录：主管部门=教育部；办学层次=本科。官网与研究生院链接待逐校官方核验后补充。,52,active
中国石油大学（北京）,中国石油大学（北京）,4111011414,北京市,北京市,未分类,本科,false,,,教育部全国普通高等学校名单记录：主管部门=教育部；办学层次=本科。官网与研究生院链接待逐校官方核验后补充。,53,active
中国地质大学（北京）,中国地质大学（北京）,4111011415,北京市,北京市,未分类,本科,false,,,教育部全国普通高等学校名单记录：主管部门=教育部；办学层次=本科。官网与研究生院链接待逐校官方核验后补充。,54,active
北京联合大学,北京联合大学,4111011417,北京市,北京市,未分类,本科,false,,,教育部全国普通高等学校名单记录：主管部门=北京市；办学层次=本科。官网与研究生院链接待逐校官方核验后补充。,55,active
北京城市学院,北京城市学院,4111011418,北京市,北京市,未分类,本科,false,,,教育部全国普通高等学校名单记录：主管部门=北京市教委；办学层次=本科；备注=民办。官网与研究生院链接待逐校官方核验后补充。,56,active
中国青年政治学院,中国青年政治学院,4111011625,北京市,北京市,未分类,本科,false,,,教育部全国普通高等学校名单记录：主管部门=共青团中央；办学层次=本科。官网与研究生院链接待逐校官方核验后补充。,57,active
首钢工学院,首钢工学院,4111011831,北京市,北京市,未分类,本科,false,,,教育部全国普通高等学校名单记录：主管部门=北京市；办学层次=本科。官网与研究生院链接待逐校官方核验后补充。,58,active
中国劳动关系学院,中国劳动关系学院,4111012453,北京市,北京市,未分类,本科,false,,,教育部全国普通高等学校名单记录：主管部门=中华全国总工会；办学层次=本科。官网与研究生院链接待逐校官方核验后补充。,59,active
首都师范大学科德学院,首都师范大学科德学院,4111013629,北京市,北京市,未分类,本科,false,,,教育部全国普通高等学校名单记录：主管部门=北京市教委；办学层次=本科；备注=民办。官网与研究生院链接待逐校官方核验后补充。,60,active
北京金融科技学院,北京金融科技学院,4111013630,北京市,北京市,未分类,本科,false,,,教育部全国普通高等学校名单记录：主管部门=北京市教委；办学层次=本科；备注=民办。官网与研究生院链接待逐校官方核验后补充。,61,active
北京邮电大学世纪学院,北京邮电大学世纪学院,4111013901,北京市,北京市,未分类,本科,false,,,教育部全国普通高等学校名单记录：主管部门=北京市教委；办学层次=本科；备注=民办。官网与研究生院链接待逐校官方核验后补充。,62,active
北京工业大学耿丹学院,北京工业大学耿丹学院,4111013904,北京市,北京市,未分类,本科,false,,,教育部全国普通高等学校名单记录：主管部门=北京市教委；办学层次=本科；备注=民办。官网与研究生院链接待逐校官方核验后补充。,63,active
北京警察学院,北京警察学院,4111014019,北京市,北京市,未分类,本科,false,,,教育部全国普通高等学校名单记录：主管部门=北京市；办学层次=本科。官网与研究生院链接待逐校官方核验后补充。,64,active
北京第二外国语学院中瑞酒店管理学院,北京第二外国语学院中瑞酒店管理学院,4111014201,北京市,北京市,未分类,本科,false,,,教育部全国普通高等学校名单记录：主管部门=北京市教委；办学层次=本科；备注=民办。官网与研究生院链接待逐校官方核验后补充。,65,active
中国科学院大学,中国科学院大学,4111014430,北京市,北京市,未分类,本科,false,,,教育部全国普通高等学校名单记录：主管部门=中国科学院；办学层次=本科。官网与研究生院链接待逐校官方核验后补充。,66,active
中国社会科学院大学,中国社会科学院大学,4111014596,北京市,北京市,未分类,本科,false,,,教育部全国普通高等学校名单记录：主管部门=中国社会科学院；办学层次=本科。官网与研究生院链接待逐校官方核验后补充。,67,active
民政职业大学,民政职业大学,4111014139,北京市,北京市,未分类,本科,false,,,教育部全国普通高等学校名单记录：主管部门=民政部；办学层次=本科。官网与研究生院链接待逐校官方核验后补充。,68,active
北京科技职业大学,北京科技职业大学,4111010858,北京市,北京市,未分类,本科,false,,,教育部全国普通高等学校名单记录：主管部门=北京市；办学层次=本科。官网与研究生院链接待逐校官方核验后补充。,69,active
北京工业职业技术学院,北京工业职业技术学院,4111010853,北京市,北京市,未分类,专科,false,,,教育部全国普通高等学校名单记录：主管部门=北京市；办学层次=专科。官网与研究生院链接待逐校官方核验后补充。,70,active
北京信息职业技术学院,北京信息职业技术学院,4111010857,北京市,北京市,未分类,专科,false,,,教育部全国普通高等学校名单记录：主管部门=北京市；办学层次=专科。官网与研究生院链接待逐校官方核验后补充。,71,active
北京京北职业技术学院,北京京北职业技术学院,4111011090,北京市,北京市,未分类,专科,false,,,教育部全国普通高等学校名单记录：主管部门=北京市；办学层次=专科。官网与研究生院链接待逐校官方核验后补充。,72,active
北京交通职业技术学院,北京交通职业技术学院,4111011092,北京市,北京市,未分类,专科,false,,,教育部全国普通高等学校名单记录：主管部门=北京市；办学层次=专科。官网与研究生院链接待逐校官方核验后补充。,73,active
北京青年政治学院,北京青年政治学院,4111011626,北京市,北京市,未分类,专科,false,,,教育部全国普通高等学校名单记录：主管部门=北京市；办学层次=专科。官网与研究生院链接待逐校官方核验后补充。,74,active
北京农业职业学院,北京农业职业学院,4111012448,北京市,北京市,未分类,专科,false,,,教育部全国普通高等学校名单记录：主管部门=北京市；办学层次=专科。官网与研究生院链接待逐校官方核验后补充。,75,active
北京政法职业学院,北京政法职业学院,4111012451,北京市,北京市,未分类,专科,false,,,教育部全国普通高等学校名单记录：主管部门=北京市；办学层次=专科。官网与研究生院链接待逐校官方核验后补充。,76,active
北京财贸职业学院,北京财贸职业学院,4111012561,北京市,北京市,未分类,专科,false,,,教育部全国普通高等学校名单记录：主管部门=北京市；办学层次=专科。官网与研究生院链接待逐校官方核验后补充。,77,active
北京北大方正软件职业技术学院,北京北大方正软件职业技术学院,4111012564,北京市,北京市,未分类,专科,false,,,教育部全国普通高等学校名单记录：主管部门=北京市教委；办学层次=专科；备注=民办。官网与研究生院链接待逐校官方核验后补充。,78,active
北京经贸职业学院,北京经贸职业学院,4111012565,北京市,北京市,未分类,专科,false,,,教育部全国普通高等学校名单记录：主管部门=北京市教委；办学层次=专科；备注=民办。官网与研究生院链接待逐校官方核验后补充。,79,active
北京经济技术职业学院,北京经济技术职业学院,4111012566,北京市,北京市,未分类,专科,false,,,教育部全国普通高等学校名单记录：主管部门=北京市教委；办学层次=专科；备注=民办。官网与研究生院链接待逐校官方核验后补充。,80,active
北京戏曲艺术职业学院,北京戏曲艺术职业学院,4111012567,北京市,北京市,未分类,专科,false,,,教育部全国普通高等学校名单记录：主管部门=北京市；办学层次=专科。官网与研究生院链接待逐校官方核验后补充。,81,active
北京汇佳职业学院,北京汇佳职业学院,4111012568,北京市,北京市,未分类,专科,false,,,教育部全国普通高等学校名单记录：主管部门=北京市教委；办学层次=专科；备注=民办。官网与研究生院链接待逐校官方核验后补充。,82,active
北京科技经营管理学院,北京科技经营管理学院,4111012733,北京市,北京市,未分类,专科,false,,,教育部全国普通高等学校名单记录：主管部门=北京市教委；办学层次=专科；备注=民办。官网与研究生院链接待逐校官方核验后补充。,83,active
北京科技职业学院,北京科技职业学院,4111013703,北京市,北京市,未分类,专科,false,,,教育部全国普通高等学校名单记录：主管部门=北京市教委；办学层次=专科；备注=民办。官网与研究生院链接待逐校官方核验后补充。,84,active
北京培黎职业学院,北京培黎职业学院,4111013728,北京市,北京市,未分类,专科,false,,,教育部全国普通高等学校名单记录：主管部门=北京市教委；办学层次=专科；备注=民办。官网与研究生院链接待逐校官方核验后补充。,85,active
北京经济管理职业学院,北京经济管理职业学院,4111014073,北京市,北京市,未分类,专科,false,,,教育部全国普通高等学校名单记录：主管部门=北京市；办学层次=专科。官网与研究生院链接待逐校官方核验后补充。,86,active
北京劳动保障职业学院,北京劳动保障职业学院,4111014075,北京市,北京市,未分类,专科,false,,,教育部全国普通高等学校名单记录：主管部门=北京市；办学层次=专科。官网与研究生院链接待逐校官方核验后补充。,87,active
北京艺术传媒职业学院,北京艺术传媒职业学院,4111014140,北京市,北京市,未分类,专科,false,,,教育部全国普通高等学校名单记录：主管部门=北京市教委；办学层次=专科；备注=民办。官网与研究生院链接待逐校官方核验后补充。,88,active
北京体育职业学院,北京体育职业学院,4111014215,北京市,北京市,未分类,专科,false,,,教育部全国普通高等学校名单记录：主管部门=北京市；办学层次=专科。官网与研究生院链接待逐校官方核验后补充。,89,active
北京交通运输职业学院,北京交通运输职业学院,4111014279,北京市,北京市,未分类,专科,false,,,教育部全国普通高等学校名单记录：主管部门=北京市；办学层次=专科。官网与研究生院链接待逐校官方核验后补充。,90,active
北京卫生职业学院,北京卫生职业学院,4111014395,北京市,北京市,未分类,专科,false,,,教育部全国普通高等学校名单记录：主管部门=北京市；办学层次=专科。官网与研究生院链接待逐校官方核验后补充。,91,active
北京网络职业学院,北京网络职业学院,4111014588,北京市,北京市,未分类,专科,false,,,教育部全国普通高等学校名单记录：主管部门=北京市教委；办学层次=专科；备注=民办。官网与研究生院链接待逐校官方核验后补充。,92,active
南开大学,南开大学,4112010055,天津市,天津市,未分类,本科,false,,,教育部全国普通高等学校名单记录：主管部门=教育部；办学层次=本科。官网与研究生院链接待逐校官方核验后补充。,93,active
天津大学,天津大学,4112010056,天津市,天津市,未分类,本科,false,,,教育部全国普通高等学校名单记录：主管部门=教育部；办学层次=本科。官网与研究生院链接待逐校官方核验后补充。,94,active
天津科技大学,天津科技大学,4112010057,天津市,天津市,未分类,本科,false,,,教育部全国普通高等学校名单记录：主管部门=天津市；办学层次=本科。官网与研究生院链接待逐校官方核验后补充。,95,active
天津工业大学,天津工业大学,4112010058,天津市,天津市,未分类,本科,false,,,教育部全国普通高等学校名单记录：主管部门=天津市；办学层次=本科。官网与研究生院链接待逐校官方核验后补充。,96,active
中国民航大学,中国民航大学,4112010059,天津市,天津市,未分类,本科,false,,,教育部全国普通高等学校名单记录：主管部门=交通运输部（中国民用航空局）；办学层次=本科。官网与研究生院链接待逐校官方核验后补充。,97,active
天津理工大学,天津理工大学,4112010060,天津市,天津市,未分类,本科,false,,,教育部全国普通高等学校名单记录：主管部门=天津市；办学层次=本科。官网与研究生院链接待逐校官方核验后补充。,98,active
天津农学院,天津农学院,4112010061,天津市,天津市,未分类,本科,false,,,教育部全国普通高等学校名单记录：主管部门=天津市；办学层次=本科。官网与研究生院链接待逐校官方核验后补充。,99,active
天津医科大学,天津医科大学,4112010062,天津市,天津市,未分类,本科,false,,,教育部全国普通高等学校名单记录：主管部门=天津市；办学层次=本科。官网与研究生院链接待逐校官方核验后补充。,100,active
天津中医药大学,天津中医药大学,4112010063,天津市,天津市,未分类,本科,false,,,教育部全国普通高等学校名单记录：主管部门=天津市；办学层次=本科。官网与研究生院链接待逐校官方核验后补充。,101,active
天津师范大学,天津师范大学,4112010065,天津市,天津市,未分类,本科,false,,,教育部全国普通高等学校名单记录：主管部门=天津市；办学层次=本科。官网与研究生院链接待逐校官方核验后补充。,102,active
天津职业技术师范大学,天津职业技术师范大学,4112010066,天津市,天津市,未分类,本科,false,,,教育部全国普通高等学校名单记录：主管部门=天津市；办学层次=本科。官网与研究生院链接待逐校官方核验后补充。,103,active
天津外国语大学,天津外国语大学,4112010068,天津市,天津市,未分类,本科,false,,,教育部全国普通高等学校名单记录：主管部门=天津市；办学层次=本科。官网与研究生院链接待逐校官方核验后补充。,104,active
天津商业大学,天津商业大学,4112010069,天津市,天津市,未分类,本科,false,,,教育部全国普通高等学校名单记录：主管部门=天津市；办学层次=本科。官网与研究生院链接待逐校官方核验后补充。,105,active
天津财经大学,天津财经大学,4112010070,天津市,天津市,未分类,本科,false,,,教育部全国普通高等学校名单记录：主管部门=天津市；办学层次=本科。官网与研究生院链接待逐校官方核验后补充。,106,active
天津体育学院,天津体育学院,4112010071,天津市,天津市,未分类,本科,false,,,教育部全国普通高等学校名单记录：主管部门=天津市；办学层次=本科。官网与研究生院链接待逐校官方核验后补充。,107,active
天津音乐学院,天津音乐学院,4112010072,天津市,天津市,未分类,本科,false,,,教育部全国普通高等学校名单记录：主管部门=天津市；办学层次=本科。官网与研究生院链接待逐校官方核验后补充。,108,active
天津美术学院,天津美术学院,4112010073,天津市,天津市,未分类,本科,false,,,教育部全国普通高等学校名单记录：主管部门=天津市；办学层次=本科。官网与研究生院链接待逐校官方核验后补充。,109,active
天津城建大学,天津城建大学,4112010792,天津市,天津市,未分类,本科,false,,,教育部全国普通高等学校名单记录：主管部门=天津市；办学层次=本科。官网与研究生院链接待逐校官方核验后补充。,110,active
天津天狮学院,天津天狮学院,4112010859,天津市,天津市,未分类,本科,false,,,教育部全国普通高等学校名单记录：主管部门=天津市教委；办学层次=本科；备注=民办。官网与研究生院链接待逐校官方核验后补充。,111,active
天津中德应用技术大学,天津中德应用技术大学,4112012105,天津市,天津市,未分类,本科,false,,,教育部全国普通高等学校名单记录：主管部门=天津市；办学层次=本科。官网与研究生院链接待逐校官方核验后补充。,112,active
天津外国语大学滨海外事学院,天津外国语大学滨海外事学院,4112013658,天津市,天津市,未分类,本科,false,,,教育部全国普通高等学校名单记录：主管部门=天津市教委；办学层次=本科；备注=民办。官网与研究生院链接待逐校官方核验后补充。,113,active
天津传媒学院,天津传媒学院,4112013659,天津市,天津市,未分类,本科,false,,,教育部全国普通高等学校名单记录：主管部门=天津市教委；办学层次=本科；备注=民办。官网与研究生院链接待逐校官方核验后补充。,114,active
天津商业大学宝德学院,天津商业大学宝德学院,4112013660,天津市,天津市,未分类,本科,false,,,教育部全国普通高等学校名单记录：主管部门=天津市教委；办学层次=本科；备注=民办。官网与研究生院链接待逐校官方核验后补充。,115,active
天津医科大学临床医学院,天津医科大学临床医学院,4112013661,天津市,天津市,未分类,本科,false,,,教育部全国普通高等学校名单记录：主管部门=天津市教委；办学层次=本科；备注=民办。官网与研究生院链接待逐校官方核验后补充。,116,active
南开大学滨海学院,南开大学滨海学院,4112013663,天津市,天津市,未分类,本科,false,,,教育部全国普通高等学校名单记录：主管部门=天津市教委；办学层次=本科；备注=民办。官网与研究生院链接待逐校官方核验后补充。,117,active
天津师范大学津沽学院,天津师范大学津沽学院,4112013896,天津市,天津市,未分类,本科,false,,,教育部全国普通高等学校名单记录：主管部门=天津市教委；办学层次=本科；备注=民办。官网与研究生院链接待逐校官方核验后补充。,118,active
天津理工大学中环信息学院,天津理工大学中环信息学院,4112013897,天津市,天津市,未分类,本科,false,,,教育部全国普通高等学校名单记录：主管部门=天津市教委；办学层次=本科；备注=民办。官网与研究生院链接待逐校官方核验后补充。,119,active
北京科技大学天津学院,北京科技大学天津学院,4112013898,天津市,天津市,未分类,本科,false,,,教育部全国普通高等学校名单记录：主管部门=天津市教委；办学层次=本科；备注=民办。官网与研究生院链接待逐校官方核验后补充。,120,active
天津仁爱学院,天津仁爱学院,4112014038,天津市,天津市,未分类,本科,false,,,教育部全国普通高等学校名单记录：主管部门=天津市教委；办学层次=本科；备注=民办。官网与研究生院链接待逐校官方核验后补充。,121,active
天津财经大学珠江学院,天津财经大学珠江学院,4112014087,天津市,天津市,未分类,本科,false,,,教育部全国普通高等学校名单记录：主管部门=天津市教委；办学层次=本科；备注=民办。官网与研究生院链接待逐校官方核验后补充。,122,active
天津警察学院,天津警察学院,4112012723,天津市,天津市,未分类,本科,false,,,教育部全国普通高等学校名单记录：主管部门=天津市；办学层次=本科。官网与研究生院链接待逐校官方核验后补充。,123,active
天津市职业大学,天津市职业大学,4112011032,天津市,天津市,未分类,专科,false,,,教育部全国普通高等学校名单记录：主管部门=天津市；办学层次=专科。官网与研究生院链接待逐校官方核验后补充。,124,active
天津滨海职业学院,天津滨海职业学院,4112012484,天津市,天津市,未分类,专科,false,,,教育部全国普通高等学校名单记录：主管部门=天津市；办学层次=专科。官网与研究生院链接待逐校官方核验后补充。,125,active
天津工程职业技术学院,天津工程职业技术学院,4112012487,天津市,天津市,未分类,专科,false,,,教育部全国普通高等学校名单记录：主管部门=天津市；办学层次=专科。官网与研究生院链接待逐校官方核验后补充。,126,active
天津渤海职业技术学院,天津渤海职业技术学院,4112012719,天津市,天津市,未分类,专科,false,,,教育部全国普通高等学校名单记录：主管部门=天津市；办学层次=专科。官网与研究生院链接待逐校官方核验后补充。,127,active
天津电子信息职业技术学院,天津电子信息职业技术学院,4112012720,天津市,天津市,未分类,专科,false,,,教育部全国普通高等学校名单记录：主管部门=天津市；办学层次=专科。官网与研究生院链接待逐校官方核验后补充。,128,active
天津机电职业技术学院,天津机电职业技术学院,4112012721,天津市,天津市,未分类,专科,false,,,教育部全国普通高等学校名单记录：主管部门=天津市；办学层次=专科。官网与研究生院链接待逐校官方核验后补充。,129,active
天津现代职业技术学院,天津现代职业技术学院,4112012722,天津市,天津市,未分类,专科,false,,,教育部全国普通高等学校名单记录：主管部门=天津市；办学层次=专科。官网与研究生院链接待逐校官方核验后补充。,130,active
天津轻工职业技术学院,天津轻工职业技术学院,4112012732,天津市,天津市,未分类,专科,false,,,教育部全国普通高等学校名单记录：主管部门=天津市；办学层次=专科。官网与研究生院链接待逐校官方核验后补充。,131,active
天津商务职业学院,天津商务职业学院,4112012788,天津市,天津市,未分类,专科,false,,,教育部全国普通高等学校名单记录：主管部门=天津市；办学层次=专科。官网与研究生院链接待逐校官方核验后补充。,132,active
天津国土资源和房屋职业学院,天津国土资源和房屋职业学院,4112012803,天津市,天津市,未分类,专科,false,,,教育部全国普通高等学校名单记录：主管部门=天津市；办学层次=专科。官网与研究生院链接待逐校官方核验后补充。,133,active
天津医学高等专科学校,天津医学高等专科学校,4112012880,天津市,天津市,未分类,专科,false,,,教育部全国普通高等学校名单记录：主管部门=天津市；办学层次=专科。官网与研究生院链接待逐校官方核验后补充。,134,active
天津开发区职业技术学院,天津开发区职业技术学院,4112012881,天津市,天津市,未分类,专科,false,,,教育部全国普通高等学校名单记录：主管部门=天津市；办学层次=专科。官网与研究生院链接待逐校官方核验后补充。,135,active
天津艺术职业学院,天津艺术职业学院,4112012882,天津市,天津市,未分类,专科,false,,,教育部全国普通高等学校名单记录：主管部门=天津市；办学层次=专科。官网与研究生院链接待逐校官方核验后补充。,136,active
天津交通职业学院,天津交通职业学院,4112012883,天津市,天津市,未分类,专科,false,,,教育部全国普通高等学校名单记录：主管部门=天津市；办学层次=专科。官网与研究生院链接待逐校官方核验后补充。,137,active
天津工业职业学院,天津工业职业学院,4112013700,天津市,天津市,未分类,专科,false,,,教育部全国普通高等学校名单记录：主管部门=天津市；办学层次=专科。官网与研究生院链接待逐校官方核验后补充。,138,active
天津石油职业技术学院,天津石油职业技术学院,4112013701,天津市,天津市,未分类,专科,false,,,教育部全国普通高等学校名单记录：主管部门=天津市；办学层次=专科。官网与研究生院链接待逐校官方核验后补充。,139,active
天津城市职业学院,天津城市职业学院,4112013702,天津市,天津市,未分类,专科,false,,,教育部全国普通高等学校名单记录：主管部门=天津市；办学层次=专科。官网与研究生院链接待逐校官方核验后补充。,140,active
天津铁道职业技术学院,天津铁道职业技术学院,4112013863,天津市,天津市,未分类,专科,false,,,教育部全国普通高等学校名单记录：主管部门=天津市；办学层次=专科。官网与研究生院链接待逐校官方核验后补充。,141,active
天津工艺美术职业学院,天津工艺美术职业学院,4112013911,天津市,天津市,未分类,专科,false,,,教育部全国普通高等学校名单记录：主管部门=天津市；办学层次=专科。官网与研究生院链接待逐校官方核验后补充。,142,active
天津城市建设管理职业技术学院,天津城市建设管理职业技术学院,4112014020,天津市,天津市,未分类,专科,false,,,教育部全国普通高等学校名单记录：主管部门=天津市；办学层次=专科。官网与研究生院链接待逐校官方核验后补充。,143,active
天津生物工程职业技术学院,天津生物工程职业技术学院,4112014021,天津市,天津市,未分类,专科,false,,,教育部全国普通高等学校名单记录：主管部门=天津市；办学层次=专科。官网与研究生院链接待逐校官方核验后补充。,144,active
天津海运职业学院,天津海运职业学院,4112014022,天津市,天津市,未分类,专科,false,,,教育部全国普通高等学校名单记录：主管部门=天津市；办学层次=专科。官网与研究生院链接待逐校官方核验后补充。,145,active
天津广播影视职业学院,天津广播影视职业学院,4112014102,天津市,天津市,未分类,专科,false,,,教育部全国普通高等学校名单记录：主管部门=天津市；办学层次=专科。官网与研究生院链接待逐校官方核验后补充。,146,active
天津体育职业学院,天津体育职业学院,4112014599,天津市,天津市,未分类,专科,false,,,教育部全国普通高等学校名单记录：主管部门=天津市；办学层次=专科。官网与研究生院链接待逐校官方核验后补充。,147,active
天津滨海汽车工程职业学院,天津滨海汽车工程职业学院,4112014600,天津市,天津市,未分类,专科,false,,,教育部全国普通高等学校名单记录：主管部门=天津市教委；办学层次=专科；备注=民办。官网与研究生院链接待逐校官方核验后补充。,148,active
河北大学,河北大学,4113010075,河北省,保定市,未分类,本科,false,,,教育部全国普通高等学校名单记录：主管部门=河北省；办学层次=本科。官网与研究生院链接待逐校官方核验后补充。,149,active
河北工程大学,河北工程大学,4113010076,河北省,邯郸市,未分类,本科,false,,,教育部全国普通高等学校名单记录：主管部门=河北省；办学层次=本科。官网与研究生院链接待逐校官方核验后补充。,150,active
河北地质大学,河北地质大学,4113010077,河北省,石家庄市,未分类,本科,false,,,教育部全国普通高等学校名单记录：主管部门=河北省；办学层次=本科。官网与研究生院链接待逐校官方核验后补充。,151,active
河北工业大学,河北工业大学,4113010080,河北省,天津市,未分类,本科,false,,,教育部全国普通高等学校名单记录：主管部门=河北省；办学层次=本科。官网与研究生院链接待逐校官方核验后补充。,152,active
华北理工大学,华北理工大学,4113010081,河北省,唐山市,未分类,本科,false,,,教育部全国普通高等学校名单记录：主管部门=河北省；办学层次=本科。官网与研究生院链接待逐校官方核验后补充。,153,active
河北科技大学,河北科技大学,4113010082,河北省,石家庄市,未分类,本科,false,,,教育部全国普通高等学校名单记录：主管部门=河北省；办学层次=本科。官网与研究生院链接待逐校官方核验后补充。,154,active
河北建筑工程学院,河北建筑工程学院,4113010084,河北省,张家口市,未分类,本科,false,,,教育部全国普通高等学校名单记录：主管部门=河北省；办学层次=本科。官网与研究生院链接待逐校官方核验后补充。,155,active
河北水利电力学院,河北水利电力学院,4113010085,河北省,沧州市,未分类,本科,false,,,教育部全国普通高等学校名单记录：主管部门=河北省；办学层次=本科。官网与研究生院链接待逐校官方核验后补充。,156,active
河北农业大学,河北农业大学,4113010086,河北省,保定市,未分类,本科,false,,,教育部全国普通高等学校名单记录：主管部门=河北省；办学层次=本科。官网与研究生院链接待逐校官方核验后补充。,157,active
河北医科大学,河北医科大学,4113010089,河北省,石家庄市,未分类,本科,false,,,教育部全国普通高等学校名单记录：主管部门=河北省；办学层次=本科。官网与研究生院链接待逐校官方核验后补充。,158,active
河北北方学院,河北北方学院,4113010092,河北省,张家口市,未分类,本科,false,,,教育部全国普通高等学校名单记录：主管部门=河北省；办学层次=本科。官网与研究生院链接待逐校官方核验后补充。,159,active
承德医学院,承德医学院,4113010093,河北省,承德市,未分类,本科,false,,,教育部全国普通高等学校名单记录：主管部门=河北省；办学层次=本科。官网与研究生院链接待逐校官方核验后补充。,160,active
河北师范大学,河北师范大学,4113010094,河北省,石家庄市,未分类,本科,false,,,教育部全国普通高等学校名单记录：主管部门=河北省；办学层次=本科。官网与研究生院链接待逐校官方核验后补充。,161,active
保定学院,保定学院,4113010096,河北省,保定市,未分类,本科,false,,,教育部全国普通高等学校名单记录：主管部门=河北省；办学层次=本科。官网与研究生院链接待逐校官方核验后补充。,162,active
河北民族师范学院,河北民族师范学院,4113010098,河北省,承德市,未分类,本科,false,,,教育部全国普通高等学校名单记录：主管部门=河北省；办学层次=本科。官网与研究生院链接待逐校官方核验后补充。,163,active
唐山师范学院,唐山师范学院,4113010099,河北省,唐山市,未分类,本科,false,,,教育部全国普通高等学校名单记录：主管部门=河北省；办学层次=本科。官网与研究生院链接待逐校官方核验后补充。,164,active
廊坊师范学院,廊坊师范学院,4113010100,河北省,廊坊市,未分类,本科,false,,,教育部全国普通高等学校名单记录：主管部门=河北省；办学层次=本科。官网与研究生院链接待逐校官方核验后补充。,165,active
衡水学院,衡水学院,4113010101,河北省,衡水市,未分类,本科,false,,,教育部全国普通高等学校名单记录：主管部门=河北省；办学层次=本科。官网与研究生院链接待逐校官方核验后补充。,166,active
石家庄学院,石家庄学院,4113010102,河北省,石家庄市,未分类,本科,false,,,教育部全国普通高等学校名单记录：主管部门=河北省；办学层次=本科。官网与研究生院链接待逐校官方核验后补充。,167,active
邯郸学院,邯郸学院,4113010103,河北省,邯郸市,未分类,本科,false,,,教育部全国普通高等学校名单记录：主管部门=河北省；办学层次=本科。官网与研究生院链接待逐校官方核验后补充。,168,active
邢台学院,邢台学院,4113010104,河北省,邢台市,未分类,本科,false,,,教育部全国普通高等学校名单记录：主管部门=河北省；办学层次=本科。官网与研究生院链接待逐校官方核验后补充。,169,active
沧州师范学院,沧州师范学院,4113010105,河北省,沧州市,未分类,本科,false,,,教育部全国普通高等学校名单记录：主管部门=河北省；办学层次=本科。官网与研究生院链接待逐校官方核验后补充。,170,active
石家庄铁道大学,石家庄铁道大学,4113010107,河北省,石家庄市,未分类,本科,false,,,教育部全国普通高等学校名单记录：主管部门=河北省；办学层次=本科。官网与研究生院链接待逐校官方核验后补充。,171,active
燕山大学,燕山大学,4113010216,河北省,秦皇岛市,未分类,本科,false,,,教育部全国普通高等学校名单记录：主管部门=河北省；办学层次=本科。官网与研究生院链接待逐校官方核验后补充。,172,active
河北科技师范学院,河北科技师范学院,4113010798,河北省,秦皇岛市,未分类,本科,false,,,教育部全国普通高等学校名单记录：主管部门=河北省；办学层次=本科。官网与研究生院链接待逐校官方核验后补充。,173,active
唐山学院,唐山学院,4113011033,河北省,唐山市,未分类,本科,false,,,教育部全国普通高等学校名单记录：主管部门=河北省；办学层次=本科。官网与研究生院链接待逐校官方核验后补充。,174,active
华北科技学院,华北科技学院,4113011104,河北省,廊坊市,未分类,本科,false,,,教育部全国普通高等学校名单记录：主管部门=应急管理部；办学层次=本科。官网与研究生院链接待逐校官方核验后补充。,175,active
中国人民警察大学,中国人民警察大学,4113011105,河北省,廊坊市,未分类,本科,false,,,教育部全国普通高等学校名单记录：主管部门=公安部；办学层次=本科。官网与研究生院链接待逐校官方核验后补充。,176,active
河北体育学院,河北体育学院,4113011236,河北省,石家庄市,未分类,本科,false,,,教育部全国普通高等学校名单记录：主管部门=河北省；办学层次=本科。官网与研究生院链接待逐校官方核验后补充。,177,active
河北金融学院,河北金融学院,4113011420,河北省,保定市,未分类,本科,false,,,教育部全国普通高等学校名单记录：主管部门=河北省；办学层次=本科。官网与研究生院链接待逐校官方核验后补充。,178,active
北华航天工业学院,北华航天工业学院,4113011629,河北省,廊坊市,未分类,本科,false,,,教育部全国普通高等学校名单记录：主管部门=河北省；办学层次=本科。官网与研究生院链接待逐校官方核验后补充。,179,active
防灾科技学院,防灾科技学院,4113011775,河北省,廊坊市,未分类,本科,false,,,教育部全国普通高等学校名单记录：主管部门=中国地震局；办学层次=本科。官网与研究生院链接待逐校官方核验后补充。,180,active
河北经贸大学,河北经贸大学,4113011832,河北省,石家庄市,未分类,本科,false,,,教育部全国普通高等学校名单记录：主管部门=河北省；办学层次=本科。官网与研究生院链接待逐校官方核验后补充。,181,active
中央司法警官学院,中央司法警官学院,4113011903,河北省,保定市,未分类,本科,false,,,教育部全国普通高等学校名单记录：主管部门=司法部；办学层次=本科。官网与研究生院链接待逐校官方核验后补充。,182,active
河北传媒学院,河北传媒学院,4113012784,河北省,石家庄市,未分类,本科,false,,,教育部全国普通高等学校名单记录：主管部门=河北省教育厅；办学层次=本科；备注=民办。官网与研究生院链接待逐校官方核验后补充。,183,active
河北工程技术学院,河北工程技术学院,4113012796,河北省,石家庄市,未分类,本科,false,,,教育部全国普通高等学校名单记录：主管部门=河北省教育厅；办学层次=本科；备注=民办。官网与研究生院链接待逐校官方核验后补充。,184,active
河北美术学院,河北美术学院,4113013075,河北省,石家庄市,未分类,本科,false,,,教育部全国普通高等学校名单记录：主管部门=河北省教育厅；办学层次=本科；备注=民办。官网与研究生院链接待逐校官方核验后补充。,185,active
河北科技学院,河北科技学院,4113013391,河北省,保定市,未分类,本科,false,,,教育部全国普通高等学校名单记录：主管部门=河北省教育厅；办学层次=本科；备注=民办。官网与研究生院链接待逐校官方核验后补充。,186,active
河北外国语学院,河北外国语学院,4113013402,河北省,石家庄市,未分类,本科,false,,,教育部全国普通高等学校名单记录：主管部门=河北省教育厅；办学层次=本科；备注=民办。官网与研究生院链接待逐校官方核验后补充。,187,active
河北大学工商学院,河北大学工商学院,4113013404,河北省,保定市,未分类,本科,false,,,教育部全国普通高等学校名单记录：主管部门=河北省教育厅；办学层次=本科；备注=民办。官网与研究生院链接待逐校官方核验后补充。,188,active
华北理工大学轻工学院,华北理工大学轻工学院,4113013408,河北省,唐山市,未分类,本科,false,,,教育部全国普通高等学校名单记录：主管部门=河北省教育厅；办学层次=本科；备注=民办。官网与研究生院链接待逐校官方核验后补充。,189,active
河北工业职业技术大学,河北工业职业技术大学,4113016204,河北省,石家庄市,未分类,本科,false,,,教育部全国普通高等学校名单记录：主管部门=河北省；办学层次=本科。官网与研究生院链接待逐校官方核验后补充。,190,active
河北师范大学汇华学院,河北师范大学汇华学院,4113013411,河北省,石家庄市,未分类,本科,false,,,教育部全国普通高等学校名单记录：主管部门=河北省教育厅；办学层次=本科；备注=民办。官网与研究生院链接待逐校官方核验后补充。,191,active
河北经贸大学经济管理学院,河北经贸大学经济管理学院,4113013414,河北省,石家庄市,未分类,本科,false,,,教育部全国普通高等学校名单记录：主管部门=河北省教育厅；办学层次=本科；备注=民办。官网与研究生院链接待逐校官方核验后补充。,192,active
河北医科大学临床学院,河北医科大学临床学院,4113013415,河北省,石家庄市,未分类,本科,false,,,教育部全国普通高等学校名单记录：主管部门=河北省教育厅；办学层次=本科；备注=民办。官网与研究生院链接待逐校官方核验后补充。,193,active
河北科技工程职业技术大学,河北科技工程职业技术大学,4113016203,河北省,邢台市,未分类,本科,false,,,教育部全国普通高等学校名单记录：主管部门=河北省；办学层次=本科。官网与研究生院链接待逐校官方核验后补充。,194,active
河北工程大学科信学院,河北工程大学科信学院,4113013578,河北省,邯郸市,未分类,本科,false,,,教育部全国普通高等学校名单记录：主管部门=河北省教育厅；办学层次=本科；备注=民办。官网与研究生院链接待逐校官方核验后补充。,195,active
河北石油职业技术大学,河北石油职业技术大学,4113016202,河北省,承德市,未分类,本科,false,,,教育部全国普通高等学校名单记录：主管部门=河北省；办学层次=本科。官网与研究生院链接待逐校官方核验后补充。,196,active
燕山大学里仁学院,燕山大学里仁学院,4113013592,河北省,秦皇岛市,未分类,本科,false,,,教育部全国普通高等学校名单记录：主管部门=河北省教育厅；办学层次=本科；备注=民办。官网与研究生院链接待逐校官方核验后补充。,197,active
石家庄铁道大学四方学院,石家庄铁道大学四方学院,4113013593,河北省,石家庄市,未分类,本科,false,,,教育部全国普通高等学校名单记录：主管部门=河北省教育厅；办学层次=本科；备注=民办。官网与研究生院链接待逐校官方核验后补充。,198,active
河北地质大学华信学院,河北地质大学华信学院,4113013594,河北省,石家庄市,未分类,本科,false,,,教育部全国普通高等学校名单记录：主管部门=河北省教育厅；办学层次=本科；备注=民办。官网与研究生院链接待逐校官方核验后补充。,199,active
河北农业大学现代科技学院,河北农业大学现代科技学院,4113013595,河北省,保定市,未分类,本科,false,,,教育部全国普通高等学校名单记录：主管部门=河北省教育厅；办学层次=本科；备注=民办。官网与研究生院链接待逐校官方核验后补充。,200,active
华北理工大学冀唐学院,华北理工大学冀唐学院,4113013596,河北省,唐山市,未分类,本科,false,,,教育部全国普通高等学校名单记录：主管部门=河北省教育厅；办学层次=本科；备注=民办。官网与研究生院链接待逐校官方核验后补充。,201,active
保定理工学院,保定理工学院,4113013891,河北省,保定市,未分类,本科,false,,,教育部全国普通高等学校名单记录：主管部门=河北省教育厅；办学层次=本科；备注=民办。官网与研究生院链接待逐校官方核验后补充。,202,active
燕京理工学院,燕京理工学院,4113013895,河北省,廊坊市,未分类,本科,false,,,教育部全国普通高等学校名单记录：主管部门=河北省教育厅；办学层次=本科；备注=民办。官网与研究生院链接待逐校官方核验后补充。,203,active
北京中医药大学东方学院,北京中医药大学东方学院,4113013899,河北省,廊坊市,未分类,本科,false,,,教育部全国普通高等学校名单记录：主管部门=河北省教育厅；办学层次=本科；备注=民办。官网与研究生院链接待逐校官方核验后补充。,204,active
沧州交通学院,沧州交通学院,4113014202,河北省,沧州市,未分类,本科,false,,,教育部全国普通高等学校名单记录：主管部门=河北省教育厅；办学层次=本科；备注=民办。官网与研究生院链接待逐校官方核验后补充。,205,active
河北东方学院,河北东方学院,4113014225,河北省,廊坊市,未分类,本科,false,,,教育部全国普通高等学校名单记录：主管部门=河北省教育厅；办学层次=本科；备注=民办。官网与研究生院链接待逐校官方核验后补充。,206,active
河北中医药大学,河北中医药大学,4113014432,河北省,石家庄市,未分类,本科,false,,,教育部全国普通高等学校名单记录：主管部门=河北省；办学层次=本科。官网与研究生院链接待逐校官方核验后补充。,207,active
张家口学院,张家口学院,4113014458,河北省,张家口市,未分类,本科,false,,,教育部全国普通高等学校名单记录：主管部门=河北省；办学层次=本科。官网与研究生院链接待逐校官方核验后补充。,208,active
河北环境工程学院,河北环境工程学院,4213051721,河北省,秦皇岛市,未分类,本科,false,,,教育部全国普通高等学校名单记录：主管部门=河北省；办学层次=本科。官网与研究生院链接待逐校官方核验后补充。,209,active
唐山工业职业技术大学,唐山工业职业技术大学,4113012787,河北省,唐山市,未分类,本科,false,,,教育部全国普通高等学校名单记录：主管部门=河北省；办学层次=本科。官网与研究生院链接待逐校官方核验后补充。,210,active
邢台医学院,邢台医学院,4113012884,河北省,邢台市,未分类,本科,false,,,教育部全国普通高等学校名单记录：主管部门=河北省；办学层次=本科。官网与研究生院链接待逐校官方核验后补充。,211,active
邯郸职业技术学院,邯郸职业技术学院,4113011034,河北省,邯郸市,未分类,专科,false,,,教育部全国普通高等学校名单记录：主管部门=河北省；办学层次=专科。官网与研究生院链接待逐校官方核验后补充。,212,active
石家庄职业技术学院,石家庄职业技术学院,4113011238,河北省,石家庄市,未分类,专科,false,,,教育部全国普通高等学校名单记录：主管部门=河北省；办学层次=专科。官网与研究生院链接待逐校官方核验后补充。,213,active
张家口职业技术学院,张家口职业技术学院,4113011423,河北省,张家口市,未分类,专科,false,,,教育部全国普通高等学校名单记录：主管部门=河北省；办学层次=专科。官网与研究生院链接待逐校官方核验后补充。,214,active
河北软件职业技术学院,河北软件职业技术学院,4113012352,河北省,保定市,未分类,专科,false,,,教育部全国普通高等学校名单记录：主管部门=河北省；办学层次=专科。官网与研究生院链接待逐校官方核验后补充。,215,active
河北石油职业技术学院,河北石油职业技术学院,4113012367,河北省,廊坊市,未分类,专科,false,,,教育部全国普通高等学校名单记录：主管部门=河北省；办学层次=专科。官网与研究生院链接待逐校官方核验后补充。,216,active
河北建材职业技术学院,河北建材职业技术学院,4113012389,河北省,秦皇岛市,未分类,专科,false,,,教育部全国普通高等学校名单记录：主管部门=河北省；办学层次=专科。官网与研究生院链接待逐校官方核验后补充。,217,active
河北政法职业学院,河北政法职业学院,4113012408,河北省,石家庄市,未分类,专科,false,,,教育部全国普通高等学校名单记录：主管部门=河北省；办学层次=专科。官网与研究生院链接待逐校官方核验后补充。,218,active
沧州职业技术学院,沧州职业技术学院,4113012415,河北省,沧州市,未分类,专科,false,,,教育部全国普通高等学校名单记录：主管部门=河北省；办学层次=专科。官网与研究生院链接待逐校官方核验后补充。,219,active
河北能源职业技术学院,河北能源职业技术学院,4113012418,河北省,唐山市,未分类,专科,false,,,教育部全国普通高等学校名单记录：主管部门=河北省；办学层次=专科。官网与研究生院链接待逐校官方核验后补充。,220,active
石家庄铁路职业技术学院,石家庄铁路职业技术学院,4113012424,河北省,石家庄市,未分类,专科,false,,,教育部全国普通高等学校名单记录：主管部门=河北省；办学层次=专科。官网与研究生院链接待逐校官方核验后补充。,221,active
保定职业技术学院,保定职业技术学院,4113012543,河北省,保定市,未分类,专科,false,,,教育部全国普通高等学校名单记录：主管部门=河北省；办学层次=专科。官网与研究生院链接待逐校官方核验后补充。,222,active
秦皇岛职业技术学院,秦皇岛职业技术学院,4113012773,河北省,秦皇岛市,未分类,专科,false,,,教育部全国普通高等学校名单记录：主管部门=河北省；办学层次=专科。官网与研究生院链接待逐校官方核验后补充。,223,active
石家庄工程职业学院,石家庄工程职业学院,4113012782,河北省,石家庄市,未分类,专科,false,,,教育部全国普通高等学校名单记录：主管部门=河北省教育厅；办学层次=专科；备注=民办。官网与研究生院链接待逐校官方核验后补充。,224,active
石家庄城市经济职业学院,石家庄城市经济职业学院,4113012783,河北省,石家庄市,未分类,专科,false,,,教育部全国普通高等学校名单记录：主管部门=河北省教育厅；办学层次=专科；备注=民办。官网与研究生院链接待逐校官方核验后补充。,225,active
唐山职业技术学院,唐山职业技术学院,4113012785,河北省,唐山市,未分类,专科,false,,,教育部全国普通高等学校名单记录：主管部门=河北省；办学层次=专科。官网与研究生院链接待逐校官方核验后补充。,226,active
衡水职业技术学院,衡水职业技术学院,4113012786,河北省,衡水市,未分类,专科,false,,,教育部全国普通高等学校名单记录：主管部门=河北省；办学层次=专科。官网与研究生院链接待逐校官方核验后补充。,227,active
河北艺术职业学院,河北艺术职业学院,4113012885,河北省,石家庄市,未分类,专科,false,,,教育部全国普通高等学校名单记录：主管部门=河北省；办学层次=专科。官网与研究生院链接待逐校官方核验后补充。,228,active
河北旅游职业学院,河北旅游职业学院,4113012887,河北省,承德市,未分类,专科,false,,,教育部全国普通高等学校名单记录：主管部门=河北省；办学层次=专科。官网与研究生院链接待逐校官方核验后补充。,229,active
石家庄财经职业学院,石家庄财经职业学院,4113013070,河北省,石家庄市,未分类,专科,false,,,教育部全国普通高等学校名单记录：主管部门=河北省教育厅；办学层次=专科；备注=民办。官网与研究生院链接待逐校官方核验后补充。,230,active
河北交通职业技术学院,河北交通职业技术学院,4113013071,河北省,石家庄市,未分类,专科,false,,,教育部全国普通高等学校名单记录：主管部门=河北省；办学层次=专科。官网与研究生院链接待逐校官方核验后补充。,231,active
河北化工医药职业技术学院,河北化工医药职业技术学院,4113013072,河北省,石家庄市,未分类,专科,false,,,教育部全国普通高等学校名单记录：主管部门=河北省；办学层次=专科。官网与研究生院链接待逐校官方核验后补充。,232,active
石家庄信息工程职业学院,石家庄信息工程职业学院,4113013073,河北省,石家庄市,未分类,专科,false,,,教育部全国普通高等学校名单记录：主管部门=河北省；办学层次=专科。官网与研究生院链接待逐校官方核验后补充。,233,active
河北对外经贸职业学院,河北对外经贸职业学院,4113013074,河北省,秦皇岛市,未分类,专科,false,,,教育部全国普通高等学校名单记录：主管部门=河北省；办学层次=专科。官网与研究生院链接待逐校官方核验后补充。,234,active
保定电力职业技术学院,保定电力职业技术学院,4113013392,河北省,保定市,未分类,专科,false,,,教育部全国普通高等学校名单记录：主管部门=河北省；办学层次=专科。官网与研究生院链接待逐校官方核验后补充。,235,active
河北机电职业技术学院,河北机电职业技术学院,4113013393,河北省,邢台市,未分类,专科,false,,,教育部全国普通高等学校名单记录：主管部门=河北省；办学层次=专科。官网与研究生院链接待逐校官方核验后补充。,236,active
渤海石油职业学院,渤海石油职业学院,4113013394,河北省,沧州市,未分类,专科,false,,,教育部全国普通高等学校名单记录：主管部门=河北省；办学层次=专科。官网与研究生院链接待逐校官方核验后补充。,237,active
廊坊职业技术学院,廊坊职业技术学院,4113013395,河北省,廊坊市,未分类,专科,false,,,教育部全国普通高等学校名单记录：主管部门=河北省；办学层次=专科。官网与研究生院链接待逐校官方核验后补充。,238,active
唐山科技职业技术学院,唐山科技职业技术学院,4113013396,河北省,唐山市,未分类,专科,false,,,教育部全国普通高等学校名单记录：主管部门=河北省；办学层次=专科。官网与研究生院链接待逐校官方核验后补充。,239,active
石家庄邮电职业技术学院,石家庄邮电职业技术学院,4113013397,河北省,石家庄市,未分类,专科,false,,,教育部全国普通高等学校名单记录：主管部门=河北省；办学层次=专科。官网与研究生院链接待逐校官方核验后补充。,240,active
河北公安警察职业学院,河北公安警察职业学院,4113013398,河北省,石家庄市,未分类,专科,false,,,教育部全国普通高等学校名单记录：主管部门=河北省；办学层次=专科。官网与研究生院链接待逐校官方核验后补充。,241,active
石家庄工商职业学院,石家庄工商职业学院,4113013399,河北省,石家庄市,未分类,专科,false,,,教育部全国普通高等学校名单记录：主管部门=河北省教育厅；办学层次=专科；备注=民办。官网与研究生院链接待逐校官方核验后补充。,242,active
石家庄理工职业学院,石家庄理工职业学院,4113013400,河北省,石家庄市,未分类,专科,false,,,教育部全国普通高等学校名单记录：主管部门=河北省教育厅；办学层次=专科；备注=民办。官网与研究生院链接待逐校官方核验后补充。,243,active
石家庄科技信息职业学院,石家庄科技信息职业学院,4113013403,河北省,石家庄市,未分类,专科,false,,,教育部全国普通高等学校名单记录：主管部门=河北省教育厅；办学层次=专科；备注=民办。官网与研究生院链接待逐校官方核验后补充。,244,active
河北司法警官职业学院,河北司法警官职业学院,4113013690,河北省,邯郸市,未分类,专科,false,,,教育部全国普通高等学校名单记录：主管部门=河北省；办学层次=专科。官网与研究生院链接待逐校官方核验后补充。,245,active
沧州医学高等专科学校,沧州医学高等专科学校,4113013779,河北省,沧州市,未分类,专科,false,,,教育部全国普通高等学校名单记录：主管部门=河北省；办学层次=专科。官网与研究生院链接待逐校官方核验后补充。,246,active
河北女子职业技术学院,河北女子职业技术学院,4113013822,河北省,石家庄市,未分类,专科,false,,,教育部全国普通高等学校名单记录：主管部门=河北省；办学层次=专科。官网与研究生院链接待逐校官方核验后补充。,247,active
石家庄医学高等专科学校,石家庄医学高等专科学校,4113014018,河北省,石家庄市,未分类,专科,false,,,教育部全国普通高等学校名单记录：主管部门=河北省教育厅；办学层次=专科；备注=民办。官网与研究生院链接待逐校官方核验后补充。,248,active
石家庄经济职业学院,石家庄经济职业学院,4113014047,河北省,石家庄市,未分类,专科,false,,,教育部全国普通高等学校名单记录：主管部门=河北省教育厅；办学层次=专科；备注=民办。官网与研究生院链接待逐校官方核验后补充。,249,active
冀中职业学院,冀中职业学院,4113014103,河北省,保定市,未分类,专科,false,,,教育部全国普通高等学校名单记录：主管部门=河北省；办学层次=专科。官网与研究生院链接待逐校官方核验后补充。,250,active
石家庄人民医学高等专科学校,石家庄人民医学高等专科学校,4113014158,河北省,石家庄市,未分类,专科,false,,,教育部全国普通高等学校名单记录：主管部门=河北省教育厅；办学层次=专科；备注=民办。官网与研究生院链接待逐校官方核验后补充。,251,active
河北正定师范高等专科学校,河北正定师范高等专科学校,4113014185,河北省,石家庄市,未分类,专科,false,,,教育部全国普通高等学校名单记录：主管部门=河北省；办学层次=专科。官网与研究生院链接待逐校官方核验后补充。,252,active
河北劳动关系职业学院,河北劳动关系职业学院,4113014208,河北省,石家庄市,未分类,专科,false,,,教育部全国普通高等学校名单记录：主管部门=河北省；办学层次=专科。官网与研究生院链接待逐校官方核验后补充。,253,active
石家庄科技职业学院,石家庄科技职业学院,4113014213,河北省,石家庄市,未分类,专科,false,,,教育部全国普通高等学校名单记录：主管部门=河北省教育厅；办学层次=专科；备注=民办。官网与研究生院链接待逐校官方核验后补充。,254,active
沧州幼儿师范高等专科学校,沧州幼儿师范高等专科学校,4113014259,河北省,沧州市,未分类,专科,false,,,教育部全国普通高等学校名单记录：主管部门=河北省；办学层次=专科。官网与研究生院链接待逐校官方核验后补充。,255,active
宣化科技职业学院,宣化科技职业学院,4113014260,河北省,张家口市,未分类,专科,false,,,教育部全国普通高等学校名单记录：主管部门=河北省；办学层次=专科。官网与研究生院链接待逐校官方核验后补充。,256,active
廊坊燕京职业技术学院,廊坊燕京职业技术学院,4113014280,河北省,廊坊市,未分类,专科,false,,,教育部全国普通高等学校名单记录：主管部门=河北省；办学层次=专科。官网与研究生院链接待逐校官方核验后补充。,257,active
承德护理职业学院,承德护理职业学院,4113014281,河北省,承德市,未分类,专科,false,,,教育部全国普通高等学校名单记录：主管部门=河北省；办学层次=专科。官网与研究生院链接待逐校官方核验后补充。,258,active
石家庄幼儿师范高等专科学校,石家庄幼儿师范高等专科学校,4113014328,河北省,石家庄市,未分类,专科,false,,,教育部全国普通高等学校名单记录：主管部门=河北省；办学层次=专科。官网与研究生院链接待逐校官方核验后补充。,259,active
廊坊卫生职业学院,廊坊卫生职业学院,4113014335,河北省,廊坊市,未分类,专科,false,,,教育部全国普通高等学校名单记录：主管部门=河北省；办学层次=专科。官网与研究生院链接待逐校官方核验后补充。,260,active
河北轨道运输职业技术学院,河北轨道运输职业技术学院,4113014396,河北省,石家庄市,未分类,专科,false,,,教育部全国普通高等学校名单记录：主管部门=河北省；办学层次=专科。官网与研究生院链接待逐校官方核验后补充。,261,active
保定幼儿师范高等专科学校,保定幼儿师范高等专科学校,4113014460,河北省,保定市,未分类,专科,false,,,教育部全国普通高等学校名单记录：主管部门=河北省；办学层次=专科。官网与研究生院链接待逐校官方核验后补充。,262,active
河北工艺美术职业学院,河北工艺美术职业学院,4113014471,河北省,保定市,未分类,专科,false,,,教育部全国普通高等学校名单记录：主管部门=河北省；办学层次=专科。官网与研究生院链接待逐校官方核验后补充。,263,active
渤海理工职业学院,渤海理工职业学院,4113014472,河北省,沧州市,未分类,专科,false,,,教育部全国普通高等学校名单记录：主管部门=河北省教育厅；办学层次=专科；备注=民办。官网与研究生院链接待逐校官方核验后补充。,264,active
唐山幼儿师范高等专科学校,唐山幼儿师范高等专科学校,4113014586,河北省,唐山市,未分类,专科,false,,,教育部全国普通高等学校名单记录：主管部门=河北省；办学层次=专科。官网与研究生院链接待逐校官方核验后补充。,265,active
曹妃甸职业技术学院,曹妃甸职业技术学院,4113014601,河北省,唐山市,未分类,专科,false,,,教育部全国普通高等学校名单记录：主管部门=河北省教育厅；办学层次=专科；备注=民办。官网与研究生院链接待逐校官方核验后补充。,266,active
承德应用技术职业学院,承德应用技术职业学院,4113014632,河北省,承德市,未分类,专科,false,,,教育部全国普通高等学校名单记录：主管部门=河北省；办学层次=专科。官网与研究生院链接待逐校官方核验后补充。,267,active
邯郸幼儿师范高等专科学校,邯郸幼儿师范高等专科学校,4113014686,河北省,邯郸市,未分类,专科,false,,,教育部全国普通高等学校名单记录：主管部门=河北省；办学层次=专科。官网与研究生院链接待逐校官方核验后补充。,268,active
邯郸科技职业学院,邯郸科技职业学院,4113014695,河北省,邯郸市,未分类,专科,false,,,教育部全国普通高等学校名单记录：主管部门=河北省；办学层次=专科。官网与研究生院链接待逐校官方核验后补充。,269,active
唐山海运职业学院,唐山海运职业学院,4113014696,河北省,唐山市,未分类,专科,false,,,教育部全国普通高等学校名单记录：主管部门=河北省教育厅；办学层次=专科；备注=民办。官网与研究生院链接待逐校官方核验后补充。,270,active
邢台应用技术职业学院,邢台应用技术职业学院,4113014742,河北省,邢台市,未分类,专科,false,,,教育部全国普通高等学校名单记录：主管部门=河北省教育厅；办学层次=专科；备注=民办。官网与研究生院链接待逐校官方核验后补充。,271,active
河北资源环境职业技术学院,河北资源环境职业技术学院,4213050139,河北省,石家庄市,未分类,专科,false,,,教育部全国普通高等学校名单记录：主管部门=河北省；办学层次=专科。官网与研究生院链接待逐校官方核验后补充。,272,active
衡水健康科技职业学院,衡水健康科技职业学院,4113014785,河北省,衡水市,未分类,专科,false,,,教育部全国普通高等学校名单记录：主管部门=河北省；办学层次=专科。官网与研究生院链接待逐校官方核验后补充。,273,active
沧州航空职业学院,沧州航空职业学院,4113014786,河北省,沧州市,未分类,专科,false,,,教育部全国普通高等学校名单记录：主管部门=河北省教育厅；办学层次=专科；备注=民办。官网与研究生院链接待逐校官方核验后补充。,274,active
邯郸应用技术职业学院,邯郸应用技术职业学院,4113014787,河北省,邯郸市,未分类,专科,false,,,教育部全国普通高等学校名单记录：主管部门=河北省教育厅；办学层次=专科；备注=民办。官网与研究生院链接待逐校官方核验后补充。,275,active
秦皇岛工业职业技术学院,秦皇岛工业职业技术学院,4113014788,河北省,秦皇岛市,未分类,专科,false,,,教育部全国普通高等学校名单记录：主管部门=河北省；办学层次=专科。官网与研究生院链接待逐校官方核验后补充。,276,active
邢台新能源职业学院,邢台新能源职业学院,4113014852,河北省,邢台市,未分类,专科,false,,,教育部全国普通高等学校名单记录：主管部门=河北省教育厅；办学层次=专科；备注=民办。官网与研究生院链接待逐校官方核验后补充。,277,active
石家庄金融职业学院,石家庄金融职业学院,4113014908,河北省,石家庄市,未分类,专科,false,,,教育部全国普通高等学校名单记录：主管部门=河北省教育厅；办学层次=专科；备注=民办。官网与研究生院链接待逐校官方核验后补充。,278,active
石家庄农林职业学院,石家庄农林职业学院,4113014909,河北省,石家庄市,未分类,专科,false,,,教育部全国普通高等学校名单记录：主管部门=河北省教育厅；办学层次=专科；备注=民办。官网与研究生院链接待逐校官方核验后补充。,279,active
山西大学,山西大学,4114010108,山西省,太原市,未分类,本科,false,,,教育部全国普通高等学校名单记录：主管部门=山西省；办学层次=本科。官网与研究生院链接待逐校官方核验后补充。,280,active
太原科技大学,太原科技大学,4114010109,山西省,太原市,未分类,本科,false,,,教育部全国普通高等学校名单记录：主管部门=山西省；办学层次=本科。官网与研究生院链接待逐校官方核验后补充。,281,active
中北大学,中北大学,4114010110,山西省,太原市,未分类,本科,false,,,教育部全国普通高等学校名单记录：主管部门=山西省；办学层次=本科。官网与研究生院链接待逐校官方核验后补充。,282,active
太原理工大学,太原理工大学,4114010112,山西省,太原市,未分类,本科,false,,,教育部全国普通高等学校名单记录：主管部门=山西省；办学层次=本科。官网与研究生院链接待逐校官方核验后补充。,283,active
山西农业大学,山西农业大学,4114010113,山西省,晋中市,未分类,本科,false,,,教育部全国普通高等学校名单记录：主管部门=山西省；办学层次=本科。官网与研究生院链接待逐校官方核验后补充。,284,active
山西医科大学,山西医科大学,4114010114,山西省,太原市,未分类,本科,false,,,教育部全国普通高等学校名单记录：主管部门=山西省；办学层次=本科。官网与研究生院链接待逐校官方核验后补充。,285,active
长治医学院,长治医学院,4114010117,山西省,长治市,未分类,本科,false,,,教育部全国普通高等学校名单记录：主管部门=山西省；办学层次=本科。官网与研究生院链接待逐校官方核验后补充。,286,active
山西师范大学,山西师范大学,4114010118,山西省,太原市,未分类,本科,false,,,教育部全国普通高等学校名单记录：主管部门=山西省；办学层次=本科。官网与研究生院链接待逐校官方核验后补充。,287,active
太原师范学院,太原师范学院,4114010119,山西省,太原市,未分类,本科,false,,,教育部全国普通高等学校名单记录：主管部门=山西省；办学层次=本科。官网与研究生院链接待逐校官方核验后补充。,288,active
山西大同大学,山西大同大学,4114010120,山西省,大同市,未分类,本科,false,,,教育部全国普通高等学校名单记录：主管部门=山西省；办学层次=本科。官网与研究生院链接待逐校官方核验后补充。,289,active
晋中学院,晋中学院,4114010121,山西省,晋中市,未分类,本科,false,,,教育部全国普通高等学校名单记录：主管部门=山西省；办学层次=本科。官网与研究生院链接待逐校官方核验后补充。,290,active
长治学院,长治学院,4114010122,山西省,长治市,未分类,本科,false,,,教育部全国普通高等学校名单记录：主管部门=山西省；办学层次=本科。官网与研究生院链接待逐校官方核验后补充。,291,active
运城学院,运城学院,4114010123,山西省,运城市,未分类,本科,false,,,教育部全国普通高等学校名单记录：主管部门=山西省；办学层次=本科。官网与研究生院链接待逐校官方核验后补充。,292,active
忻州师范学院,忻州师范学院,4114010124,山西省,忻州市,未分类,本科,false,,,教育部全国普通高等学校名单记录：主管部门=山西省；办学层次=本科。官网与研究生院链接待逐校官方核验后补充。,293,active
山西财经大学,山西财经大学,4114010125,山西省,太原市,未分类,本科,false,,,教育部全国普通高等学校名单记录：主管部门=山西省；办学层次=本科。官网与研究生院链接待逐校官方核验后补充。,294,active
山西中医药大学,山西中医药大学,4114010809,山西省,太原市,未分类,本科,false,,,教育部全国普通高等学校名单记录：主管部门=山西省；办学层次=本科。官网与研究生院链接待逐校官方核验后补充。,295,active
吕梁学院,吕梁学院,4114010812,山西省,吕梁市,未分类,本科,false,,,教育部全国普通高等学校名单记录：主管部门=山西省；办学层次=本科。官网与研究生院链接待逐校官方核验后补充。,296,active
太原学院,太原学院,4114011242,山西省,太原市,未分类,本科,false,,,教育部全国普通高等学校名单记录：主管部门=山西省；办学层次=本科。官网与研究生院链接待逐校官方核验后补充。,297,active
山西警察学院,山西警察学院,4114012111,山西省,太原市,未分类,本科,false,,,教育部全国普通高等学校名单记录：主管部门=山西省；办学层次=本科。官网与研究生院链接待逐校官方核验后补充。,298,active
山西应用科技学院,山西应用科技学院,4114012779,山西省,太原市,未分类,本科,false,,,教育部全国普通高等学校名单记录：主管部门=山西省教育厅；办学层次=本科；备注=民办。官网与研究生院链接待逐校官方核验后补充。,299,active
山西工程科技职业大学,山西工程科技职业大学,4114016201,山西省,太原市,未分类,本科,false,,,教育部全国普通高等学校名单记录：主管部门=山西省；办学层次=本科。官网与研究生院链接待逐校官方核验后补充。,300,active
山西工学院,山西工学院,4114013534,山西省,朔州市,未分类,本科,false,,,教育部全国普通高等学校名单记录：主管部门=山西省；办学层次=本科。官网与研究生院链接待逐校官方核验后补充。,301,active
晋中信息学院,晋中信息学院,4114013535,山西省,晋中市,未分类,本科,false,,,教育部全国普通高等学校名单记录：主管部门=山西省教育厅；办学层次=本科；备注=民办。官网与研究生院链接待逐校官方核验后补充。,302,active
山西电子科技学院,山西电子科技学院,4114013537,山西省,临汾市,未分类,本科,false,,,教育部全国普通高等学校名单记录：主管部门=山西省；办学层次=本科。官网与研究生院链接待逐校官方核验后补充。,303,active
山西晋中理工学院,山西晋中理工学院,4114013538,山西省,晋中市,未分类,本科,false,,,教育部全国普通高等学校名单记录：主管部门=山西省教育厅；办学层次=本科；备注=民办。官网与研究生院链接待逐校官方核验后补充。,304,active
山西科技学院,山西科技学院,4114013597,山西省,晋城市,未分类,本科,false,,,教育部全国普通高等学校名单记录：主管部门=山西省；办学层次=本科。官网与研究生院链接待逐校官方核验后补充。,305,active
晋中健康学院,晋中健康学院,4114013598,山西省,晋中市,未分类,本科,false,,,教育部全国普通高等学校名单记录：主管部门=山西省教育厅；办学层次=本科；备注=民办。官网与研究生院链接待逐校官方核验后补充。,306,active
山西财经大学华商学院,山西财经大学华商学院,4114013608,山西省,太原市,未分类,本科,false,,,教育部全国普通高等学校名单记录：主管部门=山西省教育厅；办学层次=本科；备注=民办。官网与研究生院链接待逐校官方核验后补充。,307,active
山西工商学院,山西工商学院,4114013691,山西省,太原市,未分类,本科,false,,,教育部全国普通高等学校名单记录：主管部门=山西省教育厅；办学层次=本科；备注=民办。官网与研究生院链接待逐校官方核验后补充。,308,active
太原工业学院,太原工业学院,4114014101,山西省,太原市,未分类,本科,false,,,教育部全国普通高等学校名单记录：主管部门=山西省；办学层次=本科。官网与研究生院链接待逐校官方核验后补充。,309,active
运城职业技术大学,运城职业技术大学,4114014226,山西省,运城市,未分类,本科,false,,,教育部全国普通高等学校名单记录：主管部门=山西省教育厅；办学层次=本科；备注=民办。官网与研究生院链接待逐校官方核验后补充。,310,active
山西传媒学院,山西传媒学院,4114014434,山西省,太原市,未分类,本科,false,,,教育部全国普通高等学校名单记录：主管部门=山西省；办学层次=本科。官网与研究生院链接待逐校官方核验后补充。,311,active
山西工程技术学院,山西工程技术学院,4114014527,山西省,阳泉市,未分类,本科,false,,,教育部全国普通高等学校名单记录：主管部门=山西省；办学层次=本科。官网与研究生院链接待逐校官方核验后补充。,312,active
山西能源学院,山西能源学院,4214051189,山西省,晋中市,未分类,本科,false,,,教育部全国普通高等学校名单记录：主管部门=山西省；办学层次=本科。官网与研究生院链接待逐校官方核验后补充。,313,active
山西医药学院,山西医药学院,4114014898,山西省,吕梁市,未分类,本科,false,,,教育部全国普通高等学校名单记录：主管部门=山西省；办学层次=本科。官网与研究生院链接待逐校官方核验后补充。,314,active
山西文化旅游职业大学,山西文化旅游职业大学,4114013696,山西省,太原市,未分类,本科,false,,,教育部全国普通高等学校名单记录：主管部门=山西省；办学层次=本科。官网与研究生院链接待逐校官方核验后补充。,315,active
山西省财政税务专科学校,山西省财政税务专科学校,4114011630,山西省,太原市,未分类,专科,false,,,教育部全国普通高等学校名单记录：主管部门=山西省；办学层次=专科。官网与研究生院链接待逐校官方核验后补充。,316,active
长治职业技术学院,长治职业技术学院,4114012388,山西省,长治市,未分类,专科,false,,,教育部全国普通高等学校名单记录：主管部门=山西省；办学层次=专科。官网与研究生院链接待逐校官方核验后补充。,317,active
晋城职业技术学院,晋城职业技术学院,4114012774,山西省,晋城市,未分类,专科,false,,,教育部全国普通高等学校名单记录：主管部门=山西省；办学层次=专科。官网与研究生院链接待逐校官方核验后补充。,318,active
山西药科职业学院,山西药科职业学院,4114012776,山西省,太原市,未分类,专科,false,,,教育部全国普通高等学校名单记录：主管部门=山西省；办学层次=专科。官网与研究生院链接待逐校官方核验后补充。,319,active
大同煤炭职业技术学院,大同煤炭职业技术学院,4114012780,山西省,大同市,未分类,专科,false,,,教育部全国普通高等学校名单记录：主管部门=山西省；办学层次=专科。官网与研究生院链接待逐校官方核验后补充。,320,active
山西机电职业技术学院,山西机电职业技术学院,4114012888,山西省,长治市,未分类,专科,false,,,教育部全国普通高等学校名单记录：主管部门=山西省；办学层次=专科。官网与研究生院链接待逐校官方核验后补充。,321,active
山西财贸职业技术学院,山西财贸职业技术学院,4114012890,山西省,太原市,未分类,专科,false,,,教育部全国普通高等学校名单记录：主管部门=山西省；办学层次=专科。官网与研究生院链接待逐校官方核验后补充。,322,active
山西林业职业技术学院,山西林业职业技术学院,4114012891,山西省,太原市,未分类,专科,false,,,教育部全国普通高等学校名单记录：主管部门=山西省；办学层次=专科。官网与研究生院链接待逐校官方核验后补充。,323,active
山西水利职业技术学院,山西水利职业技术学院,4114012892,山西省,运城市,未分类,专科,false,,,教育部全国普通高等学校名单记录：主管部门=山西省；办学层次=专科。官网与研究生院链接待逐校官方核验后补充。,324,active
阳泉职业技术学院,阳泉职业技术学院,4114012893,山西省,阳泉市,未分类,专科,false,,,教育部全国普通高等学校名单记录：主管部门=山西省；办学层次=专科。官网与研究生院链接待逐校官方核验后补充。,325,active
临汾职业技术学院,临汾职业技术学院,4114013171,山西省,临汾市,未分类,专科,false,,,教育部全国普通高等学校名单记录：主管部门=山西省；办学层次=专科。官网与研究生院链接待逐校官方核验后补充。,326,active
山西职业技术学院,山西职业技术学院,4114013528,山西省,太原市,未分类,专科,false,,,教育部全国普通高等学校名单记录：主管部门=山西省；办学层次=专科。官网与研究生院链接待逐校官方核验后补充。,327,active
山西金融职业学院,山西金融职业学院,4114013530,山西省,太原市,未分类,专科,false,,,教育部全国普通高等学校名单记录：主管部门=山西省；办学层次=专科。官网与研究生院链接待逐校官方核验后补充。,328,active
太原城市职业技术学院,太原城市职业技术学院,4114013532,山西省,太原市,未分类,专科,false,,,教育部全国普通高等学校名单记录：主管部门=山西省；办学层次=专科。官网与研究生院链接待逐校官方核验后补充。,329,active
山西信息职业技术学院,山西信息职业技术学院,4114013541,山西省,临汾市,未分类,专科,false,,,教育部全国普通高等学校名单记录：主管部门=山西省教育厅；办学层次=专科；备注=民办。官网与研究生院链接待逐校官方核验后补充。,330,active
山西体育职业学院,山西体育职业学院,4114013692,山西省,太原市,未分类,专科,false,,,教育部全国普通高等学校名单记录：主管部门=山西省；办学层次=专科。官网与研究生院链接待逐校官方核验后补充。,331,active
山西警官职业学院,山西警官职业学院,4114013693,山西省,太原市,未分类,专科,false,,,教育部全国普通高等学校名单记录：主管部门=山西省；办学层次=专科。官网与研究生院链接待逐校官方核验后补充。,332,active
山西国际商务职业学院,山西国际商务职业学院,4114013694,山西省,太原市,未分类,专科,false,,,教育部全国普通高等学校名单记录：主管部门=山西省；办学层次=专科。官网与研究生院链接待逐校官方核验后补充。,333,active
潞安职业技术学院,潞安职业技术学院,4114013695,山西省,长治市,未分类,专科,false,,,教育部全国普通高等学校名单记录：主管部门=山西省；办学层次=专科。官网与研究生院链接待逐校官方核验后补充。,334,active
山西管理职业学院,山西管理职业学院,4114013698,山西省,临汾市,未分类,专科,false,,,教育部全国普通高等学校名单记录：主管部门=山西省；办学层次=专科。官网与研究生院链接待逐校官方核验后补充。,335,active
山西电力职业技术学院,山西电力职业技术学院,4114013745,山西省,太原市,未分类,专科,false,,,教育部全国普通高等学校名单记录：主管部门=山西省；办学层次=专科。官网与研究生院链接待逐校官方核验后补充。,336,active
忻州职业技术学院,忻州职业技术学院,4114013821,山西省,忻州市,未分类,专科,false,,,教育部全国普通高等学校名单记录：主管部门=山西省；办学层次=专科。官网与研究生院链接待逐校官方核验后补充。,337,active
山西同文职业技术学院,山西同文职业技术学院,4114013862,山西省,晋中市,未分类,专科,false,,,教育部全国普通高等学校名单记录：主管部门=山西省教育厅；办学层次=专科；备注=民办。官网与研究生院链接待逐校官方核验后补充。,338,active
晋中职业技术学院,晋中职业技术学院,4114013913,山西省,晋中市,未分类,专科,false,,,教育部全国普通高等学校名单记录：主管部门=山西省；办学层次=专科。官网与研究生院链接待逐校官方核验后补充。,339,active
山西华澳商贸职业学院,山西华澳商贸职业学院,4114013914,山西省,晋中市,未分类,专科,false,,,教育部全国普通高等学校名单记录：主管部门=山西省教育厅；办学层次=专科；备注=民办。官网与研究生院链接待逐校官方核验后补充。,340,active
山西运城农业职业技术学院,山西运城农业职业技术学院,4114013934,山西省,运城市,未分类,专科,false,,,教育部全国普通高等学校名单记录：主管部门=山西省；办学层次=专科。官网与研究生院链接待逐校官方核验后补充。,341,active
运城幼儿师范高等专科学校,运城幼儿师范高等专科学校,4114014093,山西省,运城市,未分类,专科,false,,,教育部全国普通高等学校名单记录：主管部门=山西省；办学层次=专科。官网与研究生院链接待逐校官方核验后补充。,342,active
山西老区职业技术学院,山西老区职业技术学院,4114014105,山西省,太原市,未分类,专科,false,,,教育部全国普通高等学校名单记录：主管部门=山西省教育厅；办学层次=专科；备注=民办。官网与研究生院链接待逐校官方核验后补充。,343,active
山西经贸职业学院,山西经贸职业学院,4114014177,山西省,太原市,未分类,专科,false,,,教育部全国普通高等学校名单记录：主管部门=山西省；办学层次=专科。官网与研究生院链接待逐校官方核验后补充。,344,active
朔州职业技术学院,朔州职业技术学院,4114014186,山西省,朔州市,未分类,专科,false,,,教育部全国普通高等学校名单记录：主管部门=山西省；办学层次=专科。官网与研究生院链接待逐校官方核验后补充。,345,active
山西铁道职业技术学院,山西铁道职业技术学院,4114014247,山西省,太原市,未分类,专科,false,,,教育部全国普通高等学校名单记录：主管部门=山西省；办学层次=专科。官网与研究生院链接待逐校官方核验后补充。,346,active
晋中师范高等专科学校,晋中师范高等专科学校,4114014270,山西省,晋中市,未分类,专科,false,,,教育部全国普通高等学校名单记录：主管部门=山西省；办学层次=专科。官网与研究生院链接待逐校官方核验后补充。,347,active
阳泉师范高等专科学校,阳泉师范高等专科学校,4114014271,山西省,阳泉市,未分类,专科,false,,,教育部全国普通高等学校名单记录：主管部门=山西省；办学层次=专科。官网与研究生院链接待逐校官方核验后补充。,348,active
运城护理职业学院,运城护理职业学院,4114014397,山西省,运城市,未分类,专科,false,,,教育部全国普通高等学校名单记录：主管部门=山西省；办学层次=专科。官网与研究生院链接待逐校官方核验后补充。,349,active
运城师范高等专科学校,运城师范高等专科学校,4114014461,山西省,运城市,未分类,专科,false,,,教育部全国普通高等学校名单记录：主管部门=山西省；办学层次=专科。官网与研究生院链接待逐校官方核验后补充。,350,active
朔州师范高等专科学校,朔州师范高等专科学校,4114014462,山西省,朔州市,未分类,专科,false,,,教育部全国普通高等学校名单记录：主管部门=山西省；办学层次=专科。官网与研究生院链接待逐校官方核验后补充。,351,active
吕梁职业技术学院,吕梁职业技术学院,4114014500,山西省,吕梁市,未分类,专科,false,,,教育部全国普通高等学校名单记录：主管部门=山西省；办学层次=专科。官网与研究生院链接待逐校官方核验后补充。,352,active
大同师范高等专科学校,大同师范高等专科学校,4114014627,山西省,大同市,未分类,专科,false,,,教育部全国普通高等学校名单记录：主管部门=山西省；办学层次=专科。官网与研究生院链接待逐校官方核验后补充。,353,active
太原幼儿师范高等专科学校,太原幼儿师范高等专科学校,4114014628,山西省,太原市,未分类,专科,false,,,教育部全国普通高等学校名单记录：主管部门=山西省；办学层次=专科。官网与研究生院链接待逐校官方核验后补充。,354,active
山西工程职业学院,山西工程职业学院,4114014681,山西省,太原市,未分类,专科,false,,,教育部全国普通高等学校名单记录：主管部门=山西省；办学层次=专科。官网与研究生院链接待逐校官方核验后补充。,355,active
长治幼儿师范高等专科学校,长治幼儿师范高等专科学校,4114014687,山西省,长治市,未分类,专科,false,,,教育部全国普通高等学校名单记录：主管部门=山西省；办学层次=专科。官网与研究生院链接待逐校官方核验后补充。,356,active
山西通用航空职业技术学院,山西通用航空职业技术学院,4114014697,山西省,大同市,未分类,专科,false,,,教育部全国普通高等学校名单记录：主管部门=山西省；办学层次=专科。官网与研究生院链接待逐校官方核验后补充。,357,active
朔州陶瓷职业技术学院,朔州陶瓷职业技术学院,4114014698,山西省,朔州市,未分类,专科,false,,,教育部全国普通高等学校名单记录：主管部门=山西省；办学层次=专科。官网与研究生院链接待逐校官方核验后补充。,358,active
山西卫生健康职业学院,山西卫生健康职业学院,4214050166,山西省,太原市,未分类,专科,false,,,教育部全国普通高等学校名单记录：主管部门=山西省；办学层次=专科。官网与研究生院链接待逐校官方核验后补充。,359,active
吕梁师范高等专科学校,吕梁师范高等专科学校,4114014777,山西省,吕梁市,未分类,专科,false,,,教育部全国普通高等学校名单记录：主管部门=山西省；办学层次=专科。官网与研究生院链接待逐校官方核验后补充。,360,active
大同数据科技职业学院,大同数据科技职业学院,4114014901,山西省,大同市,未分类,专科,false,,,教育部全国普通高等学校名单记录：主管部门=山西省教育厅；办学层次=专科；备注=民办。官网与研究生院链接待逐校官方核验后补充。,361,active
内蒙古大学,内蒙古大学,4115010126,内蒙古自治区,呼和浩特市,未分类,本科,false,,,教育部全国普通高等学校名单记录：主管部门=内蒙古自治区；办学层次=本科。官网与研究生院链接待逐校官方核验后补充。,362,active
内蒙古科技大学,内蒙古科技大学,4115010127,内蒙古自治区,包头市,未分类,本科,false,,,教育部全国普通高等学校名单记录：主管部门=内蒙古自治区；办学层次=本科。官网与研究生院链接待逐校官方核验后补充。,363,active
内蒙古工业大学,内蒙古工业大学,4115010128,内蒙古自治区,呼和浩特市,未分类,本科,false,,,教育部全国普通高等学校名单记录：主管部门=内蒙古自治区；办学层次=本科。官网与研究生院链接待逐校官方核验后补充。,364,active
内蒙古农业大学,内蒙古农业大学,4115010129,内蒙古自治区,呼和浩特市,未分类,本科,false,,,教育部全国普通高等学校名单记录：主管部门=内蒙古自治区；办学层次=本科。官网与研究生院链接待逐校官方核验后补充。,365,active
内蒙古医科大学,内蒙古医科大学,4115010132,内蒙古自治区,呼和浩特市,未分类,本科,false,,,教育部全国普通高等学校名单记录：主管部门=内蒙古自治区；办学层次=本科。官网与研究生院链接待逐校官方核验后补充。,366,active
内蒙古师范大学,内蒙古师范大学,4115010135,内蒙古自治区,呼和浩特市,未分类,本科,false,,,教育部全国普通高等学校名单记录：主管部门=内蒙古自治区；办学层次=本科。官网与研究生院链接待逐校官方核验后补充。,367,active
内蒙古民族大学,内蒙古民族大学,4115010136,内蒙古自治区,通辽市,未分类,本科,false,,,教育部全国普通高等学校名单记录：主管部门=内蒙古自治区；办学层次=本科。官网与研究生院链接待逐校官方核验后补充。,368,active
赤峰学院,赤峰学院,4115010138,内蒙古自治区,赤峰市,未分类,本科,false,,,教育部全国普通高等学校名单记录：主管部门=内蒙古自治区；办学层次=本科。官网与研究生院链接待逐校官方核验后补充。,369,active
内蒙古财经大学,内蒙古财经大学,4115010139,内蒙古自治区,呼和浩特市,未分类,本科,false,,,教育部全国普通高等学校名单记录：主管部门=内蒙古自治区；办学层次=本科。官网与研究生院链接待逐校官方核验后补充。,370,active
呼伦贝尔学院,呼伦贝尔学院,4115010819,内蒙古自治区,呼伦贝尔市,未分类,本科,false,,,教育部全国普通高等学校名单记录：主管部门=内蒙古自治区；办学层次=本科。官网与研究生院链接待逐校官方核验后补充。,371,active
集宁师范学院,集宁师范学院,4115011427,内蒙古自治区,乌兰察布市,未分类,本科,false,,,教育部全国普通高等学校名单记录：主管部门=内蒙古自治区；办学层次=本科。官网与研究生院链接待逐校官方核验后补充。,372,active
河套学院,河套学院,4115011631,内蒙古自治区,巴彦淖尔市,未分类,本科,false,,,教育部全国普通高等学校名单记录：主管部门=内蒙古自治区；办学层次=本科。官网与研究生院链接待逐校官方核验后补充。,373,active
呼和浩特民族学院,呼和浩特民族学院,4115011709,内蒙古自治区,呼和浩特市,未分类,本科,false,,,教育部全国普通高等学校名单记录：主管部门=内蒙古自治区；办学层次=本科。官网与研究生院链接待逐校官方核验后补充。,374,active
内蒙古大学创业学院,内蒙古大学创业学院,4115014199,内蒙古自治区,呼和浩特市,未分类,本科,false,,,教育部全国普通高等学校名单记录：主管部门=内蒙古自治区教育厅；办学层次=本科；备注=民办。官网与研究生院链接待逐校官方核验后补充。,375,active
内蒙古鸿德文理学院,内蒙古鸿德文理学院,4115014205,内蒙古自治区,呼和浩特市,未分类,本科,false,,,教育部全国普通高等学校名单记录：主管部门=内蒙古自治区教育厅；办学层次=本科；备注=民办。官网与研究生院链接待逐校官方核验后补充。,376,active
内蒙古艺术学院,内蒙古艺术学院,4115014531,内蒙古自治区,呼和浩特市,未分类,本科,false,,,教育部全国普通高等学校名单记录：主管部门=内蒙古自治区；办学层次=本科。官网与研究生院链接待逐校官方核验后补充。,377,active
鄂尔多斯应用技术学院,鄂尔多斯应用技术学院,4115014532,内蒙古自治区,鄂尔多斯市,未分类,本科,false,,,教育部全国普通高等学校名单记录：主管部门=内蒙古自治区；办学层次=本科。官网与研究生院链接待逐校官方核验后补充。,378,active
内蒙古警察学院,内蒙古警察学院,4115012797,内蒙古自治区,呼和浩特市,未分类,本科,false,,,教育部全国普通高等学校名单记录：主管部门=内蒙古自治区；办学层次=本科。官网与研究生院链接待逐校官方核验后补充。,379,active
内蒙古建筑职业技术大学,内蒙古建筑职业技术大学,4115010871,内蒙古自治区,呼和浩特市,未分类,本科,false,,,教育部全国普通高等学校名单记录：主管部门=内蒙古自治区；办学层次=本科。官网与研究生院链接待逐校官方核验后补充。,380,active
兴安职业技术大学,兴安职业技术大学,4115012443,内蒙古自治区,兴安盟,未分类,本科,false,,,教育部全国普通高等学校名单记录：主管部门=内蒙古自治区；办学层次=本科。官网与研究生院链接待逐校官方核验后补充。,381,active
呼和浩特职业技术大学,呼和浩特职业技术大学,4115012670,内蒙古自治区,呼和浩特市,未分类,本科,false,,,教育部全国普通高等学校名单记录：主管部门=内蒙古自治区；办学层次=本科。官网与研究生院链接待逐校官方核验后补充。,382,active
内蒙古丰州职业学院,内蒙古丰州职业学院,4115011429,内蒙古自治区,呼和浩特市,未分类,专科,false,,,教育部全国普通高等学校名单记录：主管部门=内蒙古自治区教育厅；办学层次=专科；备注=民办。官网与研究生院链接待逐校官方核验后补充。,383,active
包头职业技术学院,包头职业技术学院,4115012057,内蒙古自治区,包头市,未分类,专科,false,,,教育部全国普通高等学校名单记录：主管部门=内蒙古自治区；办学层次=专科。官网与研究生院链接待逐校官方核验后补充。,384,active
包头轻工职业技术学院,包头轻工职业技术学院,4115012671,内蒙古自治区,包头市,未分类,专科,false,,,教育部全国普通高等学校名单记录：主管部门=内蒙古自治区；办学层次=专科。官网与研究生院链接待逐校官方核验后补充。,385,active
内蒙古电子信息职业技术学院,内蒙古电子信息职业技术学院,4115012673,内蒙古自治区,呼和浩特市,未分类,专科,false,,,教育部全国普通高等学校名单记录：主管部门=内蒙古自治区；办学层次=专科。官网与研究生院链接待逐校官方核验后补充。,386,active
内蒙古机电职业技术学院,内蒙古机电职业技术学院,4115012674,内蒙古自治区,呼和浩特市,未分类,专科,false,,,教育部全国普通高等学校名单记录：主管部门=内蒙古自治区；办学层次=专科。官网与研究生院链接待逐校官方核验后补充。,387,active
内蒙古化工职业学院,内蒙古化工职业学院,4115012675,内蒙古自治区,呼和浩特市,未分类,专科,false,,,教育部全国普通高等学校名单记录：主管部门=内蒙古自治区；办学层次=专科。官网与研究生院链接待逐校官方核验后补充。,388,active
内蒙古商贸职业学院,内蒙古商贸职业学院,4115012676,内蒙古自治区,呼和浩特市,未分类,专科,false,,,教育部全国普通高等学校名单记录：主管部门=内蒙古自治区；办学层次=专科。官网与研究生院链接待逐校官方核验后补充。,389,active
锡林郭勒职业学院,锡林郭勒职业学院,4115012677,内蒙古自治区,锡林郭勒盟,未分类,专科,false,,,教育部全国普通高等学校名单记录：主管部门=内蒙古自治区；办学层次=专科。官网与研究生院链接待逐校官方核验后补充。,390,active
内蒙古体育职业学院,内蒙古体育职业学院,4115012894,内蒙古自治区,呼和浩特市,未分类,专科,false,,,教育部全国普通高等学校名单记录：主管部门=内蒙古自治区；办学层次=专科。官网与研究生院链接待逐校官方核验后补充。,391,active
乌兰察布职业学院,乌兰察布职业学院,4115013699,内蒙古自治区,乌兰察布市,未分类,专科,false,,,教育部全国普通高等学校名单记录：主管部门=内蒙古自治区；办学层次=专科。官网与研究生院链接待逐校官方核验后补充。,392,active
通辽职业学院,通辽职业学院,4115013740,内蒙古自治区,通辽市,未分类,专科,false,,,教育部全国普通高等学校名单记录：主管部门=内蒙古自治区；办学层次=专科。官网与研究生院链接待逐校官方核验后补充。,393,active
科尔沁艺术职业学院,科尔沁艺术职业学院,4115013741,内蒙古自治区,通辽市,未分类,专科,false,,,教育部全国普通高等学校名单记录：主管部门=内蒙古自治区；办学层次=专科。官网与研究生院链接待逐校官方核验后补充。,394,active
内蒙古交通职业技术学院,内蒙古交通职业技术学院,4115013824,内蒙古自治区,赤峰市,未分类,专科,false,,,教育部全国普通高等学校名单记录：主管部门=内蒙古自治区；办学层次=专科。官网与研究生院链接待逐校官方核验后补充。,395,active
包头钢铁职业技术学院,包头钢铁职业技术学院,4115013864,内蒙古自治区,包头市,未分类,专科,false,,,教育部全国普通高等学校名单记录：主管部门=内蒙古自治区；办学层次=专科。官网与研究生院链接待逐校官方核验后补充。,396,active
乌海职业技术学院,乌海职业技术学院,4115013915,内蒙古自治区,乌海市,未分类,专科,false,,,教育部全国普通高等学校名单记录：主管部门=内蒙古自治区；办学层次=专科。官网与研究生院链接待逐校官方核验后补充。,397,active
内蒙古科技职业学院,内蒙古科技职业学院,4115014048,内蒙古自治区,呼和浩特市,未分类,专科,false,,,教育部全国普通高等学校名单记录：主管部门=内蒙古自治区教育厅；办学层次=专科；备注=民办。官网与研究生院链接待逐校官方核验后补充。,398,active
内蒙古北方职业技术学院,内蒙古北方职业技术学院,4115014049,内蒙古自治区,呼和浩特市,未分类,专科,false,,,教育部全国普通高等学校名单记录：主管部门=内蒙古自治区教育厅；办学层次=专科；备注=民办。官网与研究生院链接待逐校官方核验后补充。,399,active
赤峰职业技术学院,赤峰职业技术学院,4115014050,内蒙古自治区,赤峰市,未分类,专科,false,,,教育部全国普通高等学校名单记录：主管部门=内蒙古自治区教育厅；办学层次=专科；备注=民办。官网与研究生院链接待逐校官方核验后补充。,400,active
内蒙古经贸外语职业学院,内蒙古经贸外语职业学院,4115014051,内蒙古自治区,呼和浩特市,未分类,专科,false,,,教育部全国普通高等学校名单记录：主管部门=内蒙古自治区教育厅；办学层次=专科；备注=民办。官网与研究生院链接待逐校官方核验后补充。,401,active
包头铁道职业技术学院,包头铁道职业技术学院,4115014187,内蒙古自治区,包头市,未分类,专科,false,,,教育部全国普通高等学校名单记录：主管部门=内蒙古自治区；办学层次=专科。官网与研究生院链接待逐校官方核验后补充。,402,active
乌兰察布医学高等专科学校,乌兰察布医学高等专科学校,4115014219,内蒙古自治区,乌兰察布市,未分类,专科,false,,,教育部全国普通高等学校名单记录：主管部门=内蒙古自治区；办学层次=专科。官网与研究生院链接待逐校官方核验后补充。,403,active
鄂尔多斯职业学院,鄂尔多斯职业学院,4115014248,内蒙古自治区,鄂尔多斯市,未分类,专科,false,,,教育部全国普通高等学校名单记录：主管部门=内蒙古自治区；办学层次=专科。官网与研究生院链接待逐校官方核验后补充。,404,active
内蒙古工业职业学院,内蒙古工业职业学院,4115014282,内蒙古自治区,呼和浩特市,未分类,专科,false,,,教育部全国普通高等学校名单记录：主管部门=内蒙古自治区教育厅；办学层次=专科；备注=民办。官网与研究生院链接待逐校官方核验后补充。,405,active
呼伦贝尔职业技术学院,呼伦贝尔职业技术学院,4115014283,内蒙古自治区,呼伦贝尔市,未分类,专科,false,,,教育部全国普通高等学校名单记录：主管部门=内蒙古自治区；办学层次=专科。官网与研究生院链接待逐校官方核验后补充。,406,active
满洲里俄语职业学院,满洲里俄语职业学院,4115014285,内蒙古自治区,呼伦贝尔市,未分类,专科,false,,,教育部全国普通高等学校名单记录：主管部门=内蒙古自治区；办学层次=专科。官网与研究生院链接待逐校官方核验后补充。,407,active
内蒙古能源职业学院,内蒙古能源职业学院,4115014337,内蒙古自治区,呼和浩特市,未分类,专科,false,,,教育部全国普通高等学校名单记录：主管部门=内蒙古自治区教育厅；办学层次=专科；备注=民办。官网与研究生院链接待逐校官方核验后补充。,408,active
赤峰工业职业技术学院,赤峰工业职业技术学院,4115014338,内蒙古自治区,赤峰市,未分类,专科,false,,,教育部全国普通高等学校名单记录：主管部门=内蒙古自治区；办学层次=专科。官网与研究生院链接待逐校官方核验后补充。,409,active
阿拉善职业技术学院,阿拉善职业技术学院,4115014339,内蒙古自治区,阿拉善盟,未分类,专科,false,,,教育部全国普通高等学校名单记录：主管部门=内蒙古自治区；办学层次=专科。官网与研究生院链接待逐校官方核验后补充。,410,active
内蒙古美术职业学院,内蒙古美术职业学院,4115014387,内蒙古自治区,巴彦淖尔市,未分类,专科,false,,,教育部全国普通高等学校名单记录：主管部门=内蒙古自治区教育厅；办学层次=专科；备注=民办。官网与研究生院链接待逐校官方核验后补充。,411,active
内蒙古民族幼儿师范高等专科学校,内蒙古民族幼儿师范高等专科学校,4115014463,内蒙古自治区,鄂尔多斯市,未分类,专科,false,,,教育部全国普通高等学校名单记录：主管部门=内蒙古自治区；办学层次=专科。官网与研究生院链接待逐校官方核验后补充。,412,active
鄂尔多斯生态环境职业学院,鄂尔多斯生态环境职业学院,4115014501,内蒙古自治区,鄂尔多斯市,未分类,专科,false,,,教育部全国普通高等学校名单记录：主管部门=内蒙古自治区；办学层次=专科。官网与研究生院链接待逐校官方核验后补充。,413,active
扎兰屯职业学院,扎兰屯职业学院,4115014539,内蒙古自治区,呼伦贝尔市,未分类,专科,false,,,教育部全国普通高等学校名单记录：主管部门=内蒙古自治区；办学层次=专科。官网与研究生院链接待逐校官方核验后补充。,414,active
赤峰应用技术职业学院,赤峰应用技术职业学院,4115014699,内蒙古自治区,赤峰市,未分类,专科,false,,,教育部全国普通高等学校名单记录：主管部门=内蒙古自治区；办学层次=专科。官网与研究生院链接待逐校官方核验后补充。,415,active
辽宁大学,辽宁大学,4121010140,辽宁省,沈阳市,未分类,本科,false,,,教育部全国普通高等学校名单记录：主管部门=辽宁省；办学层次=本科。官网与研究生院链接待逐校官方核验后补充。,416,active
大连理工大学,大连理工大学,4121010141,辽宁省,大连市,未分类,本科,false,,,教育部全国普通高等学校名单记录：主管部门=教育部；办学层次=本科。官网与研究生院链接待逐校官方核验后补充。,417,active
沈阳工业大学,沈阳工业大学,4121010142,辽宁省,沈阳市,未分类,本科,false,,,教育部全国普通高等学校名单记录：主管部门=辽宁省；办学层次=本科。官网与研究生院链接待逐校官方核验后补充。,418,active
沈阳航空航天大学,沈阳航空航天大学,4121010143,辽宁省,沈阳市,未分类,本科,false,,,教育部全国普通高等学校名单记录：主管部门=辽宁省；办学层次=本科。官网与研究生院链接待逐校官方核验后补充。,419,active
沈阳理工大学,沈阳理工大学,4121010144,辽宁省,沈阳市,未分类,本科,false,,,教育部全国普通高等学校名单记录：主管部门=辽宁省；办学层次=本科。官网与研究生院链接待逐校官方核验后补充。,420,active
东北大学,东北大学,4121010145,辽宁省,沈阳市,未分类,本科,false,,,教育部全国普通高等学校名单记录：主管部门=教育部；办学层次=本科。官网与研究生院链接待逐校官方核验后补充。,421,active
辽宁科技大学,辽宁科技大学,4121010146,辽宁省,鞍山市,未分类,本科,false,,,教育部全国普通高等学校名单记录：主管部门=辽宁省；办学层次=本科。官网与研究生院链接待逐校官方核验后补充。,422,active
辽宁工程技术大学,辽宁工程技术大学,4121010147,辽宁省,阜新市,未分类,本科,false,,,教育部全国普通高等学校名单记录：主管部门=辽宁省；办学层次=本科。官网与研究生院链接待逐校官方核验后补充。,423,active
辽宁石油化工大学,辽宁石油化工大学,4121010148,辽宁省,抚顺市,未分类,本科,false,,,教育部全国普通高等学校名单记录：主管部门=辽宁省；办学层次=本科。官网与研究生院链接待逐校官方核验后补充。,424,active
沈阳化工大学,沈阳化工大学,4121010149,辽宁省,沈阳市,未分类,本科,false,,,教育部全国普通高等学校名单记录：主管部门=辽宁省；办学层次=本科。官网与研究生院链接待逐校官方核验后补充。,425,active
大连交通大学,大连交通大学,4121010150,辽宁省,大连市,未分类,本科,false,,,教育部全国普通高等学校名单记录：主管部门=辽宁省；办学层次=本科。官网与研究生院链接待逐校官方核验后补充。,426,active
大连海事大学,大连海事大学,4121010151,辽宁省,大连市,未分类,本科,false,,,教育部全国普通高等学校名单记录：主管部门=交通运输部；办学层次=本科。官网与研究生院链接待逐校官方核验后补充。,427,active
大连工业大学,大连工业大学,4121010152,辽宁省,大连市,未分类,本科,false,,,教育部全国普通高等学校名单记录：主管部门=辽宁省；办学层次=本科。官网与研究生院链接待逐校官方核验后补充。,428,active
沈阳建筑大学,沈阳建筑大学,4121010153,辽宁省,沈阳市,未分类,本科,false,,,教育部全国普通高等学校名单记录：主管部门=辽宁省；办学层次=本科。官网与研究生院链接待逐校官方核验后补充。,429,active
辽宁工业大学,辽宁工业大学,4121010154,辽宁省,锦州市,未分类,本科,false,,,教育部全国普通高等学校名单记录：主管部门=辽宁省；办学层次=本科。官网与研究生院链接待逐校官方核验后补充。,430,active
沈阳农业大学,沈阳农业大学,4121010157,辽宁省,沈阳市,未分类,本科,false,,,教育部全国普通高等学校名单记录：主管部门=辽宁省；办学层次=本科。官网与研究生院链接待逐校官方核验后补充。,431,active
大连海洋大学,大连海洋大学,4121010158,辽宁省,大连市,未分类,本科,false,,,教育部全国普通高等学校名单记录：主管部门=辽宁省；办学层次=本科。官网与研究生院链接待逐校官方核验后补充。,432,active
中国医科大学,中国医科大学,4121010159,辽宁省,沈阳市,未分类,本科,false,,,教育部全国普通高等学校名单记录：主管部门=辽宁省；办学层次=本科。官网与研究生院链接待逐校官方核验后补充。,433,active
锦州医科大学,锦州医科大学,4121010160,辽宁省,锦州市,未分类,本科,false,,,教育部全国普通高等学校名单记录：主管部门=辽宁省；办学层次=本科。官网与研究生院链接待逐校官方核验后补充。,434,active
大连医科大学,大连医科大学,4121010161,辽宁省,大连市,未分类,本科,false,,,教育部全国普通高等学校名单记录：主管部门=辽宁省；办学层次=本科。官网与研究生院链接待逐校官方核验后补充。,435,active
辽宁中医药大学,辽宁中医药大学,4121010162,辽宁省,沈阳市,未分类,本科,false,,,教育部全国普通高等学校名单记录：主管部门=辽宁省；办学层次=本科。官网与研究生院链接待逐校官方核验后补充。,436,active
沈阳药科大学,沈阳药科大学,4121010163,辽宁省,沈阳市,未分类,本科,false,,,教育部全国普通高等学校名单记录：主管部门=辽宁省；办学层次=本科。官网与研究生院链接待逐校官方核验后补充。,437,active
沈阳医学院,沈阳医学院,4121010164,辽宁省,沈阳市,未分类,本科,false,,,教育部全国普通高等学校名单记录：主管部门=辽宁省；办学层次=本科。官网与研究生院链接待逐校官方核验后补充。,438,active
辽宁师范大学,辽宁师范大学,4121010165,辽宁省,大连市,未分类,本科,false,,,教育部全国普通高等学校名单记录：主管部门=辽宁省；办学层次=本科。官网与研究生院链接待逐校官方核验后补充。,439,active
沈阳师范大学,沈阳师范大学,4121010166,辽宁省,沈阳市,未分类,本科,false,,,教育部全国普通高等学校名单记录：主管部门=辽宁省；办学层次=本科。官网与研究生院链接待逐校官方核验后补充。,440,active
渤海大学,渤海大学,4121010167,辽宁省,锦州市,未分类,本科,false,,,教育部全国普通高等学校名单记录：主管部门=辽宁省；办学层次=本科。官网与研究生院链接待逐校官方核验后补充。,441,active
鞍山师范学院,鞍山师范学院,4121010169,辽宁省,鞍山市,未分类,本科,false,,,教育部全国普通高等学校名单记录：主管部门=辽宁省；办学层次=本科。官网与研究生院链接待逐校官方核验后补充。,442,active
大连外国语大学,大连外国语大学,4121010172,辽宁省,大连市,未分类,本科,false,,,教育部全国普通高等学校名单记录：主管部门=辽宁省；办学层次=本科。官网与研究生院链接待逐校官方核验后补充。,443,active
东北财经大学,东北财经大学,4121010173,辽宁省,大连市,未分类,本科,false,,,教育部全国普通高等学校名单记录：主管部门=辽宁省；办学层次=本科。官网与研究生院链接待逐校官方核验后补充。,444,active
中国刑事警察学院,中国刑事警察学院,4121010175,辽宁省,沈阳市,未分类,本科,false,,,教育部全国普通高等学校名单记录：主管部门=公安部；办学层次=本科。官网与研究生院链接待逐校官方核验后补充。,445,active
沈阳体育学院,沈阳体育学院,4121010176,辽宁省,沈阳市,未分类,本科,false,,,教育部全国普通高等学校名单记录：主管部门=辽宁省；办学层次=本科。官网与研究生院链接待逐校官方核验后补充。,446,active
沈阳音乐学院,沈阳音乐学院,4121010177,辽宁省,沈阳市,未分类,本科,false,,,教育部全国普通高等学校名单记录：主管部门=辽宁省；办学层次=本科。官网与研究生院链接待逐校官方核验后补充。,447,active
鲁迅美术学院,鲁迅美术学院,4121010178,辽宁省,沈阳市,未分类,本科,false,,,教育部全国普通高等学校名单记录：主管部门=辽宁省；办学层次=本科。官网与研究生院链接待逐校官方核验后补充。,448,active
辽宁对外经贸学院,辽宁对外经贸学院,4121010841,辽宁省,大连市,未分类,本科,false,,,教育部全国普通高等学校名单记录：主管部门=辽宁省教育厅；办学层次=本科；备注=民办。官网与研究生院链接待逐校官方核验后补充。,449,active
沈阳大学,沈阳大学,4121011035,辽宁省,沈阳市,未分类,本科,false,,,教育部全国普通高等学校名单记录：主管部门=辽宁省；办学层次=本科。官网与研究生院链接待逐校官方核验后补充。,450,active
大连大学,大连大学,4121011258,辽宁省,大连市,未分类,本科,false,,,教育部全国普通高等学校名单记录：主管部门=辽宁省；办学层次=本科。官网与研究生院链接待逐校官方核验后补充。,451,active
辽宁科技学院,辽宁科技学院,4121011430,辽宁省,本溪市,未分类,本科,false,,,教育部全国普通高等学校名单记录：主管部门=辽宁省；办学层次=本科。官网与研究生院链接待逐校官方核验后补充。,452,active
辽宁警察学院,辽宁警察学院,4121011432,辽宁省,大连市,未分类,本科,false,,,教育部全国普通高等学校名单记录：主管部门=辽宁省；办学层次=本科。官网与研究生院链接待逐校官方核验后补充。,453,active
沈阳工程学院,沈阳工程学院,4121011632,辽宁省,沈阳市,未分类,本科,false,,,教育部全国普通高等学校名单记录：主管部门=辽宁省；办学层次=本科。官网与研究生院链接待逐校官方核验后补充。,454,active
辽东学院,辽东学院,4121011779,辽宁省,丹东市,未分类,本科,false,,,教育部全国普通高等学校名单记录：主管部门=辽宁省；办学层次=本科。官网与研究生院链接待逐校官方核验后补充。,455,active
大连民族大学,大连民族大学,4121012026,辽宁省,大连市,未分类,本科,false,,,教育部全国普通高等学校名单记录：主管部门=国家民委；办学层次=本科。官网与研究生院链接待逐校官方核验后补充。,456,active
辽宁理工职业大学,辽宁理工职业大学,4121012595,辽宁省,锦州市,未分类,本科,false,,,教育部全国普通高等学校名单记录：主管部门=辽宁省教育厅；办学层次=本科；备注=民办。官网与研究生院链接待逐校官方核验后补充。,457,active
大连理工大学城市学院,大连理工大学城市学院,4121013198,辽宁省,大连市,未分类,本科,false,,,教育部全国普通高等学校名单记录：主管部门=辽宁省教育厅；办学层次=本科；备注=民办。官网与研究生院链接待逐校官方核验后补充。,458,active
沈阳工业大学工程学院,沈阳工业大学工程学院,4121013199,辽宁省,辽阳市,未分类,本科,false,,,教育部全国普通高等学校名单记录：主管部门=辽宁省教育厅；办学层次=本科；备注=民办。官网与研究生院链接待逐校官方核验后补充。,459,active
沈阳航空航天大学北方科技学院,沈阳航空航天大学北方科技学院,4121013200,辽宁省,沈阳市,未分类,本科,false,,,教育部全国普通高等学校名单记录：主管部门=辽宁省教育厅；办学层次=本科；备注=民办。官网与研究生院链接待逐校官方核验后补充。,460,active
沈阳工学院,沈阳工学院,4121013201,辽宁省,抚顺市,未分类,本科,false,,,教育部全国普通高等学校名单记录：主管部门=辽宁省教育厅；办学层次=本科；备注=民办。官网与研究生院链接待逐校官方核验后补充。,461,active
大连工业大学艺术与信息工程学院,大连工业大学艺术与信息工程学院,4121013203,辽宁省,大连市,未分类,本科,false,,,教育部全国普通高等学校名单记录：主管部门=辽宁省教育厅；办学层次=本科；备注=民办。官网与研究生院链接待逐校官方核验后补充。,462,active
大连科技学院,大连科技学院,4121013207,辽宁省,大连市,未分类,本科,false,,,教育部全国普通高等学校名单记录：主管部门=辽宁省教育厅；办学层次=本科；备注=民办。官网与研究生院链接待逐校官方核验后补充。,463,active
沈阳城市建设学院,沈阳城市建设学院,4121013208,辽宁省,沈阳市,未分类,本科,false,,,教育部全国普通高等学校名单记录：主管部门=辽宁省教育厅；办学层次=本科；备注=民办。官网与研究生院链接待逐校官方核验后补充。,464,active
大连医科大学中山学院,大连医科大学中山学院,4121013212,辽宁省,大连市,未分类,本科,false,,,教育部全国普通高等学校名单记录：主管部门=辽宁省教育厅；办学层次=本科；备注=民办。官网与研究生院链接待逐校官方核验后补充。,465,active
锦州医科大学医疗学院,锦州医科大学医疗学院,4121013213,辽宁省,锦州市,未分类,本科,false,,,教育部全国普通高等学校名单记录：主管部门=辽宁省教育厅；办学层次=本科；备注=民办。官网与研究生院链接待逐校官方核验后补充。,466,active
辽宁师范大学海华学院,辽宁师范大学海华学院,4121013215,辽宁省,大连市,未分类,本科,false,,,教育部全国普通高等学校名单记录：主管部门=辽宁省教育厅；办学层次=本科；备注=民办。官网与研究生院链接待逐校官方核验后补充。,467,active
辽宁理工学院,辽宁理工学院,4121013217,辽宁省,锦州市,未分类,本科,false,,,教育部全国普通高等学校名单记录：主管部门=辽宁省教育厅；办学层次=本科；备注=民办。官网与研究生院链接待逐校官方核验后补充。,468,active
大连财经学院,大连财经学院,4121013218,辽宁省,大连市,未分类,本科,false,,,教育部全国普通高等学校名单记录：主管部门=辽宁省教育厅；办学层次=本科；备注=民办。官网与研究生院链接待逐校官方核验后补充。,469,active
沈阳城市学院,沈阳城市学院,4121013220,辽宁省,沈阳市,未分类,本科,false,,,教育部全国普通高等学校名单记录：主管部门=辽宁省教育厅；办学层次=本科；备注=民办。官网与研究生院链接待逐校官方核验后补充。,470,active
大连艺术学院,大连艺术学院,4121013599,辽宁省,大连市,未分类,本科,false,,,教育部全国普通高等学校名单记录：主管部门=辽宁省教育厅；办学层次=本科；备注=民办。官网与研究生院链接待逐校官方核验后补充。,471,active
辽宁中医药大学杏林学院,辽宁中医药大学杏林学院,4121013609,辽宁省,沈阳市,未分类,本科,false,,,教育部全国普通高等学校名单记录：主管部门=辽宁省教育厅；办学层次=本科；备注=民办。官网与研究生院链接待逐校官方核验后补充。,472,active
辽宁何氏医学院,辽宁何氏医学院,4121013610,辽宁省,沈阳市,未分类,本科,false,,,教育部全国普通高等学校名单记录：主管部门=辽宁省教育厅；办学层次=本科；备注=民办。官网与研究生院链接待逐校官方核验后补充。,473,active
沈阳科技学院,沈阳科技学院,4121013621,辽宁省,沈阳市,未分类,本科,false,,,教育部全国普通高等学校名单记录：主管部门=辽宁省教育厅；办学层次=本科；备注=民办。官网与研究生院链接待逐校官方核验后补充。,474,active
大连东软信息学院,大连东软信息学院,4121013631,辽宁省,大连市,未分类,本科,false,,,教育部全国普通高等学校名单记录：主管部门=辽宁省教育厅；办学层次=本科；备注=民办。官网与研究生院链接待逐校官方核验后补充。,475,active
辽宁财贸学院,辽宁财贸学院,4121013900,辽宁省,葫芦岛市,未分类,本科,false,,,教育部全国普通高等学校名单记录：主管部门=辽宁省教育厅；办学层次=本科；备注=民办。官网与研究生院链接待逐校官方核验后补充。,476,active
辽宁传媒学院,辽宁传媒学院,4121013957,辽宁省,沈阳市,未分类,本科,false,,,教育部全国普通高等学校名单记录：主管部门=辽宁省教育厅；办学层次=本科；备注=民办。官网与研究生院链接待逐校官方核验后补充。,477,active
营口理工学院,营口理工学院,4121014435,辽宁省,营口市,未分类,本科,false,,,教育部全国普通高等学校名单记录：主管部门=辽宁省；办学层次=本科。官网与研究生院链接待逐校官方核验后补充。,478,active
朝阳师范学院,朝阳师范学院,4121010171,辽宁省,朝阳市,未分类,本科,false,,,教育部全国普通高等学校名单记录：主管部门=辽宁省；办学层次=本科。官网与研究生院链接待逐校官方核验后补充。,479,active
抚顺师范高等专科学校,抚顺师范高等专科学校,4121010179,辽宁省,抚顺市,未分类,专科,false,,,教育部全国普通高等学校名单记录：主管部门=辽宁省；办学层次=专科。官网与研究生院链接待逐校官方核验后补充。,480,active
锦州师范高等专科学校,锦州师范高等专科学校,4121010180,辽宁省,锦州市,未分类,专科,false,,,教育部全国普通高等学校名单记录：主管部门=辽宁省；办学层次=专科。官网与研究生院链接待逐校官方核验后补充。,481,active
营口职业技术学院,营口职业技术学院,4121010181,辽宁省,营口市,未分类,专科,false,,,教育部全国普通高等学校名单记录：主管部门=辽宁省；办学层次=专科。官网与研究生院链接待逐校官方核验后补充。,482,active
铁岭师范高等专科学校,铁岭师范高等专科学校,4121010182,辽宁省,铁岭市,未分类,专科,false,,,教育部全国普通高等学校名单记录：主管部门=辽宁省；办学层次=专科。官网与研究生院链接待逐校官方核验后补充。,483,active
大连职业技术学院,大连职业技术学院,4121010845,辽宁省,大连市,未分类,专科,false,,,教育部全国普通高等学校名单记录：主管部门=辽宁省；办学层次=专科。官网与研究生院链接待逐校官方核验后补充。,484,active
辽宁农业职业技术学院,辽宁农业职业技术学院,4121010957,辽宁省,营口市,未分类,专科,false,,,教育部全国普通高等学校名单记录：主管部门=辽宁省；办学层次=专科。官网与研究生院链接待逐校官方核验后补充。,485,active
抚顺职业技术学院,抚顺职业技术学院,4121011037,辽宁省,抚顺市,未分类,专科,false,,,教育部全国普通高等学校名单记录：主管部门=辽宁省；办学层次=专科。官网与研究生院链接待逐校官方核验后补充。,486,active
辽阳职业技术学院,辽阳职业技术学院,4121011249,辽宁省,辽阳市,未分类,专科,false,,,教育部全国普通高等学校名单记录：主管部门=辽宁省；办学层次=专科。官网与研究生院链接待逐校官方核验后补充。,487,active
阜新高等专科学校,阜新高等专科学校,4121011250,辽宁省,阜新市,未分类,专科,false,,,教育部全国普通高等学校名单记录：主管部门=辽宁省；办学层次=专科。官网与研究生院链接待逐校官方核验后补充。,488,active
辽宁省交通高等专科学校,辽宁省交通高等专科学校,4121011500,辽宁省,沈阳市,未分类,专科,false,,,教育部全国普通高等学校名单记录：主管部门=辽宁省；办学层次=专科。官网与研究生院链接待逐校官方核验后补充。,489,active
辽宁税务高等专科学校,辽宁税务高等专科学校,4121011735,辽宁省,大连市,未分类,专科,false,,,教育部全国普通高等学校名单记录：主管部门=辽宁省；办学层次=专科。官网与研究生院链接待逐校官方核验后补充。,490,active
盘锦职业技术学院,盘锦职业技术学院,4121012063,辽宁省,盘锦市,未分类,专科,false,,,教育部全国普通高等学校名单记录：主管部门=辽宁省；办学层次=专科。官网与研究生院链接待逐校官方核验后补充。,491,active
沈阳航空职业技术学院,沈阳航空职业技术学院,4121012590,辽宁省,沈阳市,未分类,专科,false,,,教育部全国普通高等学校名单记录：主管部门=辽宁省；办学层次=专科。官网与研究生院链接待逐校官方核验后补充。,492,active
辽宁体育运动职业技术学院,辽宁体育运动职业技术学院,4121012591,辽宁省,沈阳市,未分类,专科,false,,,教育部全国普通高等学校名单记录：主管部门=辽宁省；办学层次=专科。官网与研究生院链接待逐校官方核验后补充。,493,active
辽宁职业学院,辽宁职业学院,4121012592,辽宁省,铁岭市,未分类,专科,false,,,教育部全国普通高等学校名单记录：主管部门=辽宁省；办学层次=专科。官网与研究生院链接待逐校官方核验后补充。,494,active
辽宁生态工程职业学院,辽宁生态工程职业学院,4121012593,辽宁省,沈阳市,未分类,专科,false,,,教育部全国普通高等学校名单记录：主管部门=辽宁省；办学层次=专科。官网与研究生院链接待逐校官方核验后补充。,495,active
沈阳职业技术学院,沈阳职业技术学院,4121012594,辽宁省,沈阳市,未分类,专科,false,,,教育部全国普通高等学校名单记录：主管部门=辽宁省；办学层次=专科。官网与研究生院链接待逐校官方核验后补充。,496,active
大连商务职业学院,大连商务职业学院,4121012730,辽宁省,大连市,未分类,专科,false,,,教育部全国普通高等学校名单记录：主管部门=辽宁省教育厅；办学层次=专科；备注=民办。官网与研究生院链接待逐校官方核验后补充。,497,active
辽宁金融职业学院,辽宁金融职业学院,4121012895,辽宁省,沈阳市,未分类,专科,false,,,教育部全国普通高等学校名单记录：主管部门=辽宁省；办学层次=专科。官网与研究生院链接待逐校官方核验后补充。,498,active
辽宁轨道交通职业学院,辽宁轨道交通职业学院,4121012896,辽宁省,沈阳市,未分类,专科,false,,,教育部全国普通高等学校名单记录：主管部门=辽宁省；办学层次=专科。官网与研究生院链接待逐校官方核验后补充。,499,active
辽宁广告职业学院,辽宁广告职业学院,4121012897,辽宁省,沈阳市,未分类,专科,false,,,教育部全国普通高等学校名单记录：主管部门=辽宁省教育厅；办学层次=专科；备注=民办。官网与研究生院链接待逐校官方核验后补充。,500,active
辽宁机电职业技术学院,辽宁机电职业技术学院,4121012898,辽宁省,丹东市,未分类,专科,false,,,教育部全国普通高等学校名单记录：主管部门=辽宁省；办学层次=专科。官网与研究生院链接待逐校官方核验后补充。,501,active
辽宁经济职业技术学院,辽宁经济职业技术学院,4121012899,辽宁省,沈阳市,未分类,专科,false,,,教育部全国普通高等学校名单记录：主管部门=辽宁省；办学层次=专科。官网与研究生院链接待逐校官方核验后补充。,502,active
辽宁石化职业技术学院,辽宁石化职业技术学院,4121012900,辽宁省,锦州市,未分类,专科,false,,,教育部全国普通高等学校名单记录：主管部门=辽宁省；办学层次=专科。官网与研究生院链接待逐校官方核验后补充。,503,active
渤海船舶职业学院,渤海船舶职业学院,4121012931,辽宁省,葫芦岛市,未分类,专科,false,,,教育部全国普通高等学校名单记录：主管部门=辽宁省；办学层次=专科。官网与研究生院链接待逐校官方核验后补充。,504,active
大连软件职业学院,大连软件职业学院,4121013958,辽宁省,大连市,未分类,专科,false,,,教育部全国普通高等学校名单记录：主管部门=辽宁省教育厅；办学层次=专科；备注=民办。官网与研究生院链接待逐校官方核验后补充。,505,active
大连翻译职业学院,大连翻译职业学院,4121013959,辽宁省,大连市,未分类,专科,false,,,教育部全国普通高等学校名单记录：主管部门=辽宁省教育厅；办学层次=专科；备注=民办。官网与研究生院链接待逐校官方核验后补充。,506,active
辽宁商贸职业学院,辽宁商贸职业学院,4121013960,辽宁省,沈阳市,未分类,专科,false,,,教育部全国普通高等学校名单记录：主管部门=辽宁省；办学层次=专科。官网与研究生院链接待逐校官方核验后补充。,507,active
大连枫叶职业技术学院,大连枫叶职业技术学院,4121013961,辽宁省,大连市,未分类,专科,false,,,教育部全国普通高等学校名单记录：主管部门=辽宁省教育厅；办学层次=专科；备注=民办。官网与研究生院链接待逐校官方核验后补充。,508,active
辽宁装备制造职业技术学院,辽宁装备制造职业技术学院,4121014076,辽宁省,沈阳市,未分类,专科,false,,,教育部全国普通高等学校名单记录：主管部门=辽宁省；办学层次=专科。官网与研究生院链接待逐校官方核验后补充。,509,active
辽河石油职业技术学院,辽河石油职业技术学院,4121014077,辽宁省,盘锦市,未分类,专科,false,,,教育部全国普通高等学校名单记录：主管部门=辽宁省；办学层次=专科。官网与研究生院链接待逐校官方核验后补充。,510,active
辽宁地质工程职业学院,辽宁地质工程职业学院,4121014106,辽宁省,丹东市,未分类,专科,false,,,教育部全国普通高等学校名单记录：主管部门=辽宁省；办学层次=专科。官网与研究生院链接待逐校官方核验后补充。,511,active
辽宁铁道职业技术学院,辽宁铁道职业技术学院,4121014188,辽宁省,锦州市,未分类,专科,false,,,教育部全国普通高等学校名单记录：主管部门=辽宁省；办学层次=专科。官网与研究生院链接待逐校官方核验后补充。,512,active
辽宁建筑职业学院,辽宁建筑职业学院,4121014189,辽宁省,辽阳市,未分类,专科,false,,,教育部全国普通高等学校名单记录：主管部门=辽宁省；办学层次=专科。官网与研究生院链接待逐校官方核验后补充。,513,active
大连航运职业技术学院,大连航运职业技术学院,4121014209,辽宁省,大连市,未分类,专科,false,,,教育部全国普通高等学校名单记录：主管部门=辽宁省教育厅；办学层次=专科；备注=民办。官网与研究生院链接待逐校官方核验后补充。,514,active
大连装备制造职业技术学院,大连装备制造职业技术学院,4121014227,辽宁省,大连市,未分类,专科,false,,,教育部全国普通高等学校名单记录：主管部门=辽宁省教育厅；办学层次=专科；备注=民办。官网与研究生院链接待逐校官方核验后补充。,515,active
大连汽车职业技术学院,大连汽车职业技术学院,4121014228,辽宁省,大连市,未分类,专科,false,,,教育部全国普通高等学校名单记录：主管部门=辽宁省教育厅；办学层次=专科；备注=民办。官网与研究生院链接待逐校官方核验后补充。,516,active
辽宁现代服务职业技术学院,辽宁现代服务职业技术学院,4121014240,辽宁省,沈阳市,未分类,专科,false,,,教育部全国普通高等学校名单记录：主管部门=辽宁省；办学层次=专科。官网与研究生院链接待逐校官方核验后补充。,517,active
辽宁冶金职业技术学院,辽宁冶金职业技术学院,4121014286,辽宁省,本溪市,未分类,专科,false,,,教育部全国普通高等学校名单记录：主管部门=辽宁省；办学层次=专科。官网与研究生院链接待逐校官方核验后补充。,518,active
辽宁工程职业学院,辽宁工程职业学院,4121014287,辽宁省,铁岭市,未分类,专科,false,,,教育部全国普通高等学校名单记录：主管部门=辽宁省；办学层次=专科。官网与研究生院链接待逐校官方核验后补充。,519,active
辽宁城市建设职业技术学院,辽宁城市建设职业技术学院,4121014288,辽宁省,沈阳市,未分类,专科,false,,,教育部全国普通高等学校名单记录：主管部门=辽宁省；办学层次=专科。官网与研究生院链接待逐校官方核验后补充。,520,active
辽宁医药职业学院,辽宁医药职业学院,4121014289,辽宁省,沈阳市,未分类,专科,false,,,教育部全国普通高等学校名单记录：主管部门=辽宁省；办学层次=专科。官网与研究生院链接待逐校官方核验后补充。,521,active
铁岭卫生职业学院,铁岭卫生职业学院,4121014290,辽宁省,铁岭市,未分类,专科,false,,,教育部全国普通高等学校名单记录：主管部门=辽宁省；办学层次=专科。官网与研究生院链接待逐校官方核验后补充。,522,active
沈阳北软信息职业技术学院,沈阳北软信息职业技术学院,4121014385,辽宁省,沈阳市,未分类,专科,false,,,教育部全国普通高等学校名单记录：主管部门=辽宁省教育厅；办学层次=专科；备注=民办。官网与研究生院链接待逐校官方核验后补充。,523,active
辽宁政法职业学院,辽宁政法职业学院,4121014398,辽宁省,沈阳市,未分类,专科,false,,,教育部全国普通高等学校名单记录：主管部门=辽宁省；办学层次=专科。官网与研究生院链接待逐校官方核验后补充。,524,active
辽宁民族师范高等专科学校,辽宁民族师范高等专科学校,4121014464,辽宁省,沈阳市,未分类,专科,false,,,教育部全国普通高等学校名单记录：主管部门=辽宁省；办学层次=专科。官网与研究生院链接待逐校官方核验后补充。,525,active
辽宁轻工职业学院,辽宁轻工职业学院,4121014473,辽宁省,大连市,未分类,专科,false,,,教育部全国普通高等学校名单记录：主管部门=辽宁省；办学层次=专科。官网与研究生院链接待逐校官方核验后补充。,526,active
辽宁特殊教育师范高等专科学校,辽宁特殊教育师范高等专科学校,4121014526,辽宁省,沈阳市,未分类,专科,false,,,教育部全国普通高等学校名单记录：主管部门=辽宁省；办学层次=专科。官网与研究生院链接待逐校官方核验后补充。,527,active
辽宁师范高等专科学校,辽宁师范高等专科学校,4121014662,辽宁省,沈阳市,未分类,专科,false,,,教育部全国普通高等学校名单记录：主管部门=辽宁省；办学层次=专科。官网与研究生院链接待逐校官方核验后补充。,528,active
鞍山职业技术学院,鞍山职业技术学院,4121014700,辽宁省,鞍山市,未分类,专科,false,,,教育部全国普通高等学校名单记录：主管部门=辽宁省；办学层次=专科。官网与研究生院链接待逐校官方核验后补充。,529,active
吉林大学,吉林大学,4122010183,吉林省,长春市,未分类,本科,false,,,教育部全国普通高等学校名单记录：主管部门=教育部；办学层次=本科。官网与研究生院链接待逐校官方核验后补充。,530,active
延边大学,延边大学,4122010184,吉林省,延边朝鲜族自治州,未分类,本科,false,,,教育部全国普通高等学校名单记录：主管部门=吉林省；办学层次=本科。官网与研究生院链接待逐校官方核验后补充。,531,active
长春理工大学,长春理工大学,4122010186,吉林省,长春市,未分类,本科,false,,,教育部全国普通高等学校名单记录：主管部门=吉林省；办学层次=本科。官网与研究生院链接待逐校官方核验后补充。,532,active
东北电力大学,东北电力大学,4122010188,吉林省,吉林市,未分类,本科,false,,,教育部全国普通高等学校名单记录：主管部门=吉林省；办学层次=本科。官网与研究生院链接待逐校官方核验后补充。,533,active
长春工业大学,长春工业大学,4122010190,吉林省,长春市,未分类,本科,false,,,教育部全国普通高等学校名单记录：主管部门=吉林省；办学层次=本科。官网与研究生院链接待逐校官方核验后补充。,534,active
吉林建筑大学,吉林建筑大学,4122010191,吉林省,长春市,未分类,本科,false,,,教育部全国普通高等学校名单记录：主管部门=吉林省；办学层次=本科。官网与研究生院链接待逐校官方核验后补充。,535,active
吉林化工大学,吉林化工大学,4122010192,吉林省,吉林市,未分类,本科,false,,,教育部全国普通高等学校名单记录：主管部门=吉林省；办学层次=本科。官网与研究生院链接待逐校官方核验后补充。,536,active
吉林农业大学,吉林农业大学,4122010193,吉林省,长春市,未分类,本科,false,,,教育部全国普通高等学校名单记录：主管部门=吉林省；办学层次=本科。官网与研究生院链接待逐校官方核验后补充。,537,active
长春中医药大学,长春中医药大学,4122010199,吉林省,长春市,未分类,本科,false,,,教育部全国普通高等学校名单记录：主管部门=吉林省；办学层次=本科。官网与研究生院链接待逐校官方核验后补充。,538,active
东北师范大学,东北师范大学,4122010200,吉林省,长春市,未分类,本科,false,,,教育部全国普通高等学校名单记录：主管部门=教育部；办学层次=本科。官网与研究生院链接待逐校官方核验后补充。,539,active
北华大学,北华大学,4122010201,吉林省,吉林市,未分类,本科,false,,,教育部全国普通高等学校名单记录：主管部门=吉林省；办学层次=本科。官网与研究生院链接待逐校官方核验后补充。,540,active
通化师范学院,通化师范学院,4122010202,吉林省,通化市,未分类,本科,false,,,教育部全国普通高等学校名单记录：主管部门=吉林省；办学层次=本科。官网与研究生院链接待逐校官方核验后补充。,541,active
吉林师范大学,吉林师范大学,4122010203,吉林省,四平市,未分类,本科,false,,,教育部全国普通高等学校名单记录：主管部门=吉林省；办学层次=本科。官网与研究生院链接待逐校官方核验后补充。,542,active
吉林工程技术师范学院,吉林工程技术师范学院,4122010204,吉林省,长春市,未分类,本科,false,,,教育部全国普通高等学校名单记录：主管部门=吉林省；办学层次=本科。官网与研究生院链接待逐校官方核验后补充。,543,active
长春师范大学,长春师范大学,4122010205,吉林省,长春市,未分类,本科,false,,,教育部全国普通高等学校名单记录：主管部门=吉林省；办学层次=本科。官网与研究生院链接待逐校官方核验后补充。,544,active
白城师范学院,白城师范学院,4122010206,吉林省,白城市,未分类,本科,false,,,教育部全国普通高等学校名单记录：主管部门=吉林省；办学层次=本科。官网与研究生院链接待逐校官方核验后补充。,545,active
吉林财经大学,吉林财经大学,4122010207,吉林省,长春市,未分类,本科,false,,,教育部全国普通高等学校名单记录：主管部门=吉林省；办学层次=本科。官网与研究生院链接待逐校官方核验后补充。,546,active
吉林体育学院,吉林体育学院,4122010208,吉林省,长春市,未分类,本科,false,,,教育部全国普通高等学校名单记录：主管部门=吉林省；办学层次=本科。官网与研究生院链接待逐校官方核验后补充。,547,active
吉林艺术学院,吉林艺术学院,4122010209,吉林省,长春市,未分类,本科,false,,,教育部全国普通高等学校名单记录：主管部门=吉林省；办学层次=本科。官网与研究生院链接待逐校官方核验后补充。,548,active
吉林外国语大学,吉林外国语大学,4122010964,吉林省,长春市,未分类,本科,false,,,教育部全国普通高等学校名单记录：主管部门=吉林省教育厅；办学层次=本科；备注=民办。官网与研究生院链接待逐校官方核验后补充。,549,active
吉林工商学院,吉林工商学院,4122011261,吉林省,长春市,未分类,本科,false,,,教育部全国普通高等学校名单记录：主管部门=吉林省；办学层次=本科。官网与研究生院链接待逐校官方核验后补充。,550,active
长春工程学院,长春工程学院,4122011437,吉林省,长春市,未分类,本科,false,,,教育部全国普通高等学校名单记录：主管部门=吉林省；办学层次=本科。官网与研究生院链接待逐校官方核验后补充。,551,active
吉林农业科技学院,吉林农业科技学院,4122011439,吉林省,吉林市,未分类,本科,false,,,教育部全国普通高等学校名单记录：主管部门=吉林省；办学层次=本科。官网与研究生院链接待逐校官方核验后补充。,552,active
吉林警察学院,吉林警察学院,4122011441,吉林省,长春市,未分类,本科,false,,,教育部全国普通高等学校名单记录：主管部门=吉林省；办学层次=本科。官网与研究生院链接待逐校官方核验后补充。,553,active
长春大学,长春大学,4122011726,吉林省,长春市,未分类,本科,false,,,教育部全国普通高等学校名单记录：主管部门=吉林省；办学层次=本科。官网与研究生院链接待逐校官方核验后补充。,554,active
长春光华学院,长春光华学院,4122013600,吉林省,长春市,未分类,本科,false,,,教育部全国普通高等学校名单记录：主管部门=吉林省教育厅；办学层次=本科；备注=民办。官网与研究生院链接待逐校官方核验后补充。,555,active
长春工业大学人文信息学院,长春工业大学人文信息学院,4122013601,吉林省,长春市,未分类,本科,false,,,教育部全国普通高等学校名单记录：主管部门=吉林省教育厅；办学层次=本科；备注=民办。官网与研究生院链接待逐校官方核验后补充。,556,active
长春电子科技学院,长春电子科技学院,4122013602,吉林省,长春市,未分类,本科,false,,,教育部全国普通高等学校名单记录：主管部门=吉林省教育厅；办学层次=本科；备注=民办。官网与研究生院链接待逐校官方核验后补充。,557,active
长春财经学院,长春财经学院,4122013603,吉林省,长春市,未分类,本科,false,,,教育部全国普通高等学校名单记录：主管部门=吉林省教育厅；办学层次=本科；备注=民办。官网与研究生院链接待逐校官方核验后补充。,558,active
吉林建筑科技学院,吉林建筑科技学院,4122013604,吉林省,长春市,未分类,本科,false,,,教育部全国普通高等学校名单记录：主管部门=吉林省教育厅；办学层次=本科；备注=民办。官网与研究生院链接待逐校官方核验后补充。,559,active
长春建筑学院,长春建筑学院,4122013605,吉林省,长春市,未分类,本科,false,,,教育部全国普通高等学校名单记录：主管部门=吉林省教育厅；办学层次=本科；备注=民办。官网与研究生院链接待逐校官方核验后补充。,560,active
长春科技学院,长春科技学院,4122013606,吉林省,长春市,未分类,本科,false,,,教育部全国普通高等学校名单记录：主管部门=吉林省教育厅；办学层次=本科；备注=民办。官网与研究生院链接待逐校官方核验后补充。,561,active
吉林动画学院,吉林动画学院,4122013607,吉林省,长春市,未分类,本科,false,,,教育部全国普通高等学校名单记录：主管部门=吉林省教育厅；办学层次=本科；备注=民办。官网与研究生院链接待逐校官方核验后补充。,562,active
吉林师范大学博达学院,吉林师范大学博达学院,4122013622,吉林省,四平市,未分类,本科,false,,,教育部全国普通高等学校名单记录：主管部门=吉林省教育厅；办学层次=本科；备注=民办。官网与研究生院链接待逐校官方核验后补充。,563,active
长春大学旅游学院,长春大学旅游学院,4122013623,吉林省,长春市,未分类,本科,false,,,教育部全国普通高等学校名单记录：主管部门=吉林省教育厅；办学层次=本科；备注=民办。官网与研究生院链接待逐校官方核验后补充。,564,active
长春人文学院,长春人文学院,4122013662,吉林省,长春市,未分类,本科,false,,,教育部全国普通高等学校名单记录：主管部门=吉林省教育厅；办学层次=本科；备注=民办。官网与研究生院链接待逐校官方核验后补充。,565,active
吉林医药学院,吉林医药学院,4122013706,吉林省,吉林市,未分类,本科,false,,,教育部全国普通高等学校名单记录：主管部门=吉林省；办学层次=本科。官网与研究生院链接待逐校官方核验后补充。,566,active
长春汽车职业技术大学,长春汽车职业技术大学,4122011436,吉林省,长春市,未分类,本科,false,,,教育部全国普通高等学校名单记录：主管部门=吉林省；办学层次=本科。官网与研究生院链接待逐校官方核验后补充。,567,active
长春职业技术大学,长春职业技术大学,4122013161,吉林省,长春市,未分类,本科,false,,,教育部全国普通高等学校名单记录：主管部门=吉林省；办学层次=本科。官网与研究生院链接待逐校官方核验后补充。,568,active
吉林铁道职业技术大学,吉林铁道职业技术大学,4122014052,吉林省,吉林市,未分类,本科,false,,,教育部全国普通高等学校名单记录：主管部门=吉林省；办学层次=本科。官网与研究生院链接待逐校官方核验后补充。,569,active
长春师范高等专科学校,长春师范高等专科学校,3622000335,吉林省,长春市,未分类,专科,false,,,教育部全国普通高等学校名单记录：主管部门=吉林省；办学层次=专科。官网与研究生院链接待逐校官方核验后补充。,570,active
辽源职业技术学院,辽源职业技术学院,4122010847,吉林省,辽源市,未分类,专科,false,,,教育部全国普通高等学校名单记录：主管部门=吉林省；办学层次=专科。官网与研究生院链接待逐校官方核验后补充。,571,active
四平职业大学,四平职业大学,4122011044,吉林省,四平市,未分类,专科,false,,,教育部全国普通高等学校名单记录：主管部门=吉林省；办学层次=专科。官网与研究生院链接待逐校官方核验后补充。,572,active
长春金融高等专科学校,长春金融高等专科学校,4122011440,吉林省,长春市,未分类,专科,false,,,教育部全国普通高等学校名单记录：主管部门=吉林省；办学层次=专科。官网与研究生院链接待逐校官方核验后补充。,573,active
长春医学高等专科学校,长春医学高等专科学校,4122011823,吉林省,长春市,未分类,专科,false,,,教育部全国普通高等学校名单记录：主管部门=吉林省；办学层次=专科。官网与研究生院链接待逐校官方核验后补充。,574,active
吉林交通职业技术学院,吉林交通职业技术学院,4122012049,吉林省,长春市,未分类,专科,false,,,教育部全国普通高等学校名单记录：主管部门=吉林省；办学层次=专科。官网与研究生院链接待逐校官方核验后补充。,575,active
长春东方职业学院,长春东方职业学院,4122012306,吉林省,长春市,未分类,专科,false,,,教育部全国普通高等学校名单记录：主管部门=吉林省教育厅；办学层次=专科；备注=民办。官网与研究生院链接待逐校官方核验后补充。,576,active
吉林司法警官职业学院,吉林司法警官职业学院,4122012901,吉林省,长春市,未分类,专科,false,,,教育部全国普通高等学校名单记录：主管部门=吉林省；办学层次=专科。官网与研究生院链接待逐校官方核验后补充。,577,active
吉林电子信息职业技术学院,吉林电子信息职业技术学院,4122012902,吉林省,吉林市,未分类,专科,false,,,教育部全国普通高等学校名单记录：主管部门=吉林省；办学层次=专科。官网与研究生院链接待逐校官方核验后补充。,578,active
吉林工业职业技术学院,吉林工业职业技术学院,4122012903,吉林省,吉林市,未分类,专科,false,,,教育部全国普通高等学校名单记录：主管部门=吉林省；办学层次=专科。官网与研究生院链接待逐校官方核验后补充。,579,active
吉林工程职业学院,吉林工程职业学院,4122012904,吉林省,四平市,未分类,专科,false,,,教育部全国普通高等学校名单记录：主管部门=吉林省；办学层次=专科。官网与研究生院链接待逐校官方核验后补充。,580,active
白城医学高等专科学校,白城医学高等专科学校,4122013743,吉林省,白城市,未分类,专科,false,,,教育部全国普通高等学校名单记录：主管部门=吉林省；办学层次=专科。官网与研究生院链接待逐校官方核验后补充。,581,active
长春信息技术职业学院,长春信息技术职业学院,4122013916,吉林省,长春市,未分类,专科,false,,,教育部全国普通高等学校名单记录：主管部门=吉林省教育厅；办学层次=专科；备注=民办。官网与研究生院链接待逐校官方核验后补充。,582,active
松原职业技术学院,松原职业技术学院,4122013917,吉林省,松原市,未分类,专科,false,,,教育部全国普通高等学校名单记录：主管部门=吉林省；办学层次=专科。官网与研究生院链接待逐校官方核验后补充。,583,active
白城职业技术学院,白城职业技术学院,4122014107,吉林省,白城市,未分类,专科,false,,,教育部全国普通高等学校名单记录：主管部门=吉林省；办学层次=专科。官网与研究生院链接待逐校官方核验后补充。,584,active
长白山职业技术学院,长白山职业技术学院,4122014190,吉林省,白山市,未分类,专科,false,,,教育部全国普通高等学校名单记录：主管部门=吉林省；办学层次=专科。官网与研究生院链接待逐校官方核验后补充。,585,active
吉林科技职业技术学院,吉林科技职业技术学院,4122014291,吉林省,长春市,未分类,专科,false,,,教育部全国普通高等学校名单记录：主管部门=吉林省教育厅；办学层次=专科；备注=民办。官网与研究生院链接待逐校官方核验后补充。,586,active
延边职业技术学院,延边职业技术学院,4122014340,吉林省,延边朝鲜族自治州,未分类,专科,false,,,教育部全国普通高等学校名单记录：主管部门=吉林省；办学层次=专科。官网与研究生院链接待逐校官方核验后补充。,587,active
吉林城市职业技术学院,吉林城市职业技术学院,4122014426,吉林省,长春市,未分类,专科,false,,,教育部全国普通高等学校名单记录：主管部门=吉林省教育厅；办学层次=专科；备注=民办。官网与研究生院链接待逐校官方核验后补充。,588,active
吉林职业技术学院,吉林职业技术学院,4122014567,吉林省,延边朝鲜族自治州,未分类,专科,false,,,教育部全国普通高等学校名单记录：主管部门=吉林省教育厅；办学层次=专科；备注=民办。官网与研究生院链接待逐校官方核验后补充。,589,active
吉林水利电力职业学院,吉林水利电力职业学院,4122014602,吉林省,长春市,未分类,专科,false,,,教育部全国普通高等学校名单记录：主管部门=吉林省；办学层次=专科。官网与研究生院链接待逐校官方核验后补充。,590,active
长春健康职业学院,长春健康职业学院,4122014603,吉林省,长春市,未分类,专科,false,,,教育部全国普通高等学校名单记录：主管部门=吉林省教育厅；办学层次=专科；备注=民办。官网与研究生院链接待逐校官方核验后补充。,591,active
长春早期教育职业学院,长春早期教育职业学院,4122014701,吉林省,长春市,未分类,专科,false,,,教育部全国普通高等学校名单记录：主管部门=吉林省教育厅；办学层次=专科；备注=民办。官网与研究生院链接待逐校官方核验后补充。,592,active
梅河口康美职业技术学院,梅河口康美职业技术学院,4122014702,吉林省,通化市,未分类,专科,false,,,教育部全国普通高等学校名单记录：主管部门=吉林省教育厅；办学层次=专科；备注=民办。官网与研究生院链接待逐校官方核验后补充。,593,active
吉林通用航空职业技术学院,吉林通用航空职业技术学院,4122014743,吉林省,吉林市,未分类,专科,false,,,教育部全国普通高等学校名单记录：主管部门=吉林省；办学层次=专科。官网与研究生院链接待逐校官方核验后补充。,594,active
通化医药健康职业学院,通化医药健康职业学院,4122014744,吉林省,通化市,未分类,专科,false,,,教育部全国普通高等学校名单记录：主管部门=吉林省；办学层次=专科。官网与研究生院链接待逐校官方核验后补充。,595,active
长春数字科技职业学院,长春数字科技职业学院,4122014894,吉林省,长春市,未分类,专科,false,,,教育部全国普通高等学校名单记录：主管部门=吉林省教育厅；办学层次=专科；备注=民办。官网与研究生院链接待逐校官方核验后补充。,596,active
四平现代职业学院,四平现代职业学院,4122014910,吉林省,四平市,未分类,专科,false,,,教育部全国普通高等学校名单记录：主管部门=吉林省；办学层次=专科。官网与研究生院链接待逐校官方核验后补充。,597,active
黑龙江大学,黑龙江大学,4123010212,黑龙江省,哈尔滨市,未分类,本科,false,,,教育部全国普通高等学校名单记录：主管部门=黑龙江省；办学层次=本科。官网与研究生院链接待逐校官方核验后补充。,598,active
哈尔滨工业大学,哈尔滨工业大学,4123010213,黑龙江省,哈尔滨市,未分类,本科,false,,,教育部全国普通高等学校名单记录：主管部门=工业和信息化部；办学层次=本科。官网与研究生院链接待逐校官方核验后补充。,599,active
哈尔滨理工大学,哈尔滨理工大学,4123010214,黑龙江省,哈尔滨市,未分类,本科,false,,,教育部全国普通高等学校名单记录：主管部门=黑龙江省；办学层次=本科。官网与研究生院链接待逐校官方核验后补充。,600,active
哈尔滨工程大学,哈尔滨工程大学,4123010217,黑龙江省,哈尔滨市,未分类,本科,false,,,教育部全国普通高等学校名单记录：主管部门=工业和信息化部；办学层次=本科。官网与研究生院链接待逐校官方核验后补充。,601,active
黑龙江科技大学,黑龙江科技大学,4123010219,黑龙江省,哈尔滨市,未分类,本科,false,,,教育部全国普通高等学校名单记录：主管部门=黑龙江省；办学层次=本科。官网与研究生院链接待逐校官方核验后补充。,602,active
东北石油大学,东北石油大学,4123010220,黑龙江省,大庆市,未分类,本科,false,,,教育部全国普通高等学校名单记录：主管部门=黑龙江省；办学层次=本科。官网与研究生院链接待逐校官方核验后补充。,603,active
佳木斯大学,佳木斯大学,4123010222,黑龙江省,佳木斯市,未分类,本科,false,,,教育部全国普通高等学校名单记录：主管部门=黑龙江省；办学层次=本科。官网与研究生院链接待逐校官方核验后补充。,604,active
黑龙江八一农垦大学,黑龙江八一农垦大学,4123010223,黑龙江省,大庆市,未分类,本科,false,,,教育部全国普通高等学校名单记录：主管部门=黑龙江省；办学层次=本科。官网与研究生院链接待逐校官方核验后补充。,605,active
东北农业大学,东北农业大学,4123010224,黑龙江省,哈尔滨市,未分类,本科,false,,,教育部全国普通高等学校名单记录：主管部门=黑龙江省；办学层次=本科。官网与研究生院链接待逐校官方核验后补充。,606,active
东北林业大学,东北林业大学,4123010225,黑龙江省,哈尔滨市,未分类,本科,false,,,教育部全国普通高等学校名单记录：主管部门=教育部；办学层次=本科。官网与研究生院链接待逐校官方核验后补充。,607,active
哈尔滨医科大学,哈尔滨医科大学,4123010226,黑龙江省,哈尔滨市,未分类,本科,false,,,教育部全国普通高等学校名单记录：主管部门=黑龙江省；办学层次=本科。官网与研究生院链接待逐校官方核验后补充。,608,active
黑龙江中医药大学,黑龙江中医药大学,4123010228,黑龙江省,哈尔滨市,未分类,本科,false,,,教育部全国普通高等学校名单记录：主管部门=黑龙江省；办学层次=本科。官网与研究生院链接待逐校官方核验后补充。,609,active
牡丹江医科大学,牡丹江医科大学,4123010229,黑龙江省,牡丹江市,未分类,本科,false,,,教育部全国普通高等学校名单记录：主管部门=黑龙江省；办学层次=本科。官网与研究生院链接待逐校官方核验后补充。,610,active
哈尔滨师范大学,哈尔滨师范大学,4123010231,黑龙江省,哈尔滨市,未分类,本科,false,,,教育部全国普通高等学校名单记录：主管部门=黑龙江省；办学层次=本科。官网与研究生院链接待逐校官方核验后补充。,611,active
齐齐哈尔大学,齐齐哈尔大学,4123010232,黑龙江省,齐齐哈尔市,未分类,本科,false,,,教育部全国普通高等学校名单记录：主管部门=黑龙江省；办学层次=本科。官网与研究生院链接待逐校官方核验后补充。,612,active
牡丹江师范学院,牡丹江师范学院,4123010233,黑龙江省,牡丹江市,未分类,本科,false,,,教育部全国普通高等学校名单记录：主管部门=黑龙江省；办学层次=本科。官网与研究生院链接待逐校官方核验后补充。,613,active
哈尔滨学院,哈尔滨学院,4123010234,黑龙江省,哈尔滨市,未分类,本科,false,,,教育部全国普通高等学校名单记录：主管部门=黑龙江省；办学层次=本科。官网与研究生院链接待逐校官方核验后补充。,614,active
大庆师范学院,大庆师范学院,4123010235,黑龙江省,大庆市,未分类,本科,false,,,教育部全国普通高等学校名单记录：主管部门=黑龙江省；办学层次=本科。官网与研究生院链接待逐校官方核验后补充。,615,active
绥化学院,绥化学院,4123010236,黑龙江省,绥化市,未分类,本科,false,,,教育部全国普通高等学校名单记录：主管部门=黑龙江省；办学层次=本科。官网与研究生院链接待逐校官方核验后补充。,616,active
哈尔滨商业大学,哈尔滨商业大学,4123010240,黑龙江省,哈尔滨市,未分类,本科,false,,,教育部全国普通高等学校名单记录：主管部门=黑龙江省；办学层次=本科。官网与研究生院链接待逐校官方核验后补充。,617,active
哈尔滨体育学院,哈尔滨体育学院,4123010242,黑龙江省,哈尔滨市,未分类,本科,false,,,教育部全国普通高等学校名单记录：主管部门=黑龙江省；办学层次=本科。官网与研究生院链接待逐校官方核验后补充。,618,active
哈尔滨金融学院,哈尔滨金融学院,4123010245,黑龙江省,哈尔滨市,未分类,本科,false,,,教育部全国普通高等学校名单记录：主管部门=黑龙江省；办学层次=本科。官网与研究生院链接待逐校官方核验后补充。,619,active
齐齐哈尔医学院,齐齐哈尔医学院,4123011230,黑龙江省,齐齐哈尔市,未分类,本科,false,,,教育部全国普通高等学校名单记录：主管部门=黑龙江省；办学层次=本科。官网与研究生院链接待逐校官方核验后补充。,620,active
黑龙江工业学院,黑龙江工业学院,4123011445,黑龙江省,鸡西市,未分类,本科,false,,,教育部全国普通高等学校名单记录：主管部门=黑龙江省；办学层次=本科。官网与研究生院链接待逐校官方核验后补充。,621,active
黑龙江东方学院,黑龙江东方学院,4123011446,黑龙江省,哈尔滨市,未分类,本科,false,,,教育部全国普通高等学校名单记录：主管部门=黑龙江省教育厅；办学层次=本科；备注=民办。官网与研究生院链接待逐校官方核验后补充。,622,active
哈尔滨信息工程学院,哈尔滨信息工程学院,4123011635,黑龙江省,哈尔滨市,未分类,本科,false,,,教育部全国普通高等学校名单记录：主管部门=黑龙江省教育厅；办学层次=本科；备注=民办。官网与研究生院链接待逐校官方核验后补充。,623,active
黑龙江工程学院,黑龙江工程学院,4123011802,黑龙江省,哈尔滨市,未分类,本科,false,,,教育部全国普通高等学校名单记录：主管部门=黑龙江省；办学层次=本科。官网与研究生院链接待逐校官方核验后补充。,624,active
齐齐哈尔工程学院,齐齐哈尔工程学院,4123012729,黑龙江省,齐齐哈尔市,未分类,本科,false,,,教育部全国普通高等学校名单记录：主管部门=黑龙江省教育厅；办学层次=本科；备注=民办。官网与研究生院链接待逐校官方核验后补充。,625,active
黑龙江外国语学院,黑龙江外国语学院,4123013296,黑龙江省,哈尔滨市,未分类,本科,false,,,教育部全国普通高等学校名单记录：主管部门=黑龙江省教育厅；办学层次=本科；备注=民办。官网与研究生院链接待逐校官方核验后补充。,626,active
黑龙江财经学院,黑龙江财经学院,4123013298,黑龙江省,哈尔滨市,未分类,本科,false,,,教育部全国普通高等学校名单记录：主管部门=黑龙江省教育厅；办学层次=本科；备注=民办。官网与研究生院链接待逐校官方核验后补充。,627,active
哈尔滨石油学院,哈尔滨石油学院,4123013299,黑龙江省,哈尔滨市,未分类,本科,false,,,教育部全国普通高等学校名单记录：主管部门=黑龙江省教育厅；办学层次=本科；备注=民办。官网与研究生院链接待逐校官方核验后补充。,628,active
黑龙江工商学院,黑龙江工商学院,4123013300,黑龙江省,哈尔滨市,未分类,本科,false,,,教育部全国普通高等学校名单记录：主管部门=黑龙江省教育厅；办学层次=本科；备注=民办。官网与研究生院链接待逐校官方核验后补充。,629,active
哈尔滨远东理工学院,哈尔滨远东理工学院,4123013301,黑龙江省,哈尔滨市,未分类,本科,false,,,教育部全国普通高等学校名单记录：主管部门=黑龙江省教育厅；办学层次=本科；备注=民办。官网与研究生院链接待逐校官方核验后补充。,630,active
哈尔滨剑桥学院,哈尔滨剑桥学院,4123013303,黑龙江省,哈尔滨市,未分类,本科,false,,,教育部全国普通高等学校名单记录：主管部门=黑龙江省教育厅；办学层次=本科；备注=民办。官网与研究生院链接待逐校官方核验后补充。,631,active
黑龙江工程学院昆仑旅游学院,黑龙江工程学院昆仑旅游学院,4123013304,黑龙江省,哈尔滨市,未分类,本科,false,,,教育部全国普通高等学校名单记录：主管部门=黑龙江省教育厅；办学层次=本科；备注=民办。官网与研究生院链接待逐校官方核验后补充。,632,active
哈尔滨广厦学院,哈尔滨广厦学院,4123013306,黑龙江省,哈尔滨市,未分类,本科,false,,,教育部全国普通高等学校名单记录：主管部门=黑龙江省教育厅；办学层次=本科；备注=民办。官网与研究生院链接待逐校官方核验后补充。,633,active
哈尔滨华德学院,哈尔滨华德学院,4123013307,黑龙江省,哈尔滨市,未分类,本科,false,,,教育部全国普通高等学校名单记录：主管部门=黑龙江省教育厅；办学层次=本科；备注=民办。官网与研究生院链接待逐校官方核验后补充。,634,active
黑河学院,黑河学院,4123013744,黑龙江省,黑河市,未分类,本科,false,,,教育部全国普通高等学校名单记录：主管部门=黑龙江省；办学层次=本科。官网与研究生院链接待逐校官方核验后补充。,635,active
哈尔滨音乐学院,哈尔滨音乐学院,4123014560,黑龙江省,哈尔滨市,未分类,本科,false,,,教育部全国普通高等学校名单记录：主管部门=黑龙江省；办学层次=本科。官网与研究生院链接待逐校官方核验后补充。,636,active
哈尔滨职业技术大学,哈尔滨职业技术大学,4123012911,黑龙江省,哈尔滨市,未分类,本科,false,,,教育部全国普通高等学校名单记录：主管部门=黑龙江省；办学层次=本科。官网与研究生院链接待逐校官方核验后补充。,637,active
齐齐哈尔高等师范专科学校,齐齐哈尔高等师范专科学校,4123010238,黑龙江省,齐齐哈尔市,未分类,专科,false,,,教育部全国普通高等学校名单记录：主管部门=黑龙江省；办学层次=专科。官网与研究生院链接待逐校官方核验后补充。,638,active
伊春职业学院,伊春职业学院,4123010872,黑龙江省,伊春市,未分类,专科,false,,,教育部全国普通高等学校名单记录：主管部门=黑龙江省；办学层次=专科。官网与研究生院链接待逐校官方核验后补充。,639,active
牡丹江大学,牡丹江大学,4123011046,黑龙江省,牡丹江市,未分类,专科,false,,,教育部全国普通高等学校名单记录：主管部门=黑龙江省；办学层次=专科。官网与研究生院链接待逐校官方核验后补充。,640,active
黑龙江职业学院,黑龙江职业学院,4123011449,黑龙江省,哈尔滨市,未分类,专科,false,,,教育部全国普通高等学校名单记录：主管部门=黑龙江省；办学层次=专科。官网与研究生院链接待逐校官方核验后补充。,641,active
黑龙江建筑职业技术学院,黑龙江建筑职业技术学院,4123012053,黑龙江省,哈尔滨市,未分类,专科,false,,,教育部全国普通高等学校名单记录：主管部门=黑龙江省；办学层次=专科。官网与研究生院链接待逐校官方核验后补充。,642,active
黑龙江艺术职业学院,黑龙江艺术职业学院,4123012490,黑龙江省,哈尔滨市,未分类,专科,false,,,教育部全国普通高等学校名单记录：主管部门=黑龙江省；办学层次=专科。官网与研究生院链接待逐校官方核验后补充。,643,active
大庆职业学院,大庆职业学院,4123012718,黑龙江省,大庆市,未分类,专科,false,,,教育部全国普通高等学校名单记录：主管部门=黑龙江省；办学层次=专科。官网与研究生院链接待逐校官方核验后补充。,644,active
黑龙江林业职业技术学院,黑龙江林业职业技术学院,4123012724,黑龙江省,牡丹江市,未分类,专科,false,,,教育部全国普通高等学校名单记录：主管部门=黑龙江省；办学层次=专科。官网与研究生院链接待逐校官方核验后补充。,645,active
黑龙江农业职业技术学院,黑龙江农业职业技术学院,4123012725,黑龙江省,佳木斯市,未分类,专科,false,,,教育部全国普通高等学校名单记录：主管部门=黑龙江省；办学层次=专科。官网与研究生院链接待逐校官方核验后补充。,646,active
黑龙江农业工程职业学院,黑龙江农业工程职业学院,4123012726,黑龙江省,哈尔滨市,未分类,专科,false,,,教育部全国普通高等学校名单记录：主管部门=黑龙江省；办学层次=专科。官网与研究生院链接待逐校官方核验后补充。,647,active
黑龙江农垦职业学院,黑龙江农垦职业学院,4123012727,黑龙江省,哈尔滨市,未分类,专科,false,,,教育部全国普通高等学校名单记录：主管部门=黑龙江省；办学层次=专科。官网与研究生院链接待逐校官方核验后补充。,648,active
黑龙江司法警官职业学院,黑龙江司法警官职业学院,4123012728,黑龙江省,哈尔滨市,未分类,专科,false,,,教育部全国普通高等学校名单记录：主管部门=黑龙江省；办学层次=专科。官网与研究生院链接待逐校官方核验后补充。,649,active
鹤岗师范高等专科学校,鹤岗师范高等专科学校,4123012905,黑龙江省,鹤岗市,未分类,专科,false,,,教育部全国普通高等学校名单记录：主管部门=黑龙江省；办学层次=专科。官网与研究生院链接待逐校官方核验后补充。,650,active
哈尔滨电力职业技术学院,哈尔滨电力职业技术学院,4123012906,黑龙江省,哈尔滨市,未分类,专科,false,,,教育部全国普通高等学校名单记录：主管部门=黑龙江省；办学层次=专科。官网与研究生院链接待逐校官方核验后补充。,651,active
哈尔滨铁道职业技术学院,哈尔滨铁道职业技术学院,4123012907,黑龙江省,哈尔滨市,未分类,专科,false,,,教育部全国普通高等学校名单记录：主管部门=黑龙江省；办学层次=专科。官网与研究生院链接待逐校官方核验后补充。,652,active
大兴安岭职业学院,大兴安岭职业学院,4123012908,黑龙江省,大兴安岭地区,未分类,专科,false,,,教育部全国普通高等学校名单记录：主管部门=黑龙江省；办学层次=专科。官网与研究生院链接待逐校官方核验后补充。,653,active
黑龙江农业经济职业学院,黑龙江农业经济职业学院,4123012910,黑龙江省,牡丹江市,未分类,专科,false,,,教育部全国普通高等学校名单记录：主管部门=黑龙江省；办学层次=专科。官网与研究生院链接待逐校官方核验后补充。,654,active
哈尔滨传媒职业学院,哈尔滨传媒职业学院,4123013302,黑龙江省,哈尔滨市,未分类,专科,false,,,教育部全国普通高等学校名单记录：主管部门=黑龙江省教育厅；办学层次=专科；备注=民办。官网与研究生院链接待逐校官方核验后补充。,655,active
黑龙江商业职业学院,黑龙江商业职业学院,4123013448,黑龙江省,牡丹江市,未分类,专科,false,,,教育部全国普通高等学校名单记录：主管部门=黑龙江省；办学层次=专科。官网与研究生院链接待逐校官方核验后补充。,656,active
黑龙江公安警官职业学院,黑龙江公安警官职业学院,4123013449,黑龙江省,哈尔滨市,未分类,专科,false,,,教育部全国普通高等学校名单记录：主管部门=黑龙江省；办学层次=专科。官网与研究生院链接待逐校官方核验后补充。,657,active
哈尔滨城市职业学院,哈尔滨城市职业学院,4123013451,黑龙江省,哈尔滨市,未分类,专科,false,,,教育部全国普通高等学校名单记录：主管部门=黑龙江省教育厅；办学层次=专科；备注=民办。官网与研究生院链接待逐校官方核验后补充。,658,active
黑龙江旅游职业技术学院,黑龙江旅游职业技术学院,4123013729,黑龙江省,哈尔滨市,未分类,专科,false,,,教育部全国普通高等学校名单记录：主管部门=黑龙江省；办学层次=专科。官网与研究生院链接待逐校官方核验后补充。,659,active
黑龙江三江美术职业学院,黑龙江三江美术职业学院,4123013730,黑龙江省,佳木斯市,未分类,专科,false,,,教育部全国普通高等学校名单记录：主管部门=黑龙江省教育厅；办学层次=专科；备注=民办。官网与研究生院链接待逐校官方核验后补充。,660,active
黑龙江生态工程职业学院,黑龙江生态工程职业学院,4123013731,黑龙江省,哈尔滨市,未分类,专科,false,,,教育部全国普通高等学校名单记录：主管部门=黑龙江省；办学层次=专科。官网与研究生院链接待逐校官方核验后补充。,661,active
黑龙江能源职业学院,黑龙江能源职业学院,4123013732,黑龙江省,双鸭山市,未分类,专科,false,,,教育部全国普通高等学校名单记录：主管部门=黑龙江省；办学层次=专科。官网与研究生院链接待逐校官方核验后补充。,662,active
七台河职业学院,七台河职业学院,4123013918,黑龙江省,七台河市,未分类,专科,false,,,教育部全国普通高等学校名单记录：主管部门=黑龙江省；办学层次=专科。官网与研究生院链接待逐校官方核验后补充。,663,active
黑龙江民族职业学院,黑龙江民族职业学院,4123013935,黑龙江省,哈尔滨市,未分类,专科,false,,,教育部全国普通高等学校名单记录：主管部门=黑龙江省；办学层次=专科。官网与研究生院链接待逐校官方核验后补充。,664,active
大庆医学高等专科学校,大庆医学高等专科学校,4123014017,黑龙江省,大庆市,未分类,专科,false,,,教育部全国普通高等学校名单记录：主管部门=黑龙江省；办学层次=专科。官网与研究生院链接待逐校官方核验后补充。,665,active
黑龙江交通职业技术学院,黑龙江交通职业技术学院,4123014053,黑龙江省,哈尔滨市,未分类,专科,false,,,教育部全国普通高等学校名单记录：主管部门=黑龙江省；办学层次=专科。官网与研究生院链接待逐校官方核验后补充。,666,active
哈尔滨应用职业技术学院,哈尔滨应用职业技术学院,4123014055,黑龙江省,哈尔滨市,未分类,专科,false,,,教育部全国普通高等学校名单记录：主管部门=黑龙江省教育厅；办学层次=专科；备注=民办。官网与研究生院链接待逐校官方核验后补充。,667,active
黑龙江幼儿师范高等专科学校,黑龙江幼儿师范高等专科学校,4123014095,黑龙江省,牡丹江市,未分类,专科,false,,,教育部全国普通高等学校名单记录：主管部门=黑龙江省；办学层次=专科。官网与研究生院链接待逐校官方核验后补充。,668,active
哈尔滨科学技术职业学院,哈尔滨科学技术职业学院,4123014108,黑龙江省,哈尔滨市,未分类,专科,false,,,教育部全国普通高等学校名单记录：主管部门=黑龙江省；办学层次=专科。官网与研究生院链接待逐校官方核验后补充。,669,active
佳木斯职业学院,佳木斯职业学院,4123014178,黑龙江省,佳木斯市,未分类,专科,false,,,教育部全国普通高等学校名单记录：主管部门=黑龙江省；办学层次=专科。官网与研究生院链接待逐校官方核验后补充。,670,active
黑龙江护理高等专科学校,黑龙江护理高等专科学校,4123014272,黑龙江省,哈尔滨市,未分类,专科,false,,,教育部全国普通高等学校名单记录：主管部门=黑龙江省；办学层次=专科。官网与研究生院链接待逐校官方核验后补充。,671,active
齐齐哈尔理工职业学院,齐齐哈尔理工职业学院,4123014400,黑龙江省,齐齐哈尔市,未分类,专科,false,,,教育部全国普通高等学校名单记录：主管部门=黑龙江省教育厅；办学层次=专科；备注=民办。官网与研究生院链接待逐校官方核验后补充。,672,active
哈尔滨幼儿师范高等专科学校,哈尔滨幼儿师范高等专科学校,4123014425,黑龙江省,哈尔滨市,未分类,专科,false,,,教育部全国普通高等学校名单记录：主管部门=黑龙江省；办学层次=专科。官网与研究生院链接待逐校官方核验后补充。,673,active
黑龙江冰雪体育职业学院,黑龙江冰雪体育职业学院,4123014540,黑龙江省,哈尔滨市,未分类,专科,false,,,教育部全国普通高等学校名单记录：主管部门=黑龙江省；办学层次=专科。官网与研究生院链接待逐校官方核验后补充。,674,active
哈尔滨北方航空职业技术学院,哈尔滨北方航空职业技术学院,4123014633,黑龙江省,哈尔滨市,未分类,专科,false,,,教育部全国普通高等学校名单记录：主管部门=黑龙江省教育厅；办学层次=专科；备注=民办。官网与研究生院链接待逐校官方核验后补充。,675,active
哈尔滨商贸职业学院,哈尔滨商贸职业学院,4123014911,黑龙江省,哈尔滨市,未分类,专科,false,,,教育部全国普通高等学校名单记录：主管部门=黑龙江省教育厅；办学层次=专科；备注=民办。官网与研究生院链接待逐校官方核验后补充。,676,active
齐齐哈尔立德健康职业学院,齐齐哈尔立德健康职业学院,4123014912,黑龙江省,齐齐哈尔市,未分类,专科,false,,,教育部全国普通高等学校名单记录：主管部门=黑龙江省教育厅；办学层次=专科；备注=民办。官网与研究生院链接待逐校官方核验后补充。,677,active
复旦大学,复旦大学,4131010246,上海市,上海市,未分类,本科,false,,,教育部全国普通高等学校名单记录：主管部门=教育部；办学层次=本科。官网与研究生院链接待逐校官方核验后补充。,678,active
同济大学,同济大学,4131010247,上海市,上海市,未分类,本科,false,,,教育部全国普通高等学校名单记录：主管部门=教育部；办学层次=本科。官网与研究生院链接待逐校官方核验后补充。,679,active
上海交通大学,上海交通大学,4131010248,上海市,上海市,未分类,本科,false,,,教育部全国普通高等学校名单记录：主管部门=教育部；办学层次=本科。官网与研究生院链接待逐校官方核验后补充。,680,active
华东理工大学,华东理工大学,4131010251,上海市,上海市,未分类,本科,false,,,教育部全国普通高等学校名单记录：主管部门=教育部；办学层次=本科。官网与研究生院链接待逐校官方核验后补充。,681,active
上海理工大学,上海理工大学,4131010252,上海市,上海市,未分类,本科,false,,,教育部全国普通高等学校名单记录：主管部门=上海市；办学层次=本科。官网与研究生院链接待逐校官方核验后补充。,682,active
上海海事大学,上海海事大学,4131010254,上海市,上海市,未分类,本科,false,,,教育部全国普通高等学校名单记录：主管部门=上海市；办学层次=本科。官网与研究生院链接待逐校官方核验后补充。,683,active
东华大学,东华大学,4131010255,上海市,上海市,未分类,本科,false,,,教育部全国普通高等学校名单记录：主管部门=教育部；办学层次=本科。官网与研究生院链接待逐校官方核验后补充。,684,active
上海电力大学,上海电力大学,4131010256,上海市,上海市,未分类,本科,false,,,教育部全国普通高等学校名单记录：主管部门=上海市；办学层次=本科。官网与研究生院链接待逐校官方核验后补充。,685,active
上海应用技术大学,上海应用技术大学,4131010259,上海市,上海市,未分类,本科,false,,,教育部全国普通高等学校名单记录：主管部门=上海市；办学层次=本科。官网与研究生院链接待逐校官方核验后补充。,686,active
上海健康医学院,上海健康医学院,4131010262,上海市,上海市,未分类,本科,false,,,教育部全国普通高等学校名单记录：主管部门=上海市；办学层次=本科。官网与研究生院链接待逐校官方核验后补充。,687,active
上海海洋大学,上海海洋大学,4131010264,上海市,上海市,未分类,本科,false,,,教育部全国普通高等学校名单记录：主管部门=上海市；办学层次=本科。官网与研究生院链接待逐校官方核验后补充。,688,active
上海中医药大学,上海中医药大学,4131010268,上海市,上海市,未分类,本科,false,,,教育部全国普通高等学校名单记录：主管部门=上海市；办学层次=本科。官网与研究生院链接待逐校官方核验后补充。,689,active
华东师范大学,华东师范大学,4131010269,上海市,上海市,未分类,本科,false,,,教育部全国普通高等学校名单记录：主管部门=教育部；办学层次=本科。官网与研究生院链接待逐校官方核验后补充。,690,active
上海师范大学,上海师范大学,4131010270,上海市,上海市,未分类,本科,false,,,教育部全国普通高等学校名单记录：主管部门=上海市；办学层次=本科。官网与研究生院链接待逐校官方核验后补充。,691,active
上海外国语大学,上海外国语大学,4131010271,上海市,上海市,未分类,本科,false,,,教育部全国普通高等学校名单记录：主管部门=教育部；办学层次=本科。官网与研究生院链接待逐校官方核验后补充。,692,active
上海财经大学,上海财经大学,4131010272,上海市,上海市,未分类,本科,false,,,教育部全国普通高等学校名单记录：主管部门=教育部；办学层次=本科。官网与研究生院链接待逐校官方核验后补充。,693,active
上海对外经贸大学,上海对外经贸大学,4131010273,上海市,上海市,未分类,本科,false,,,教育部全国普通高等学校名单记录：主管部门=上海市；办学层次=本科。官网与研究生院链接待逐校官方核验后补充。,694,active
上海海关学院,上海海关学院,4131010274,上海市,上海市,未分类,本科,false,,,教育部全国普通高等学校名单记录：主管部门=海关总署；办学层次=本科。官网与研究生院链接待逐校官方核验后补充。,695,active
华东政法大学,华东政法大学,4131010276,上海市,上海市,未分类,本科,false,,,教育部全国普通高等学校名单记录：主管部门=上海市；办学层次=本科。官网与研究生院链接待逐校官方核验后补充。,696,active
上海体育大学,上海体育大学,4131010277,上海市,上海市,未分类,本科,false,,,教育部全国普通高等学校名单记录：主管部门=上海市；办学层次=本科。官网与研究生院链接待逐校官方核验后补充。,697,active
上海音乐学院,上海音乐学院,4131010278,上海市,上海市,未分类,本科,false,,,教育部全国普通高等学校名单记录：主管部门=上海市；办学层次=本科。官网与研究生院链接待逐校官方核验后补充。,698,active
上海戏剧学院,上海戏剧学院,4131010279,上海市,上海市,未分类,本科,false,,,教育部全国普通高等学校名单记录：主管部门=上海市；办学层次=本科。官网与研究生院链接待逐校官方核验后补充。,699,active
上海大学,上海大学,4131010280,上海市,上海市,未分类,本科,false,,,教育部全国普通高等学校名单记录：主管部门=上海市；办学层次=本科。官网与研究生院链接待逐校官方核验后补充。,700,active
上海公安学院,上海公安学院,4131010283,上海市,上海市,未分类,本科,false,,,教育部全国普通高等学校名单记录：主管部门=上海市；办学层次=本科。官网与研究生院链接待逐校官方核验后补充。,701,active
上海工程技术大学,上海工程技术大学,4131010856,上海市,上海市,未分类,本科,false,,,教育部全国普通高等学校名单记录：主管部门=上海市；办学层次=本科。官网与研究生院链接待逐校官方核验后补充。,702,active
上海立信会计金融学院,上海立信会计金融学院,4131011047,上海市,上海市,未分类,本科,false,,,教育部全国普通高等学校名单记录：主管部门=上海市；办学层次=本科。官网与研究生院链接待逐校官方核验后补充。,703,active
上海电机学院,上海电机学院,4131011458,上海市,上海市,未分类,本科,false,,,教育部全国普通高等学校名单记录：主管部门=上海市；办学层次=本科。官网与研究生院链接待逐校官方核验后补充。,704,active
上海杉达学院,上海杉达学院,4131011833,上海市,上海市,未分类,本科,false,,,教育部全国普通高等学校名单记录：主管部门=上海市教委；办学层次=本科；备注=民办。官网与研究生院链接待逐校官方核验后补充。,705,active
上海政法学院,上海政法学院,4131011835,上海市,上海市,未分类,本科,false,,,教育部全国普通高等学校名单记录：主管部门=上海市；办学层次=本科。官网与研究生院链接待逐校官方核验后补充。,706,active
上海第二工业大学,上海第二工业大学,4131012044,上海市,上海市,未分类,本科,false,,,教育部全国普通高等学校名单记录：主管部门=上海市；办学层次=本科。官网与研究生院链接待逐校官方核验后补充。,707,active
上海商学院,上海商学院,4131012050,上海市,上海市,未分类,本科,false,,,教育部全国普通高等学校名单记录：主管部门=上海市；办学层次=本科。官网与研究生院链接待逐校官方核验后补充。,708,active
上海立达学院,上海立达学院,4131012587,上海市,上海市,未分类,本科,false,,,教育部全国普通高等学校名单记录：主管部门=上海市教委；办学层次=本科；备注=民办。官网与研究生院链接待逐校官方核验后补充。,709,active
上海建桥学院,上海建桥学院,4131012799,上海市,上海市,未分类,本科,false,,,教育部全国普通高等学校名单记录：主管部门=上海市教委；办学层次=本科；备注=民办。官网与研究生院链接待逐校官方核验后补充。,710,active
上海兴伟学院,上海兴伟学院,4131012914,上海市,上海市,未分类,本科,false,,,教育部全国普通高等学校名单记录：主管部门=上海市教委；办学层次=本科；备注=民办。官网与研究生院链接待逐校官方核验后补充。,711,active
上海中侨职业技术大学,上海中侨职业技术大学,4131012915,上海市,上海市,未分类,本科,false,,,教育部全国普通高等学校名单记录：主管部门=上海市教委；办学层次=本科；备注=民办。官网与研究生院链接待逐校官方核验后补充。,712,active
上海视觉艺术学院,上海视觉艺术学院,4131013632,上海市,上海市,未分类,本科,false,,,教育部全国普通高等学校名单记录：主管部门=上海市教委；办学层次=本科；备注=民办。官网与研究生院链接待逐校官方核验后补充。,713,active
上海外国语大学贤达经济人文学院,上海外国语大学贤达经济人文学院,4131013636,上海市,上海市,未分类,本科,false,,,教育部全国普通高等学校名单记录：主管部门=上海市教委；办学层次=本科；备注=民办。官网与研究生院链接待逐校官方核验后补充。,714,active
上海师范大学天华学院,上海师范大学天华学院,4131013893,上海市,上海市,未分类,本科,false,,,教育部全国普通高等学校名单记录：主管部门=上海市教委；办学层次=本科；备注=民办。官网与研究生院链接待逐校官方核验后补充。,715,active
上海科技大学,上海科技大学,4131014423,上海市,上海市,未分类,本科,false,,,教育部全国普通高等学校名单记录：主管部门=上海市 中国科学院；办学层次=本科。官网与研究生院链接待逐校官方核验后补充。,716,active
上海纽约大学,上海纽约大学,4131016404,上海市,上海市,未分类,本科,false,,,教育部全国普通高等学校名单记录：主管部门=上海市教委；办学层次=本科；备注=中外合作办学及内地与港澳合作办学。官网与研究生院链接待逐校官方核验后补充。,717,active
上海旅游高等专科学校,上海旅游高等专科学校,4131010275,上海市,上海市,未分类,专科,false,,,教育部全国普通高等学校名单记录：主管部门=上海市；办学层次=专科。官网与研究生院链接待逐校官方核验后补充。,718,active
上海东海职业技术学院,上海东海职业技术学院,4131010851,上海市,上海市,未分类,专科,false,,,教育部全国普通高等学校名单记录：主管部门=上海市教委；办学层次=专科；备注=民办。官网与研究生院链接待逐校官方核验后补充。,719,active
上海工商职业技术学院,上海工商职业技术学院,4131010852,上海市,上海市,未分类,专科,false,,,教育部全国普通高等学校名单记录：主管部门=上海市教委；办学层次=专科；备注=民办。官网与研究生院链接待逐校官方核验后补充。,720,active
上海出版印刷高等专科学校,上海出版印刷高等专科学校,4131011733,上海市,上海市,未分类,专科,false,,,教育部全国普通高等学校名单记录：主管部门=上海市；办学层次=专科。官网与研究生院链接待逐校官方核验后补充。,721,active
上海行健职业学院,上海行健职业学院,4131012493,上海市,上海市,未分类,专科,false,,,教育部全国普通高等学校名单记录：主管部门=上海市；办学层次=专科。官网与研究生院链接待逐校官方核验后补充。,722,active
上海城建职业学院,上海城建职业学院,4131012495,上海市,上海市,未分类,专科,false,,,教育部全国普通高等学校名单记录：主管部门=上海市；办学层次=专科。官网与研究生院链接待逐校官方核验后补充。,723,active
上海交通职业技术学院,上海交通职业技术学院,4131012497,上海市,上海市,未分类,专科,false,,,教育部全国普通高等学校名单记录：主管部门=上海市；办学层次=专科。官网与研究生院链接待逐校官方核验后补充。,724,active
上海海事职业技术学院,上海海事职业技术学院,4131012498,上海市,上海市,未分类,专科,false,,,教育部全国普通高等学校名单记录：主管部门=上海市；办学层次=专科。官网与研究生院链接待逐校官方核验后补充。,725,active
上海电子信息职业技术学院,上海电子信息职业技术学院,4131012499,上海市,上海市,未分类,专科,false,,,教育部全国普通高等学校名单记录：主管部门=上海市；办学层次=专科。官网与研究生院链接待逐校官方核验后补充。,726,active
上海震旦职业学院,上海震旦职业学院,4131012583,上海市,上海市,未分类,专科,false,,,教育部全国普通高等学校名单记录：主管部门=上海市教委；办学层次=专科；备注=民办。官网与研究生院链接待逐校官方核验后补充。,727,active
上海民远职业技术学院,上海民远职业技术学院,4131012584,上海市,上海市,未分类,专科,false,,,教育部全国普通高等学校名单记录：主管部门=上海市教委；办学层次=专科；备注=民办。官网与研究生院链接待逐校官方核验后补充。,728,active
上海欧华职业技术学院,上海欧华职业技术学院,4131012585,上海市,上海市,未分类,专科,false,,,教育部全国普通高等学校名单记录：主管部门=上海市教委；办学层次=专科；备注=民办。官网与研究生院链接待逐校官方核验后补充。,729,active
上海思博职业技术学院,上海思博职业技术学院,4131012586,上海市,上海市,未分类,专科,false,,,教育部全国普通高等学校名单记录：主管部门=上海市教委；办学层次=专科；备注=民办。官网与研究生院链接待逐校官方核验后补充。,730,active
上海工艺美术职业学院,上海工艺美术职业学院,4131012588,上海市,上海市,未分类,专科,false,,,教育部全国普通高等学校名单记录：主管部门=上海市；办学层次=专科。官网与研究生院链接待逐校官方核验后补充。,731,active
上海济光职业技术学院,上海济光职业技术学院,4131012798,上海市,上海市,未分类,专科,false,,,教育部全国普通高等学校名单记录：主管部门=上海市教委；办学层次=专科；备注=民办。官网与研究生院链接待逐校官方核验后补充。,732,active
上海工商外国语职业学院,上海工商外国语职业学院,4131012800,上海市,上海市,未分类,专科,false,,,教育部全国普通高等学校名单记录：主管部门=上海市教委；办学层次=专科；备注=民办。官网与研究生院链接待逐校官方核验后补充。,733,active
上海科学技术职业学院,上海科学技术职业学院,4131012801,上海市,上海市,未分类,专科,false,,,教育部全国普通高等学校名单记录：主管部门=上海市；办学层次=专科。官网与研究生院链接待逐校官方核验后补充。,734,active
上海农林职业技术学院,上海农林职业技术学院,4131012912,上海市,上海市,未分类,专科,false,,,教育部全国普通高等学校名单记录：主管部门=上海市；办学层次=专科。官网与研究生院链接待逐校官方核验后补充。,735,active
上海邦德职业技术学院,上海邦德职业技术学院,4131012913,上海市,上海市,未分类,专科,false,,,教育部全国普通高等学校名单记录：主管部门=上海市教委；办学层次=专科；备注=民办。官网与研究生院链接待逐校官方核验后补充。,736,active
上海电影艺术职业学院,上海电影艺术职业学院,4131013747,上海市,上海市,未分类,专科,false,,,教育部全国普通高等学校名单记录：主管部门=上海市教委；办学层次=专科；备注=民办。官网与研究生院链接待逐校官方核验后补充。,737,active
上海中华职业技术学院,上海中华职业技术学院,4131013907,上海市,上海市,未分类,专科,false,,,教育部全国普通高等学校名单记录：主管部门=上海市教委；办学层次=专科；备注=民办。官网与研究生院链接待逐校官方核验后补充。,738,active
上海工会管理职业学院,上海工会管理职业学院,4131014023,上海市,上海市,未分类,专科,false,,,教育部全国普通高等学校名单记录：主管部门=上海市；办学层次=专科。官网与研究生院链接待逐校官方核验后补充。,739,active
上海民航职业技术学院,上海民航职业技术学院,4131014394,上海市,上海市,未分类,专科,false,,,教育部全国普通高等学校名单记录：主管部门=交通运输部（中国民用航空局）；办学层次=专科。官网与研究生院链接待逐校官方核验后补充。,740,active
上海南湖职业技术学院,上海南湖职业技术学院,4131014745,上海市,上海市,未分类,专科,false,,,教育部全国普通高等学校名单记录：主管部门=上海市；办学层次=专科。官网与研究生院链接待逐校官方核验后补充。,741,active
上海科创职业技术学院,上海科创职业技术学院,4131014778,上海市,上海市,未分类,专科,false,,,教育部全国普通高等学校名单记录：主管部门=上海市；办学层次=专科。官网与研究生院链接待逐校官方核验后补充。,742,active
上海闵行职业技术学院,上海闵行职业技术学院,4131014779,上海市,上海市,未分类,专科,false,,,教育部全国普通高等学校名单记录：主管部门=上海市；办学层次=专科。官网与研究生院链接待逐校官方核验后补充。,743,active
上海现代化工职业学院,上海现代化工职业学院,4131014780,上海市,上海市,未分类,专科,false,,,教育部全国普通高等学校名单记录：主管部门=上海市；办学层次=专科。官网与研究生院链接待逐校官方核验后补充。,744,active
上海建设管理职业技术学院,上海建设管理职业技术学院,4131014781,上海市,上海市,未分类,专科,false,,,教育部全国普通高等学校名单记录：主管部门=上海市；办学层次=专科。官网与研究生院链接待逐校官方核验后补充。,745,active
上海浦东职业技术学院,上海浦东职业技术学院,4131014895,上海市,上海市,未分类,专科,false,,,教育部全国普通高等学校名单记录：主管部门=上海市；办学层次=专科。官网与研究生院链接待逐校官方核验后补充。,746,active
南京大学,南京大学,4132010284,江苏省,南京市,未分类,本科,false,,,教育部全国普通高等学校名单记录：主管部门=教育部；办学层次=本科。官网与研究生院链接待逐校官方核验后补充。,747,active
苏州大学,苏州大学,4132010285,江苏省,苏州市,未分类,本科,false,,,教育部全国普通高等学校名单记录：主管部门=江苏省；办学层次=本科。官网与研究生院链接待逐校官方核验后补充。,748,active
东南大学,东南大学,4132010286,江苏省,南京市,未分类,本科,false,,,教育部全国普通高等学校名单记录：主管部门=教育部；办学层次=本科。官网与研究生院链接待逐校官方核验后补充。,749,active
南京航空航天大学,南京航空航天大学,4132010287,江苏省,南京市,未分类,本科,false,,,教育部全国普通高等学校名单记录：主管部门=工业和信息化部；办学层次=本科。官网与研究生院链接待逐校官方核验后补充。,750,active
南京理工大学,南京理工大学,4132010288,江苏省,南京市,未分类,本科,false,,,教育部全国普通高等学校名单记录：主管部门=工业和信息化部；办学层次=本科。官网与研究生院链接待逐校官方核验后补充。,751,active
江苏科技大学,江苏科技大学,4132010289,江苏省,镇江市,未分类,本科,false,,,教育部全国普通高等学校名单记录：主管部门=江苏省；办学层次=本科。官网与研究生院链接待逐校官方核验后补充。,752,active
中国矿业大学,中国矿业大学,4132010290,江苏省,徐州市,未分类,本科,false,,,教育部全国普通高等学校名单记录：主管部门=教育部；办学层次=本科。官网与研究生院链接待逐校官方核验后补充。,753,active
南京工业大学,南京工业大学,4132010291,江苏省,南京市,未分类,本科,false,,,教育部全国普通高等学校名单记录：主管部门=江苏省；办学层次=本科。官网与研究生院链接待逐校官方核验后补充。,754,active
常州大学,常州大学,4132010292,江苏省,常州市,未分类,本科,false,,,教育部全国普通高等学校名单记录：主管部门=江苏省；办学层次=本科。官网与研究生院链接待逐校官方核验后补充。,755,active
南京邮电大学,南京邮电大学,4132010293,江苏省,南京市,未分类,本科,false,,,教育部全国普通高等学校名单记录：主管部门=江苏省；办学层次=本科。官网与研究生院链接待逐校官方核验后补充。,756,active
河海大学,河海大学,4132010294,江苏省,南京市,未分类,本科,false,,,教育部全国普通高等学校名单记录：主管部门=教育部；办学层次=本科。官网与研究生院链接待逐校官方核验后补充。,757,active
江南大学,江南大学,4132010295,江苏省,无锡市,未分类,本科,false,,,教育部全国普通高等学校名单记录：主管部门=教育部；办学层次=本科。官网与研究生院链接待逐校官方核验后补充。,758,active
南京林业大学,南京林业大学,4132010298,江苏省,南京市,未分类,本科,false,,,教育部全国普通高等学校名单记录：主管部门=江苏省；办学层次=本科。官网与研究生院链接待逐校官方核验后补充。,759,active
江苏大学,江苏大学,4132010299,江苏省,镇江市,未分类,本科,false,,,教育部全国普通高等学校名单记录：主管部门=江苏省；办学层次=本科。官网与研究生院链接待逐校官方核验后补充。,760,active
南京信息工程大学,南京信息工程大学,4132010300,江苏省,南京市,未分类,本科,false,,,教育部全国普通高等学校名单记录：主管部门=江苏省；办学层次=本科。官网与研究生院链接待逐校官方核验后补充。,761,active
南通大学,南通大学,4132010304,江苏省,南通市,未分类,本科,false,,,教育部全国普通高等学校名单记录：主管部门=江苏省；办学层次=本科。官网与研究生院链接待逐校官方核验后补充。,762,active
盐城工学院,盐城工学院,4132010305,江苏省,盐城市,未分类,本科,false,,,教育部全国普通高等学校名单记录：主管部门=江苏省；办学层次=本科。官网与研究生院链接待逐校官方核验后补充。,763,active
南京农业大学,南京农业大学,4132010307,江苏省,南京市,未分类,本科,false,,,教育部全国普通高等学校名单记录：主管部门=教育部；办学层次=本科。官网与研究生院链接待逐校官方核验后补充。,764,active
南京医科大学,南京医科大学,4132010312,江苏省,南京市,未分类,本科,false,,,教育部全国普通高等学校名单记录：主管部门=江苏省；办学层次=本科。官网与研究生院链接待逐校官方核验后补充。,765,active
徐州医科大学,徐州医科大学,4132010313,江苏省,徐州市,未分类,本科,false,,,教育部全国普通高等学校名单记录：主管部门=江苏省；办学层次=本科。官网与研究生院链接待逐校官方核验后补充。,766,active
南京中医药大学,南京中医药大学,4132010315,江苏省,南京市,未分类,本科,false,,,教育部全国普通高等学校名单记录：主管部门=江苏省；办学层次=本科。官网与研究生院链接待逐校官方核验后补充。,767,active
中国药科大学,中国药科大学,4132010316,江苏省,南京市,未分类,本科,false,,,教育部全国普通高等学校名单记录：主管部门=教育部；办学层次=本科。官网与研究生院链接待逐校官方核验后补充。,768,active
南京师范大学,南京师范大学,4132010319,江苏省,南京市,未分类,本科,false,,,教育部全国普通高等学校名单记录：主管部门=江苏省；办学层次=本科。官网与研究生院链接待逐校官方核验后补充。,769,active
江苏师范大学,江苏师范大学,4132010320,江苏省,徐州市,未分类,本科,false,,,教育部全国普通高等学校名单记录：主管部门=江苏省；办学层次=本科。官网与研究生院链接待逐校官方核验后补充。,770,active
淮阴师范学院,淮阴师范学院,4132010323,江苏省,淮安市,未分类,本科,false,,,教育部全国普通高等学校名单记录：主管部门=江苏省；办学层次=本科。官网与研究生院链接待逐校官方核验后补充。,771,active
盐城师范学院,盐城师范学院,4132010324,江苏省,盐城市,未分类,本科,false,,,教育部全国普通高等学校名单记录：主管部门=江苏省；办学层次=本科。官网与研究生院链接待逐校官方核验后补充。,772,active
南京财经大学,南京财经大学,4132010327,江苏省,南京市,未分类,本科,false,,,教育部全国普通高等学校名单记录：主管部门=江苏省；办学层次=本科。官网与研究生院链接待逐校官方核验后补充。,773,active
江苏警官学院,江苏警官学院,4132010329,江苏省,南京市,未分类,本科,false,,,教育部全国普通高等学校名单记录：主管部门=江苏省；办学层次=本科。官网与研究生院链接待逐校官方核验后补充。,774,active
南京体育学院,南京体育学院,4132010330,江苏省,南京市,未分类,本科,false,,,教育部全国普通高等学校名单记录：主管部门=江苏省；办学层次=本科。官网与研究生院链接待逐校官方核验后补充。,775,active
南京艺术学院,南京艺术学院,4132010331,江苏省,南京市,未分类,本科,false,,,教育部全国普通高等学校名单记录：主管部门=江苏省；办学层次=本科。官网与研究生院链接待逐校官方核验后补充。,776,active
苏州科技大学,苏州科技大学,4132010332,江苏省,苏州市,未分类,本科,false,,,教育部全国普通高等学校名单记录：主管部门=江苏省；办学层次=本科。官网与研究生院链接待逐校官方核验后补充。,777,active
苏州工学院,苏州工学院,4132010333,江苏省,苏州市,未分类,本科,false,,,教育部全国普通高等学校名单记录：主管部门=江苏省；办学层次=本科。官网与研究生院链接待逐校官方核验后补充。,778,active
南京工业职业技术大学,南京工业职业技术大学,4132010850,江苏省,南京市,未分类,本科,false,,,教育部全国普通高等学校名单记录：主管部门=江苏省；办学层次=本科。官网与研究生院链接待逐校官方核验后补充。,779,active
淮阴工学院,淮阴工学院,4132011049,江苏省,淮安市,未分类,本科,false,,,教育部全国普通高等学校名单记录：主管部门=江苏省；办学层次=本科。官网与研究生院链接待逐校官方核验后补充。,780,active
常州工学院,常州工学院,4132011055,江苏省,常州市,未分类,本科,false,,,教育部全国普通高等学校名单记录：主管部门=江苏省；办学层次=本科。官网与研究生院链接待逐校官方核验后补充。,781,active
扬州大学,扬州大学,4132011117,江苏省,扬州市,未分类,本科,false,,,教育部全国普通高等学校名单记录：主管部门=江苏省；办学层次=本科。官网与研究生院链接待逐校官方核验后补充。,782,active
三江学院,三江学院,4132011122,江苏省,南京市,未分类,本科,false,,,教育部全国普通高等学校名单记录：主管部门=江苏省教育厅；办学层次=本科；备注=民办。官网与研究生院链接待逐校官方核验后补充。,783,active
南京工程学院,南京工程学院,4132011276,江苏省,南京市,未分类,本科,false,,,教育部全国普通高等学校名单记录：主管部门=江苏省；办学层次=本科。官网与研究生院链接待逐校官方核验后补充。,784,active
南京审计大学,南京审计大学,4132011287,江苏省,南京市,未分类,本科,false,,,教育部全国普通高等学校名单记录：主管部门=江苏省；办学层次=本科。官网与研究生院链接待逐校官方核验后补充。,785,active
南京晓庄学院,南京晓庄学院,4132011460,江苏省,南京市,未分类,本科,false,,,教育部全国普通高等学校名单记录：主管部门=江苏省；办学层次=本科。官网与研究生院链接待逐校官方核验后补充。,786,active
江苏理工学院,江苏理工学院,4132011463,江苏省,常州市,未分类,本科,false,,,教育部全国普通高等学校名单记录：主管部门=江苏省；办学层次=本科。官网与研究生院链接待逐校官方核验后补充。,787,active
江苏海洋大学,江苏海洋大学,4132011641,江苏省,连云港市,未分类,本科,false,,,教育部全国普通高等学校名单记录：主管部门=江苏省；办学层次=本科。官网与研究生院链接待逐校官方核验后补充。,788,active
徐州工程学院,徐州工程学院,4132011998,江苏省,徐州市,未分类,本科,false,,,教育部全国普通高等学校名单记录：主管部门=江苏省；办学层次=本科。官网与研究生院链接待逐校官方核验后补充。,789,active
南京特殊教育师范学院,南京特殊教育师范学院,4132012048,江苏省,南京市,未分类,本科,false,,,教育部全国普通高等学校名单记录：主管部门=江苏省；办学层次=本科。官网与研究生院链接待逐校官方核验后补充。,790,active
南通理工学院,南通理工学院,4132012056,江苏省,南通市,未分类,本科,false,,,教育部全国普通高等学校名单记录：主管部门=江苏省教育厅；办学层次=本科；备注=民办。官网与研究生院链接待逐校官方核验后补充。,791,active
南京警察学院,南京警察学院,4132012213,江苏省,南京市,未分类,本科,false,,,教育部全国普通高等学校名单记录：主管部门=公安部；办学层次=本科。官网与研究生院链接待逐校官方核验后补充。,792,active
东南大学成贤学院,东南大学成贤学院,4132012689,江苏省,南京市,未分类,本科,false,,,教育部全国普通高等学校名单记录：主管部门=江苏省教育厅；办学层次=本科；备注=民办。官网与研究生院链接待逐校官方核验后补充。,793,active
泰州学院,泰州学院,4132012917,江苏省,泰州市,未分类,本科,false,,,教育部全国普通高等学校名单记录：主管部门=江苏省；办学层次=本科。官网与研究生院链接待逐校官方核验后补充。,794,active
无锡太湖学院,无锡太湖学院,4132013571,江苏省,无锡市,未分类,本科,false,,,教育部全国普通高等学校名单记录：主管部门=江苏省教育厅；办学层次=本科；备注=民办。官网与研究生院链接待逐校官方核验后补充。,795,active
金陵科技学院,金陵科技学院,4132013573,江苏省,南京市,未分类,本科,false,,,教育部全国普通高等学校名单记录：主管部门=江苏省；办学层次=本科。官网与研究生院链接待逐校官方核验后补充。,796,active
中国矿业大学徐海学院,中国矿业大学徐海学院,4132013579,江苏省,徐州市,未分类,本科,false,,,教育部全国普通高等学校名单记录：主管部门=江苏省教育厅；办学层次=本科；备注=民办。官网与研究生院链接待逐校官方核验后补充。,797,active
南京大学金陵学院,南京大学金陵学院,4132013646,江苏省,南京市,未分类,本科,false,,,教育部全国普通高等学校名单记录：主管部门=江苏省教育厅；办学层次=本科；备注=民办。官网与研究生院链接待逐校官方核验后补充。,798,active
南京理工大学紫金学院,南京理工大学紫金学院,4132013654,江苏省,南京市,未分类,本科,false,,,教育部全国普通高等学校名单记录：主管部门=江苏省教育厅；办学层次=本科；备注=民办。官网与研究生院链接待逐校官方核验后补充。,799,active
南京航空航天大学金城学院,南京航空航天大学金城学院,4132013655,江苏省,南京市,未分类,本科,false,,,教育部全国普通高等学校名单记录：主管部门=江苏省教育厅；办学层次=本科；备注=民办。官网与研究生院链接待逐校官方核验后补充。,800,active
南京传媒学院,南京传媒学院,4132013687,江苏省,南京市,未分类,本科,false,,,教育部全国普通高等学校名单记录：主管部门=江苏省教育厅；办学层次=本科；备注=民办。官网与研究生院链接待逐校官方核验后补充。,801,active
南京理工大学泰州科技学院,南京理工大学泰州科技学院,4132013842,江苏省,泰州市,未分类,本科,false,,,教育部全国普通高等学校名单记录：主管部门=江苏省教育厅；办学层次=本科；备注=民办。官网与研究生院链接待逐校官方核验后补充。,802,active
南京师范大学泰州学院,南京师范大学泰州学院,4132013843,江苏省,泰州市,未分类,本科,false,,,教育部全国普通高等学校名单记录：主管部门=江苏省教育厅；办学层次=本科；备注=民办。官网与研究生院链接待逐校官方核验后补充。,803,active
南京工业大学浦江学院,南京工业大学浦江学院,4132013905,江苏省,南京市,未分类,本科,false,,,教育部全国普通高等学校名单记录：主管部门=江苏省教育厅；办学层次=本科；备注=民办。官网与研究生院链接待逐校官方核验后补充。,804,active
南京师范大学中北学院,南京师范大学中北学院,4132013906,江苏省,镇江市,未分类,本科,false,,,教育部全国普通高等学校名单记录：主管部门=江苏省教育厅；办学层次=本科；备注=民办。官网与研究生院链接待逐校官方核验后补充。,805,active
南京医科大学康达学院,南京医科大学康达学院,4132013980,江苏省,连云港市,未分类,本科,false,,,教育部全国普通高等学校名单记录：主管部门=江苏省教育厅；办学层次=本科；备注=民办。官网与研究生院链接待逐校官方核验后补充。,806,active
南京中医药大学翰林学院,南京中医药大学翰林学院,4132013981,江苏省,泰州市,未分类,本科,false,,,教育部全国普通高等学校名单记录：主管部门=江苏省教育厅；办学层次=本科；备注=民办。官网与研究生院链接待逐校官方核验后补充。,807,active
无锡学院,无锡学院,4132013982,江苏省,无锡市,未分类,本科,false,,,教育部全国普通高等学校名单记录：主管部门=江苏省；办学层次=本科。官网与研究生院链接待逐校官方核验后补充。,808,active
苏州城市学院,苏州城市学院,4132013983,江苏省,苏州市,未分类,本科,false,,,教育部全国普通高等学校名单记录：主管部门=江苏省；办学层次=本科。官网与研究生院链接待逐校官方核验后补充。,809,active
苏州大学应用技术学院,苏州大学应用技术学院,4132013984,江苏省,苏州市,未分类,本科,false,,,教育部全国普通高等学校名单记录：主管部门=江苏省教育厅；办学层次=本科；备注=民办。官网与研究生院链接待逐校官方核验后补充。,810,active
苏州科技大学天平学院,苏州科技大学天平学院,4132013985,江苏省,南京市,未分类,本科,false,,,教育部全国普通高等学校名单记录：主管部门=江苏省教育厅；办学层次=本科；备注=民办。官网与研究生院链接待逐校官方核验后补充。,811,active
江苏大学京江学院,江苏大学京江学院,4132013986,江苏省,镇江市,未分类,本科,false,,,教育部全国普通高等学校名单记录：主管部门=江苏省教育厅；办学层次=本科；备注=民办。官网与研究生院链接待逐校官方核验后补充。,812,active
扬州大学广陵学院,扬州大学广陵学院,4132013987,江苏省,扬州市,未分类,本科,false,,,教育部全国普通高等学校名单记录：主管部门=江苏省教育厅；办学层次=本科；备注=民办。官网与研究生院链接待逐校官方核验后补充。,813,active
江苏师范大学科文学院,江苏师范大学科文学院,4132013988,江苏省,徐州市,未分类,本科,false,,,教育部全国普通高等学校名单记录：主管部门=江苏省教育厅；办学层次=本科；备注=民办。官网与研究生院链接待逐校官方核验后补充。,814,active
南京邮电大学通达学院,南京邮电大学通达学院,4132013989,江苏省,扬州市,未分类,本科,false,,,教育部全国普通高等学校名单记录：主管部门=江苏省教育厅；办学层次=本科；备注=民办。官网与研究生院链接待逐校官方核验后补充。,815,active
南京财经大学红山学院,南京财经大学红山学院,4132013990,江苏省,南京市,未分类,本科,false,,,教育部全国普通高等学校名单记录：主管部门=江苏省教育厅；办学层次=本科；备注=民办。官网与研究生院链接待逐校官方核验后补充。,816,active
江苏科技大学苏州理工学院,江苏科技大学苏州理工学院,4132013991,江苏省,苏州市,未分类,本科,false,,,教育部全国普通高等学校名单记录：主管部门=江苏省教育厅；办学层次=本科；备注=民办。官网与研究生院链接待逐校官方核验后补充。,817,active
常州大学怀德学院,常州大学怀德学院,4132013992,江苏省,泰州市,未分类,本科,false,,,教育部全国普通高等学校名单记录：主管部门=江苏省教育厅；办学层次=本科；备注=民办。官网与研究生院链接待逐校官方核验后补充。,818,active
南通大学杏林学院,南通大学杏林学院,4132013993,江苏省,南通市,未分类,本科,false,,,教育部全国普通高等学校名单记录：主管部门=江苏省教育厅；办学层次=本科；备注=民办。官网与研究生院链接待逐校官方核验后补充。,819,active
南京审计大学金审学院,南京审计大学金审学院,4132013994,江苏省,南京市,未分类,本科,false,,,教育部全国普通高等学校名单记录：主管部门=江苏省教育厅；办学层次=本科；备注=民办。官网与研究生院链接待逐校官方核验后补充。,820,active
宿迁学院,宿迁学院,4132014160,江苏省,宿迁市,未分类,本科,false,,,教育部全国普通高等学校名单记录：主管部门=江苏省；办学层次=本科。官网与研究生院链接待逐校官方核验后补充。,821,active
江苏第二师范学院,江苏第二师范学院,4132014436,江苏省,南京市,未分类,本科,false,,,教育部全国普通高等学校名单记录：主管部门=江苏省；办学层次=本科。官网与研究生院链接待逐校官方核验后补充。,822,active
西交利物浦大学,西交利物浦大学,4132016403,江苏省,苏州市,未分类,本科,false,,,教育部全国普通高等学校名单记录：主管部门=江苏省教育厅；办学层次=本科；备注=中外合作办学及内地与港澳合作办学。官网与研究生院链接待逐校官方核验后补充。,823,active
昆山杜克大学,昆山杜克大学,4132016406,江苏省,昆山市,未分类,本科,false,,,教育部全国普通高等学校名单记录：主管部门=江苏省教育厅；办学层次=本科；备注=中外合作办学及内地与港澳合作办学。官网与研究生院链接待逐校官方核验后补充。,824,active
连云港师范学院,连云港师范学院,4132011585,江苏省,连云港市,未分类,本科,false,,,教育部全国普通高等学校名单记录：主管部门=江苏省；办学层次=本科。官网与研究生院链接待逐校官方核验后补充。,825,active
无锡职业技术大学,无锡职业技术大学,4132010848,江苏省,无锡市,未分类,本科,false,,,教育部全国普通高等学校名单记录：主管部门=江苏省；办学层次=本科。官网与研究生院链接待逐校官方核验后补充。,826,active
苏州职业技术大学,苏州职业技术大学,4132011054,江苏省,苏州市,未分类,本科,false,,,教育部全国普通高等学校名单记录：主管部门=江苏省；办学层次=本科。官网与研究生院链接待逐校官方核验后补充。,827,active
扬州职业技术大学,扬州职业技术大学,4132011462,江苏省,扬州市,未分类,本科,false,,,教育部全国普通高等学校名单记录：主管部门=江苏省；办学层次=本科。官网与研究生院链接待逐校官方核验后补充。,828,active
盐城幼儿师范高等专科学校,盐城幼儿师范高等专科学校,3632000466,江苏省,盐城市,未分类,专科,false,,,教育部全国普通高等学校名单记录：主管部门=江苏省；办学层次=专科。官网与研究生院链接待逐校官方核验后补充。,829,active
苏州幼儿师范高等专科学校,苏州幼儿师范高等专科学校,3632000583,江苏省,苏州市,未分类,专科,false,,,教育部全国普通高等学校名单记录：主管部门=江苏省；办学层次=专科。官网与研究生院链接待逐校官方核验后补充。,830,active
明达职业技术学院,明达职业技术学院,4132010826,江苏省,盐城市,未分类,专科,false,,,教育部全国普通高等学校名单记录：主管部门=江苏省教育厅；办学层次=专科；备注=民办。官网与研究生院链接待逐校官方核验后补充。,831,active
江苏建筑职业技术学院,江苏建筑职业技术学院,4132010849,江苏省,徐州市,未分类,专科,false,,,教育部全国普通高等学校名单记录：主管部门=江苏省；办学层次=专科。官网与研究生院链接待逐校官方核验后补充。,832,active
江苏工程职业技术学院,江苏工程职业技术学院,4132010958,江苏省,南通市,未分类,专科,false,,,教育部全国普通高等学校名单记录：主管部门=江苏省；办学层次=专科。官网与研究生院链接待逐校官方核验后补充。,833,active
苏州工艺美术职业技术学院,苏州工艺美术职业技术学院,4132010960,江苏省,苏州市,未分类,专科,false,,,教育部全国普通高等学校名单记录：主管部门=江苏省；办学层次=专科。官网与研究生院链接待逐校官方核验后补充。,834,active
连云港职业技术学院,连云港职业技术学院,4132011050,江苏省,连云港市,未分类,专科,false,,,教育部全国普通高等学校名单记录：主管部门=江苏省；办学层次=专科。官网与研究生院链接待逐校官方核验后补充。,835,active
镇江市高等专科学校,镇江市高等专科学校,4132011051,江苏省,镇江市,未分类,专科,false,,,教育部全国普通高等学校名单记录：主管部门=江苏省；办学层次=专科。官网与研究生院链接待逐校官方核验后补充。,836,active
南通职业大学,南通职业大学,4132011052,江苏省,南通市,未分类,专科,false,,,教育部全国普通高等学校名单记录：主管部门=江苏省；办学层次=专科。官网与研究生院链接待逐校官方核验后补充。,837,active
沙洲职业工学院,沙洲职业工学院,4132011288,江苏省,苏州市,未分类,专科,false,,,教育部全国普通高等学校名单记录：主管部门=江苏省；办学层次=专科。官网与研究生院链接待逐校官方核验后补充。,838,active
江苏经贸职业技术学院,江苏经贸职业技术学院,4132012047,江苏省,南京市,未分类,专科,false,,,教育部全国普通高等学校名单记录：主管部门=江苏省；办学层次=专科。官网与研究生院链接待逐校官方核验后补充。,839,active
九州职业技术学院,九州职业技术学院,4132012054,江苏省,徐州市,未分类,专科,false,,,教育部全国普通高等学校名单记录：主管部门=江苏省教育厅；办学层次=专科；备注=民办。官网与研究生院链接待逐校官方核验后补充。,840,active
硅湖职业技术学院,硅湖职业技术学院,4132012078,江苏省,苏州市,未分类,专科,false,,,教育部全国普通高等学校名单记录：主管部门=江苏省教育厅；办学层次=专科；备注=民办。官网与研究生院链接待逐校官方核验后补充。,841,active
泰州职业技术学院,泰州职业技术学院,4132012106,江苏省,泰州市,未分类,专科,false,,,教育部全国普通高等学校名单记录：主管部门=江苏省；办学层次=专科。官网与研究生院链接待逐校官方核验后补充。,842,active
常州信息职业技术学院,常州信息职业技术学院,4132012317,江苏省,常州市,未分类,专科,false,,,教育部全国普通高等学校名单记录：主管部门=江苏省；办学层次=专科。官网与研究生院链接待逐校官方核验后补充。,843,active
江苏联合职业技术学院,江苏联合职业技术学院,4132012678,江苏省,南京市,未分类,专科,false,,,教育部全国普通高等学校名单记录：主管部门=江苏省；办学层次=专科。官网与研究生院链接待逐校官方核验后补充。,844,active
江苏海事职业技术学院,江苏海事职业技术学院,4132012679,江苏省,南京市,未分类,专科,false,,,教育部全国普通高等学校名单记录：主管部门=江苏省；办学层次=专科。官网与研究生院链接待逐校官方核验后补充。,845,active
应天职业技术学院,应天职业技术学院,4132012680,江苏省,南京市,未分类,专科,false,,,教育部全国普通高等学校名单记录：主管部门=江苏省教育厅；办学层次=专科；备注=民办。官网与研究生院链接待逐校官方核验后补充。,846,active
无锡科技职业学院,无锡科技职业学院,4132012681,江苏省,无锡市,未分类,专科,false,,,教育部全国普通高等学校名单记录：主管部门=江苏省；办学层次=专科。官网与研究生院链接待逐校官方核验后补充。,847,active
江苏医药职业学院,江苏医药职业学院,4132012682,江苏省,盐城市,未分类,专科,false,,,教育部全国普通高等学校名单记录：主管部门=江苏省；办学层次=专科。官网与研究生院链接待逐校官方核验后补充。,848,active
扬州环境资源职业技术学院,扬州环境资源职业技术学院,4132012683,江苏省,扬州市,未分类,专科,false,,,教育部全国普通高等学校名单记录：主管部门=江苏省；办学层次=专科。官网与研究生院链接待逐校官方核验后补充。,849,active
南通科技职业学院,南通科技职业学院,4132012684,江苏省,南通市,未分类,专科,false,,,教育部全国普通高等学校名单记录：主管部门=江苏省；办学层次=专科。官网与研究生院链接待逐校官方核验后补充。,850,active
苏州经贸职业技术学院,苏州经贸职业技术学院,4132012685,江苏省,苏州市,未分类,专科,false,,,教育部全国普通高等学校名单记录：主管部门=江苏省；办学层次=专科。官网与研究生院链接待逐校官方核验后补充。,851,active
苏州工业职业技术学院,苏州工业职业技术学院,4132012686,江苏省,苏州市,未分类,专科,false,,,教育部全国普通高等学校名单记录：主管部门=江苏省；办学层次=专科。官网与研究生院链接待逐校官方核验后补充。,852,active
苏州托普信息职业技术学院,苏州托普信息职业技术学院,4132012687,江苏省,苏州市,未分类,专科,false,,,教育部全国普通高等学校名单记录：主管部门=江苏省教育厅；办学层次=专科；备注=民办。官网与研究生院链接待逐校官方核验后补充。,853,active
苏州卫生职业技术学院,苏州卫生职业技术学院,4132012688,江苏省,苏州市,未分类,专科,false,,,教育部全国普通高等学校名单记录：主管部门=江苏省；办学层次=专科。官网与研究生院链接待逐校官方核验后补充。,854,active
无锡商业职业技术学院,无锡商业职业技术学院,4132012702,江苏省,无锡市,未分类,专科,false,,,教育部全国普通高等学校名单记录：主管部门=江苏省；办学层次=专科。官网与研究生院链接待逐校官方核验后补充。,855,active
江苏航运职业技术学院,江苏航运职业技术学院,4132012703,江苏省,南通市,未分类,专科,false,,,教育部全国普通高等学校名单记录：主管部门=江苏省；办学层次=专科。官网与研究生院链接待逐校官方核验后补充。,856,active
南京交通职业技术学院,南京交通职业技术学院,4132012804,江苏省,南京市,未分类,专科,false,,,教育部全国普通高等学校名单记录：主管部门=江苏省；办学层次=专科。官网与研究生院链接待逐校官方核验后补充。,857,active
江苏电子信息职业学院,江苏电子信息职业学院,4132012805,江苏省,淮安市,未分类,专科,false,,,教育部全国普通高等学校名单记录：主管部门=江苏省；办学层次=专科。官网与研究生院链接待逐校官方核验后补充。,858,active
江苏农牧科技职业学院,江苏农牧科技职业学院,4132012806,江苏省,泰州市,未分类,专科,false,,,教育部全国普通高等学校名单记录：主管部门=江苏省；办学层次=专科。官网与研究生院链接待逐校官方核验后补充。,859,active
常州纺织服装职业技术学院,常州纺织服装职业技术学院,4132012807,江苏省,常州市,未分类,专科,false,,,教育部全国普通高等学校名单记录：主管部门=江苏省；办学层次=专科。官网与研究生院链接待逐校官方核验后补充。,860,active
苏州农业职业技术学院,苏州农业职业技术学院,4132012808,江苏省,苏州市,未分类,专科,false,,,教育部全国普通高等学校名单记录：主管部门=江苏省；办学层次=专科。官网与研究生院链接待逐校官方核验后补充。,861,active
苏州工业园区职业技术学院,苏州工业园区职业技术学院,4132012809,江苏省,苏州市,未分类,专科,false,,,教育部全国普通高等学校名单记录：主管部门=江苏省；办学层次=专科。官网与研究生院链接待逐校官方核验后补充。,862,active
太湖创意职业技术学院,太湖创意职业技术学院,4132012918,江苏省,无锡市,未分类,专科,false,,,教育部全国普通高等学校名单记录：主管部门=江苏省教育厅；办学层次=专科；备注=民办。官网与研究生院链接待逐校官方核验后补充。,863,active
炎黄职业技术学院,炎黄职业技术学院,4132012919,江苏省,淮安市,未分类,专科,false,,,教育部全国普通高等学校名单记录：主管部门=江苏省教育厅；办学层次=专科；备注=民办。官网与研究生院链接待逐校官方核验后补充。,864,active
南京科技职业学院,南京科技职业学院,4132012920,江苏省,南京市,未分类,专科,false,,,教育部全国普通高等学校名单记录：主管部门=江苏省；办学层次=专科。官网与研究生院链接待逐校官方核验后补充。,865,active
正德职业技术学院,正德职业技术学院,4132012921,江苏省,南京市,未分类,专科,false,,,教育部全国普通高等学校名单记录：主管部门=江苏省教育厅；办学层次=专科；备注=民办。官网与研究生院链接待逐校官方核验后补充。,866,active
钟山职业技术学院,钟山职业技术学院,4132012922,江苏省,南京市,未分类,专科,false,,,教育部全国普通高等学校名单记录：主管部门=江苏省教育厅；办学层次=专科；备注=民办。官网与研究生院链接待逐校官方核验后补充。,867,active
无锡南洋职业技术学院,无锡南洋职业技术学院,4132012923,江苏省,无锡市,未分类,专科,false,,,教育部全国普通高等学校名单记录：主管部门=江苏省教育厅；办学层次=专科；备注=民办。官网与研究生院链接待逐校官方核验后补充。,868,active
江南影视艺术职业学院,江南影视艺术职业学院,4132013017,江苏省,无锡市,未分类,专科,false,,,教育部全国普通高等学校名单记录：主管部门=江苏省教育厅；办学层次=专科；备注=民办。官网与研究生院链接待逐校官方核验后补充。,869,active
金肯职业技术学院,金肯职业技术学院,4132013100,江苏省,南京市,未分类,专科,false,,,教育部全国普通高等学校名单记录：主管部门=江苏省教育厅；办学层次=专科；备注=民办。官网与研究生院链接待逐校官方核验后补充。,870,active
常州工业职业技术学院,常州工业职业技术学院,4132013101,江苏省,常州市,未分类,专科,false,,,教育部全国普通高等学校名单记录：主管部门=江苏省；办学层次=专科。官网与研究生院链接待逐校官方核验后补充。,871,active
常州工程职业技术学院,常州工程职业技术学院,4132013102,江苏省,常州市,未分类,专科,false,,,教育部全国普通高等学校名单记录：主管部门=江苏省；办学层次=专科。官网与研究生院链接待逐校官方核验后补充。,872,active
江苏农林职业技术学院,江苏农林职业技术学院,4132013103,江苏省,镇江市,未分类,专科,false,,,教育部全国普通高等学校名单记录：主管部门=江苏省；办学层次=专科。官网与研究生院链接待逐校官方核验后补充。,873,active
江苏食品药品职业技术学院,江苏食品药品职业技术学院,4132013104,江苏省,淮安市,未分类,专科,false,,,教育部全国普通高等学校名单记录：主管部门=江苏省；办学层次=专科。官网与研究生院链接待逐校官方核验后补充。,874,active
建东职业技术学院,建东职业技术学院,4132013105,江苏省,常州市,未分类,专科,false,,,教育部全国普通高等学校名单记录：主管部门=江苏省教育厅；办学层次=专科；备注=民办。官网与研究生院链接待逐校官方核验后补充。,875,active
南京铁道职业技术学院,南京铁道职业技术学院,4132013106,江苏省,南京市,未分类,专科,false,,,教育部全国普通高等学校名单记录：主管部门=江苏省；办学层次=专科。官网与研究生院链接待逐校官方核验后补充。,876,active
徐州工业职业技术学院,徐州工业职业技术学院,4132013107,江苏省,徐州市,未分类,专科,false,,,教育部全国普通高等学校名单记录：主管部门=江苏省；办学层次=专科。官网与研究生院链接待逐校官方核验后补充。,877,active
江苏信息职业技术学院,江苏信息职业技术学院,4132013108,江苏省,无锡市,未分类,专科,false,,,教育部全国普通高等学校名单记录：主管部门=江苏省；办学层次=专科。官网与研究生院链接待逐校官方核验后补充。,878,active
宿迁职业技术学院,宿迁职业技术学院,4132013110,江苏省,宿迁市,未分类,专科,false,,,教育部全国普通高等学校名单记录：主管部门=江苏省；办学层次=专科。官网与研究生院链接待逐校官方核验后补充。,879,active
南京信息职业技术学院,南京信息职业技术学院,4132013112,江苏省,南京市,未分类,专科,false,,,教育部全国普通高等学校名单记录：主管部门=江苏省；办学层次=专科。官网与研究生院链接待逐校官方核验后补充。,880,active
江海职业技术学院,江海职业技术学院,4132013113,江苏省,扬州市,未分类,专科,false,,,教育部全国普通高等学校名单记录：主管部门=江苏省教育厅；办学层次=专科；备注=民办。官网与研究生院链接待逐校官方核验后补充。,881,active
常州机电职业技术学院,常州机电职业技术学院,4132013114,江苏省,常州市,未分类,专科,false,,,教育部全国普通高等学校名单记录：主管部门=江苏省；办学层次=专科。官网与研究生院链接待逐校官方核验后补充。,882,active
江阴职业技术学院,江阴职业技术学院,4132013137,江苏省,无锡市,未分类,专科,false,,,教育部全国普通高等学校名单记录：主管部门=江苏省；办学层次=专科。官网与研究生院链接待逐校官方核验后补充。,883,active
无锡城市职业技术学院,无锡城市职业技术学院,4132013748,江苏省,无锡市,未分类,专科,false,,,教育部全国普通高等学校名单记录：主管部门=江苏省；办学层次=专科。官网与研究生院链接待逐校官方核验后补充。,884,active
无锡工艺职业技术学院,无锡工艺职业技术学院,4132013749,江苏省,无锡市,未分类,专科,false,,,教育部全国普通高等学校名单记录：主管部门=江苏省；办学层次=专科。官网与研究生院链接待逐校官方核验后补充。,885,active
金山职业技术学院,金山职业技术学院,4132013750,江苏省,镇江市,未分类,专科,false,,,教育部全国普通高等学校名单记录：主管部门=江苏省教育厅；办学层次=专科；备注=民办。官网与研究生院链接待逐校官方核验后补充。,886,active
苏州健雄职业技术学院,苏州健雄职业技术学院,4132013751,江苏省,苏州市,未分类,专科,false,,,教育部全国普通高等学校名单记录：主管部门=江苏省；办学层次=专科。官网与研究生院链接待逐校官方核验后补充。,887,active
盐城工业职业技术学院,盐城工业职业技术学院,4132013752,江苏省,盐城市,未分类,专科,false,,,教育部全国普通高等学校名单记录：主管部门=江苏省；办学层次=专科。官网与研究生院链接待逐校官方核验后补充。,888,active
江苏财经职业技术学院,江苏财经职业技术学院,4132013753,江苏省,淮安市,未分类,专科,false,,,教育部全国普通高等学校名单记录：主管部门=江苏省；办学层次=专科。官网与研究生院链接待逐校官方核验后补充。,889,active
扬州工业职业技术学院,扬州工业职业技术学院,4132013754,江苏省,扬州市,未分类,专科,false,,,教育部全国普通高等学校名单记录：主管部门=江苏省；办学层次=专科。官网与研究生院链接待逐校官方核验后补充。,890,active
苏州百年职业学院,苏州百年职业学院,4132013962,江苏省,苏州市,未分类,专科,false,,,教育部全国普通高等学校名单记录：主管部门=江苏省教育厅；办学层次=专科；备注=中外合作办学及内地与港澳合作办学。官网与研究生院链接待逐校官方核验后补充。,891,active
昆山登云科技职业学院,昆山登云科技职业学院,4132013963,江苏省,苏州市,未分类,专科,false,,,教育部全国普通高等学校名单记录：主管部门=江苏省教育厅；办学层次=专科；备注=民办。官网与研究生院链接待逐校官方核验后补充。,892,active
南京视觉艺术职业学院,南京视觉艺术职业学院,4132013964,江苏省,南京市,未分类,专科,false,,,教育部全国普通高等学校名单记录：主管部门=江苏省教育厅；办学层次=专科；备注=民办。官网与研究生院链接待逐校官方核验后补充。,893,active
江苏城市职业学院,江苏城市职业学院,4132014000,江苏省,南京市,未分类,专科,false,,,教育部全国普通高等学校名单记录：主管部门=江苏省；办学层次=专科。官网与研究生院链接待逐校官方核验后补充。,894,active
南京城市职业学院,南京城市职业学院,4132014001,江苏省,南京市,未分类,专科,false,,,教育部全国普通高等学校名单记录：主管部门=江苏省；办学层次=专科。官网与研究生院链接待逐校官方核验后补充。,895,active
南京机电职业技术学院,南京机电职业技术学院,4132014056,江苏省,南京市,未分类,专科,false,,,教育部全国普通高等学校名单记录：主管部门=江苏省；办学层次=专科。官网与研究生院链接待逐校官方核验后补充。,896,active
苏州高博职业学院,苏州高博职业学院,4132014163,江苏省,苏州市,未分类,专科,false,,,教育部全国普通高等学校名单记录：主管部门=江苏省教育厅；办学层次=专科；备注=民办。官网与研究生院链接待逐校官方核验后补充。,897,active
南京旅游职业学院,南京旅游职业学院,4132014180,江苏省,南京市,未分类,专科,false,,,教育部全国普通高等学校名单记录：主管部门=江苏省；办学层次=专科。官网与研究生院链接待逐校官方核验后补充。,898,active
江苏卫生健康职业学院,江苏卫生健康职业学院,4132014255,江苏省,南京市,未分类,专科,false,,,教育部全国普通高等学校名单记录：主管部门=江苏省；办学层次=专科。官网与研究生院链接待逐校官方核验后补充。,899,active
苏州信息职业技术学院,苏州信息职业技术学院,4132014256,江苏省,苏州市,未分类,专科,false,,,教育部全国普通高等学校名单记录：主管部门=江苏省；办学层次=专科。官网与研究生院链接待逐校官方核验后补充。,900,active
宿迁泽达职业技术学院,宿迁泽达职业技术学院,4132014293,江苏省,宿迁市,未分类,专科,false,,,教育部全国普通高等学校名单记录：主管部门=江苏省教育厅；办学层次=专科；备注=民办。官网与研究生院链接待逐校官方核验后补充。,901,active
苏州工业园区服务外包职业学院,苏州工业园区服务外包职业学院,4132014295,江苏省,苏州市,未分类,专科,false,,,教育部全国普通高等学校名单记录：主管部门=江苏省；办学层次=专科。官网与研究生院链接待逐校官方核验后补充。,902,active
徐州幼儿师范高等专科学校,徐州幼儿师范高等专科学校,4132014329,江苏省,徐州市,未分类,专科,false,,,教育部全国普通高等学校名单记录：主管部门=江苏省；办学层次=专科。官网与研究生院链接待逐校官方核验后补充。,903,active
徐州生物工程职业技术学院,徐州生物工程职业技术学院,4132014401,江苏省,徐州市,未分类,专科,false,,,教育部全国普通高等学校名单记录：主管部门=江苏省；办学层次=专科。官网与研究生院链接待逐校官方核验后补充。,904,active
江苏商贸职业学院,江苏商贸职业学院,4132014475,江苏省,南通市,未分类,专科,false,,,教育部全国普通高等学校名单记录：主管部门=江苏省；办学层次=专科。官网与研究生院链接待逐校官方核验后补充。,905,active
南通师范高等专科学校,南通师范高等专科学校,4132014493,江苏省,南通市,未分类,专科,false,,,教育部全国普通高等学校名单记录：主管部门=江苏省；办学层次=专科。官网与研究生院链接待逐校官方核验后补充。,906,active
扬州中瑞酒店职业学院,扬州中瑞酒店职业学院,4132014528,江苏省,扬州市,未分类,专科,false,,,教育部全国普通高等学校名单记录：主管部门=江苏省教育厅；办学层次=专科；备注=民办。官网与研究生院链接待逐校官方核验后补充。,907,active
江苏护理职业学院,江苏护理职业学院,4132014541,江苏省,淮安市,未分类,专科,false,,,教育部全国普通高等学校名单记录：主管部门=江苏省；办学层次=专科。官网与研究生院链接待逐校官方核验后补充。,908,active
江苏财会职业学院,江苏财会职业学院,4132014542,江苏省,连云港市,未分类,专科,false,,,教育部全国普通高等学校名单记录：主管部门=江苏省；办学层次=专科。官网与研究生院链接待逐校官方核验后补充。,909,active
江苏城乡建设职业学院,江苏城乡建设职业学院,4132014543,江苏省,常州市,未分类,专科,false,,,教育部全国普通高等学校名单记录：主管部门=江苏省；办学层次=专科。官网与研究生院链接待逐校官方核验后补充。,910,active
江苏航空职业技术学院,江苏航空职业技术学院,4132014568,江苏省,镇江市,未分类,专科,false,,,教育部全国普通高等学校名单记录：主管部门=江苏省；办学层次=专科。官网与研究生院链接待逐校官方核验后补充。,911,active
江苏安全技术职业学院,江苏安全技术职业学院,4132014589,江苏省,徐州市,未分类,专科,false,,,教育部全国普通高等学校名单记录：主管部门=江苏省；办学层次=专科。官网与研究生院链接待逐校官方核验后补充。,912,active
江苏旅游职业学院,江苏旅游职业学院,4132014604,江苏省,扬州市,未分类,专科,false,,,教育部全国普通高等学校名单记录：主管部门=江苏省；办学层次=专科。官网与研究生院链接待逐校官方核验后补充。,913,active
常州幼儿师范高等专科学校,常州幼儿师范高等专科学校,4132014773,江苏省,常州市,未分类,专科,false,,,教育部全国普通高等学校名单记录：主管部门=江苏省；办学层次=专科。官网与研究生院链接待逐校官方核验后补充。,914,active
江苏司法警官职业学院,江苏司法警官职业学院,4132014841,江苏省,南京市,未分类,专科,false,,,教育部全国普通高等学校名单记录：主管部门=江苏省；办学层次=专科。官网与研究生院链接待逐校官方核验后补充。,915,active
盐城农业科技职业学院,盐城农业科技职业学院,4132014853,江苏省,盐城市,未分类,专科,false,,,教育部全国普通高等学校名单记录：主管部门=江苏省；办学层次=专科。官网与研究生院链接待逐校官方核验后补充。,916,active
宿迁幼儿师范高等专科学校,宿迁幼儿师范高等专科学校,4132014854,江苏省,宿迁市,未分类,专科,false,,,教育部全国普通高等学校名单记录：主管部门=江苏省；办学层次=专科。官网与研究生院链接待逐校官方核验后补充。,917,active
无锡师范高等专科学校,无锡师范高等专科学校,4132014855,江苏省,无锡市,未分类,专科,false,,,教育部全国普通高等学校名单记录：主管部门=江苏省；办学层次=专科。官网与研究生院链接待逐校官方核验后补充。,918,active
常州铁道职业技术学院,常州铁道职业技术学院,4132014913,江苏省,常州市,未分类,专科,false,,,教育部全国普通高等学校名单记录：主管部门=江苏省；办学层次=专科。官网与研究生院链接待逐校官方核验后补充。,919,active
苏州旅游职业学院,苏州旅游职业学院,4132014914,江苏省,苏州市,未分类,专科,false,,,教育部全国普通高等学校名单记录：主管部门=江苏省；办学层次=专科。官网与研究生院链接待逐校官方核验后补充。,920,active
南通卫生健康职业学院,南通卫生健康职业学院,4132014915,江苏省,南通市,未分类,专科,false,,,教育部全国普通高等学校名单记录：主管部门=江苏省；办学层次=专科。官网与研究生院链接待逐校官方核验后补充。,921,active
浙江大学,浙江大学,4133010335,浙江省,杭州市,未分类,本科,false,,,教育部全国普通高等学校名单记录：主管部门=教育部；办学层次=本科。官网与研究生院链接待逐校官方核验后补充。,922,active
杭州电子科技大学,杭州电子科技大学,4133010336,浙江省,杭州市,未分类,本科,false,,,教育部全国普通高等学校名单记录：主管部门=浙江省；办学层次=本科。官网与研究生院链接待逐校官方核验后补充。,923,active
浙江工业大学,浙江工业大学,4133010337,浙江省,杭州市,未分类,本科,false,,,教育部全国普通高等学校名单记录：主管部门=浙江省；办学层次=本科。官网与研究生院链接待逐校官方核验后补充。,924,active
浙江理工大学,浙江理工大学,4133010338,浙江省,杭州市,未分类,本科,false,,,教育部全国普通高等学校名单记录：主管部门=浙江省；办学层次=本科。官网与研究生院链接待逐校官方核验后补充。,925,active
浙江海洋大学,浙江海洋大学,4133010340,浙江省,舟山市,未分类,本科,false,,,教育部全国普通高等学校名单记录：主管部门=浙江省；办学层次=本科。官网与研究生院链接待逐校官方核验后补充。,926,active
浙江农林大学,浙江农林大学,4133010341,浙江省,杭州市,未分类,本科,false,,,教育部全国普通高等学校名单记录：主管部门=浙江省；办学层次=本科。官网与研究生院链接待逐校官方核验后补充。,927,active
温州医科大学,温州医科大学,4133010343,浙江省,温州市,未分类,本科,false,,,教育部全国普通高等学校名单记录：主管部门=浙江省；办学层次=本科。官网与研究生院链接待逐校官方核验后补充。,928,active
浙江中医药大学,浙江中医药大学,4133010344,浙江省,杭州市,未分类,本科,false,,,教育部全国普通高等学校名单记录：主管部门=浙江省；办学层次=本科。官网与研究生院链接待逐校官方核验后补充。,929,active
浙江师范大学,浙江师范大学,4133010345,浙江省,金华市,未分类,本科,false,,,教育部全国普通高等学校名单记录：主管部门=浙江省；办学层次=本科。官网与研究生院链接待逐校官方核验后补充。,930,active
杭州师范大学,杭州师范大学,4133010346,浙江省,杭州市,未分类,本科,false,,,教育部全国普通高等学校名单记录：主管部门=浙江省；办学层次=本科。官网与研究生院链接待逐校官方核验后补充。,931,active
湖州师范学院,湖州师范学院,4133010347,浙江省,湖州市,未分类,本科,false,,,教育部全国普通高等学校名单记录：主管部门=浙江省；办学层次=本科。官网与研究生院链接待逐校官方核验后补充。,932,active
绍兴文理学院,绍兴文理学院,4133010349,浙江省,绍兴市,未分类,本科,false,,,教育部全国普通高等学校名单记录：主管部门=浙江省；办学层次=本科。官网与研究生院链接待逐校官方核验后补充。,933,active
台州学院,台州学院,4133010350,浙江省,台州市,未分类,本科,false,,,教育部全国普通高等学校名单记录：主管部门=浙江省；办学层次=本科。官网与研究生院链接待逐校官方核验后补充。,934,active
温州大学,温州大学,4133010351,浙江省,温州市,未分类,本科,false,,,教育部全国普通高等学校名单记录：主管部门=浙江省；办学层次=本科。官网与研究生院链接待逐校官方核验后补充。,935,active
丽水学院,丽水学院,4133010352,浙江省,丽水市,未分类,本科,false,,,教育部全国普通高等学校名单记录：主管部门=浙江省；办学层次=本科。官网与研究生院链接待逐校官方核验后补充。,936,active
浙江工商大学,浙江工商大学,4133010353,浙江省,杭州市,未分类,本科,false,,,教育部全国普通高等学校名单记录：主管部门=浙江省；办学层次=本科。官网与研究生院链接待逐校官方核验后补充。,937,active
嘉兴大学,嘉兴大学,4133010354,浙江省,嘉兴市,未分类,本科,false,,,教育部全国普通高等学校名单记录：主管部门=浙江省；办学层次=本科。官网与研究生院链接待逐校官方核验后补充。,938,active
中国美术学院,中国美术学院,4133010355,浙江省,杭州市,未分类,本科,false,,,教育部全国普通高等学校名单记录：主管部门=浙江省；办学层次=本科。官网与研究生院链接待逐校官方核验后补充。,939,active
中国计量大学,中国计量大学,4133010356,浙江省,杭州市,未分类,本科,false,,,教育部全国普通高等学校名单记录：主管部门=浙江省；办学层次=本科。官网与研究生院链接待逐校官方核验后补充。,940,active
浙江万里学院,浙江万里学院,4133010876,浙江省,宁波市,未分类,本科,false,,,教育部全国普通高等学校名单记录：主管部门=浙江省；办学层次=本科。官网与研究生院链接待逐校官方核验后补充。,941,active
浙江科技大学,浙江科技大学,4133011057,浙江省,杭州市,未分类,本科,false,,,教育部全国普通高等学校名单记录：主管部门=浙江省；办学层次=本科。官网与研究生院链接待逐校官方核验后补充。,942,active
宁波工程学院,宁波工程学院,4133011058,浙江省,宁波市,未分类,本科,false,,,教育部全国普通高等学校名单记录：主管部门=浙江省；办学层次=本科。官网与研究生院链接待逐校官方核验后补充。,943,active
浙江水利水电学院,浙江水利水电学院,4133011481,浙江省,杭州市,未分类,本科,false,,,教育部全国普通高等学校名单记录：主管部门=浙江省；办学层次=本科。官网与研究生院链接待逐校官方核验后补充。,944,active
浙江财经大学,浙江财经大学,4133011482,浙江省,杭州市,未分类,本科,false,,,教育部全国普通高等学校名单记录：主管部门=浙江省；办学层次=本科。官网与研究生院链接待逐校官方核验后补充。,945,active
浙江警察学院,浙江警察学院,4133011483,浙江省,杭州市,未分类,本科,false,,,教育部全国普通高等学校名单记录：主管部门=浙江省；办学层次=本科。官网与研究生院链接待逐校官方核验后补充。,946,active
衢州学院,衢州学院,4133011488,浙江省,衢州市,未分类,本科,false,,,教育部全国普通高等学校名单记录：主管部门=浙江省；办学层次=本科。官网与研究生院链接待逐校官方核验后补充。,947,active
宁波大学,宁波大学,4133011646,浙江省,宁波市,未分类,本科,false,,,教育部全国普通高等学校名单记录：主管部门=浙江省；办学层次=本科。官网与研究生院链接待逐校官方核验后补充。,948,active
浙江传媒学院,浙江传媒学院,4133011647,浙江省,杭州市,未分类,本科,false,,,教育部全国普通高等学校名单记录：主管部门=浙江省；办学层次=本科。官网与研究生院链接待逐校官方核验后补充。,949,active
浙江树人学院,浙江树人学院,4133011842,浙江省,杭州市,未分类,本科,false,,,教育部全国普通高等学校名单记录：主管部门=浙江省教育厅；办学层次=本科；备注=民办。官网与研究生院链接待逐校官方核验后补充。,950,active
浙江越秀外国语学院,浙江越秀外国语学院,4133012792,浙江省,绍兴市,未分类,本科,false,,,教育部全国普通高等学校名单记录：主管部门=浙江省教育厅；办学层次=本科；备注=民办。官网与研究生院链接待逐校官方核验后补充。,951,active
宁波财经学院,宁波财经学院,4133013001,浙江省,宁波市,未分类,本科,false,,,教育部全国普通高等学校名单记录：主管部门=浙江省教育厅；办学层次=本科；备注=民办。官网与研究生院链接待逐校官方核验后补充。,952,active
浙大城市学院,浙大城市学院,4133013021,浙江省,杭州市,未分类,本科,false,,,教育部全国普通高等学校名单记录：主管部门=浙江省；办学层次=本科。官网与研究生院链接待逐校官方核验后补充。,953,active
浙大宁波理工学院,浙大宁波理工学院,4133013022,浙江省,宁波市,未分类,本科,false,,,教育部全国普通高等学校名单记录：主管部门=浙江省；办学层次=本科。官网与研究生院链接待逐校官方核验后补充。,954,active
杭州医学院,杭州医学院,4133013023,浙江省,杭州市,未分类,本科,false,,,教育部全国普通高等学校名单记录：主管部门=浙江省；办学层次=本科。官网与研究生院链接待逐校官方核验后补充。,955,active
浙江广厦建设职业技术大学,浙江广厦建设职业技术大学,4133013029,浙江省,金华市,未分类,本科,false,,,教育部全国普通高等学校名单记录：主管部门=浙江省教育厅；办学层次=本科；备注=民办。官网与研究生院链接待逐校官方核验后补充。,956,active
浙江工业大学之江学院,浙江工业大学之江学院,4133013275,浙江省,杭州市,未分类,本科,false,,,教育部全国普通高等学校名单记录：主管部门=浙江省教育厅；办学层次=本科；备注=民办。官网与研究生院链接待逐校官方核验后补充。,957,active
浙江师范大学行知学院,浙江师范大学行知学院,4133013276,浙江省,金华市,未分类,本科,false,,,教育部全国普通高等学校名单记录：主管部门=浙江省教育厅；办学层次=本科；备注=民办。官网与研究生院链接待逐校官方核验后补充。,958,active
宁波大学科学技术学院,宁波大学科学技术学院,4133013277,浙江省,宁波市,未分类,本科,false,,,教育部全国普通高等学校名单记录：主管部门=浙江省教育厅；办学层次=本科；备注=民办。官网与研究生院链接待逐校官方核验后补充。,959,active
杭州电子科技大学信息工程学院,杭州电子科技大学信息工程学院,4133013279,浙江省,杭州市,未分类,本科,false,,,教育部全国普通高等学校名单记录：主管部门=浙江省教育厅；办学层次=本科；备注=民办。官网与研究生院链接待逐校官方核验后补充。,960,active
浙江理工大学科技与艺术学院,浙江理工大学科技与艺术学院,4133013280,浙江省,杭州市,未分类,本科,false,,,教育部全国普通高等学校名单记录：主管部门=浙江省教育厅；办学层次=本科；备注=民办。官网与研究生院链接待逐校官方核验后补充。,961,active
浙江农林大学暨阳学院,浙江农林大学暨阳学院,4133013283,浙江省,绍兴市,未分类,本科,false,,,教育部全国普通高等学校名单记录：主管部门=浙江省教育厅；办学层次=本科；备注=民办。官网与研究生院链接待逐校官方核验后补充。,962,active
温州医科大学仁济学院,温州医科大学仁济学院,4133013284,浙江省,温州市,未分类,本科,false,,,教育部全国普通高等学校名单记录：主管部门=浙江省教育厅；办学层次=本科；备注=民办。官网与研究生院链接待逐校官方核验后补充。,963,active
浙江中医药大学滨江学院,浙江中医药大学滨江学院,4133013285,浙江省,杭州市,未分类,本科,false,,,教育部全国普通高等学校名单记录：主管部门=浙江省教育厅；办学层次=本科；备注=民办。官网与研究生院链接待逐校官方核验后补充。,964,active
杭州师范大学钱江学院,杭州师范大学钱江学院,4133013286,浙江省,杭州市,未分类,本科,false,,,教育部全国普通高等学校名单记录：主管部门=浙江省教育厅；办学层次=本科；备注=民办。官网与研究生院链接待逐校官方核验后补充。,965,active
湖州学院,湖州学院,4133013287,浙江省,湖州市,未分类,本科,false,,,教育部全国普通高等学校名单记录：主管部门=浙江省；办学层次=本科。官网与研究生院链接待逐校官方核验后补充。,966,active
绍兴理工学院,绍兴理工学院,4133013288,浙江省,绍兴市,未分类,本科,false,,,教育部全国普通高等学校名单记录：主管部门=浙江省；办学层次=本科。官网与研究生院链接待逐校官方核验后补充。,967,active
温州理工学院,温州理工学院,4133013289,浙江省,温州市,未分类,本科,false,,,教育部全国普通高等学校名单记录：主管部门=浙江省；办学层次=本科。官网与研究生院链接待逐校官方核验后补充。,968,active
浙江工商大学杭州商学院,浙江工商大学杭州商学院,4133013290,浙江省,杭州市,未分类,本科,false,,,教育部全国普通高等学校名单记录：主管部门=浙江省教育厅；办学层次=本科；备注=民办。官网与研究生院链接待逐校官方核验后补充。,969,active
嘉兴南湖学院,嘉兴南湖学院,4133013291,浙江省,嘉兴市,未分类,本科,false,,,教育部全国普通高等学校名单记录：主管部门=浙江省；办学层次=本科。官网与研究生院链接待逐校官方核验后补充。,970,active
中国计量大学现代科技学院,中国计量大学现代科技学院,4133013292,浙江省,杭州市,未分类,本科,false,,,教育部全国普通高等学校名单记录：主管部门=浙江省教育厅；办学层次=本科；备注=民办。官网与研究生院链接待逐校官方核验后补充。,971,active
浙江财经大学东方学院,浙江财经大学东方学院,4133013294,浙江省,嘉兴市,未分类,本科,false,,,教育部全国普通高等学校名单记录：主管部门=浙江省教育厅；办学层次=本科；备注=民办。官网与研究生院链接待逐校官方核验后补充。,972,active
温州商学院,温州商学院,4133013637,浙江省,温州市,未分类,本科,false,,,教育部全国普通高等学校名单记录：主管部门=浙江省教育厅；办学层次=本科；备注=民办。官网与研究生院链接待逐校官方核验后补充。,973,active
同济大学浙江学院,同济大学浙江学院,4133014206,浙江省,嘉兴市,未分类,本科,false,,,教育部全国普通高等学校名单记录：主管部门=浙江省教育厅；办学层次=本科；备注=民办。官网与研究生院链接待逐校官方核验后补充。,974,active
上海财经大学浙江学院,上海财经大学浙江学院,4133014207,浙江省,金华市,未分类,本科,false,,,教育部全国普通高等学校名单记录：主管部门=浙江省教育厅；办学层次=本科；备注=民办。官网与研究生院链接待逐校官方核验后补充。,975,active
浙江外国语学院,浙江外国语学院,4133014275,浙江省,杭州市,未分类,本科,false,,,教育部全国普通高等学校名单记录：主管部门=浙江省；办学层次=本科。官网与研究生院链接待逐校官方核验后补充。,976,active
浙江音乐学院,浙江音乐学院,4133014535,浙江省,杭州市,未分类,本科,false,,,教育部全国普通高等学校名单记录：主管部门=浙江省；办学层次=本科。官网与研究生院链接待逐校官方核验后补充。,977,active
西湖大学,西湖大学,4133014626,浙江省,杭州市,未分类,本科,false,,,教育部全国普通高等学校名单记录：主管部门=浙江省教育厅；办学层次=本科；备注=民办。官网与研究生院链接待逐校官方核验后补充。,978,active
浙江药科职业大学,浙江药科职业大学,4133016207,浙江省,宁波市,未分类,本科,false,,,教育部全国普通高等学校名单记录：主管部门=浙江省；办学层次=本科。官网与研究生院链接待逐校官方核验后补充。,979,active
金华职业技术大学,金华职业技术大学,4133012061,浙江省,金华市,未分类,本科,false,,,教育部全国普通高等学校名单记录：主管部门=浙江省；办学层次=本科。官网与研究生院链接待逐校官方核验后补充。,980,active
浙江机电职业技术大学,浙江机电职业技术大学,4133012861,浙江省,杭州市,未分类,本科,false,,,教育部全国普通高等学校名单记录：主管部门=浙江省；办学层次=本科。官网与研究生院链接待逐校官方核验后补充。,981,active
宁波诺丁汉大学,宁波诺丁汉大学,4133016301,浙江省,宁波市,未分类,本科,false,,,教育部全国普通高等学校名单记录：主管部门=浙江省教育厅；办学层次=本科；备注=中外合作办学及内地与港澳合作办学。官网与研究生院链接待逐校官方核验后补充。,982,active
温州肯恩大学,温州肯恩大学,4133016405,浙江省,温州市,未分类,本科,false,,,教育部全国普通高等学校名单记录：主管部门=浙江省教育厅；办学层次=本科；备注=中外合作办学及内地与港澳合作办学。官网与研究生院链接待逐校官方核验后补充。,983,active
宁波职业技术大学,宁波职业技术大学,4133010863,浙江省,宁波市,未分类,本科,false,,,教育部全国普通高等学校名单记录：主管部门=浙江省；办学层次=本科。官网与研究生院链接待逐校官方核验后补充。,984,active
杭州职业技术大学,杭州职业技术大学,4133012872,浙江省,杭州市,未分类,本科,false,,,教育部全国普通高等学校名单记录：主管部门=浙江省；办学层次=本科。官网与研究生院链接待逐校官方核验后补充。,985,active
宁波东方理工大学,宁波东方理工大学,4133014943,浙江省,宁波市,未分类,本科,false,,,教育部全国普通高等学校名单记录：主管部门=浙江省教育厅；办学层次=本科；备注=民办。官网与研究生院链接待逐校官方核验后补充。,986,active
温州职业技术学院,温州职业技术学院,4133010864,浙江省,温州市,未分类,专科,false,,,教育部全国普通高等学校名单记录：主管部门=浙江省；办学层次=专科。官网与研究生院链接待逐校官方核验后补充。,987,active
浙江交通职业技术学院,浙江交通职业技术学院,4133012036,浙江省,杭州市,未分类,专科,false,,,教育部全国普通高等学校名单记录：主管部门=浙江省；办学层次=专科。官网与研究生院链接待逐校官方核验后补充。,988,active
宁波城市职业技术学院,宁波城市职业技术学院,4133012645,浙江省,宁波市,未分类,专科,false,,,教育部全国普通高等学校名单记录：主管部门=浙江省；办学层次=专科。官网与研究生院链接待逐校官方核验后补充。,989,active
浙江电力职业技术学院,浙江电力职业技术学院,4133012646,浙江省,杭州市,未分类,专科,false,,,教育部全国普通高等学校名单记录：主管部门=浙江省；办学层次=专科。官网与研究生院链接待逐校官方核验后补充。,990,active
浙江同济科技职业学院,浙江同济科技职业学院,4133012647,浙江省,杭州市,未分类,专科,false,,,教育部全国普通高等学校名单记录：主管部门=浙江省；办学层次=专科。官网与研究生院链接待逐校官方核验后补充。,991,active
浙江工商职业技术学院,浙江工商职业技术学院,4133012789,浙江省,宁波市,未分类,专科,false,,,教育部全国普通高等学校名单记录：主管部门=浙江省；办学层次=专科。官网与研究生院链接待逐校官方核验后补充。,992,active
台州职业技术学院,台州职业技术学院,4133012790,浙江省,台州市,未分类,专科,false,,,教育部全国普通高等学校名单记录：主管部门=浙江省；办学层次=专科。官网与研究生院链接待逐校官方核验后补充。,993,active
浙江工贸职业技术学院,浙江工贸职业技术学院,4133012791,浙江省,温州市,未分类,专科,false,,,教育部全国普通高等学校名单记录：主管部门=浙江省；办学层次=专科。官网与研究生院链接待逐校官方核验后补充。,994,active
浙江建设职业技术学院,浙江建设职业技术学院,4133012862,浙江省,杭州市,未分类,专科,false,,,教育部全国普通高等学校名单记录：主管部门=浙江省；办学层次=专科。官网与研究生院链接待逐校官方核验后补充。,995,active
浙江艺术职业学院,浙江艺术职业学院,4133012863,浙江省,杭州市,未分类,专科,false,,,教育部全国普通高等学校名单记录：主管部门=浙江省；办学层次=专科。官网与研究生院链接待逐校官方核验后补充。,996,active
浙江经贸职业技术学院,浙江经贸职业技术学院,4133012864,浙江省,杭州市,未分类,专科,false,,,教育部全国普通高等学校名单记录：主管部门=浙江省；办学层次=专科。官网与研究生院链接待逐校官方核验后补充。,997,active
浙江商业职业技术学院,浙江商业职业技术学院,4133012865,浙江省,杭州市,未分类,专科,false,,,教育部全国普通高等学校名单记录：主管部门=浙江省；办学层次=专科。官网与研究生院链接待逐校官方核验后补充。,998,active
浙江经济职业技术学院,浙江经济职业技术学院,4133012866,浙江省,杭州市,未分类,专科,false,,,教育部全国普通高等学校名单记录：主管部门=浙江省；办学层次=专科。官网与研究生院链接待逐校官方核验后补充。,999,active
浙江旅游职业学院,浙江旅游职业学院,4133012867,浙江省,杭州市,未分类,专科,false,,,教育部全国普通高等学校名单记录：主管部门=浙江省；办学层次=专科。官网与研究生院链接待逐校官方核验后补充。,1000,active
浙江育英职业技术学院,浙江育英职业技术学院,4133012868,浙江省,杭州市,未分类,专科,false,,,教育部全国普通高等学校名单记录：主管部门=浙江省教育厅；办学层次=专科；备注=民办。官网与研究生院链接待逐校官方核验后补充。,1001,active
浙江警官职业学院,浙江警官职业学院,4133012869,浙江省,杭州市,未分类,专科,false,,,教育部全国普通高等学校名单记录：主管部门=浙江省；办学层次=专科。官网与研究生院链接待逐校官方核验后补充。,1002,active
浙江金融职业学院,浙江金融职业学院,4133012870,浙江省,杭州市,未分类,专科,false,,,教育部全国普通高等学校名单记录：主管部门=浙江省；办学层次=专科。官网与研究生院链接待逐校官方核验后补充。,1003,active
浙江工业职业技术学院,浙江工业职业技术学院,4133012871,浙江省,绍兴市,未分类,专科,false,,,教育部全国普通高等学校名单记录：主管部门=浙江省；办学层次=专科。官网与研究生院链接待逐校官方核验后补充。,1004,active
嘉兴职业技术学院,嘉兴职业技术学院,4133012874,浙江省,嘉兴市,未分类,专科,false,,,教育部全国普通高等学校名单记录：主管部门=浙江省；办学层次=专科。官网与研究生院链接待逐校官方核验后补充。,1005,active
湖州职业技术学院,湖州职业技术学院,4133012875,浙江省,湖州市,未分类,专科,false,,,教育部全国普通高等学校名单记录：主管部门=浙江省；办学层次=专科。官网与研究生院链接待逐校官方核验后补充。,1006,active
绍兴职业技术学院,绍兴职业技术学院,4133012876,浙江省,绍兴市,未分类,专科,false,,,教育部全国普通高等学校名单记录：主管部门=浙江省教育厅；办学层次=专科；备注=民办。官网与研究生院链接待逐校官方核验后补充。,1007,active
衢州职业技术学院,衢州职业技术学院,4133012877,浙江省,衢州市,未分类,专科,false,,,教育部全国普通高等学校名单记录：主管部门=浙江省；办学层次=专科。官网与研究生院链接待逐校官方核验后补充。,1008,active
丽水职业技术学院,丽水职业技术学院,4133012878,浙江省,丽水市,未分类,专科,false,,,教育部全国普通高等学校名单记录：主管部门=浙江省；办学层次=专科。官网与研究生院链接待逐校官方核验后补充。,1009,active
浙江东方职业技术学院,浙江东方职业技术学院,4133013002,浙江省,温州市,未分类,专科,false,,,教育部全国普通高等学校名单记录：主管部门=浙江省教育厅；办学层次=专科；备注=民办。官网与研究生院链接待逐校官方核验后补充。,1010,active
义乌工商职业技术学院,义乌工商职业技术学院,4133013003,浙江省,金华市,未分类,专科,false,,,教育部全国普通高等学校名单记录：主管部门=浙江省；办学层次=专科。官网与研究生院链接待逐校官方核验后补充。,1011,active
浙江纺织服装职业技术学院,浙江纺织服装职业技术学院,4133013025,浙江省,宁波市,未分类,专科,false,,,教育部全国普通高等学校名单记录：主管部门=浙江省；办学层次=专科。官网与研究生院链接待逐校官方核验后补充。,1012,active
杭州科技职业技术学院,杭州科技职业技术学院,4133013026,浙江省,杭州市,未分类,专科,false,,,教育部全国普通高等学校名单记录：主管部门=浙江省；办学层次=专科。官网与研究生院链接待逐校官方核验后补充。,1013,active
浙江长征职业技术学院,浙江长征职业技术学院,4133013027,浙江省,杭州市,未分类,专科,false,,,教育部全国普通高等学校名单记录：主管部门=浙江省教育厅；办学层次=专科；备注=民办。官网与研究生院链接待逐校官方核验后补充。,1014,active
嘉兴南洋职业技术学院,嘉兴南洋职业技术学院,4133013028,浙江省,嘉兴市,未分类,专科,false,,,教育部全国普通高等学校名单记录：主管部门=浙江省教育厅；办学层次=专科；备注=民办。官网与研究生院链接待逐校官方核验后补充。,1015,active
杭州万向职业技术学院,杭州万向职业技术学院,4133013030,浙江省,杭州市,未分类,专科,false,,,教育部全国普通高等学校名单记录：主管部门=浙江省教育厅；办学层次=专科；备注=民办。官网与研究生院链接待逐校官方核验后补充。,1016,active
浙江邮电职业技术学院,浙江邮电职业技术学院,4133013688,浙江省,绍兴市,未分类,专科,false,,,教育部全国普通高等学校名单记录：主管部门=浙江省；办学层次=专科。官网与研究生院链接待逐校官方核验后补充。,1017,active
宁波卫生职业技术学院,宁波卫生职业技术学院,4133013742,浙江省,宁波市,未分类,专科,false,,,教育部全国普通高等学校名单记录：主管部门=浙江省；办学层次=专科。官网与研究生院链接待逐校官方核验后补充。,1018,active
台州科技职业学院,台州科技职业学院,4133013746,浙江省,台州市,未分类,专科,false,,,教育部全国普通高等学校名单记录：主管部门=浙江省；办学层次=专科。官网与研究生院链接待逐校官方核验后补充。,1019,active
浙江国际海运职业技术学院,浙江国际海运职业技术学院,4133013853,浙江省,舟山市,未分类,专科,false,,,教育部全国普通高等学校名单记录：主管部门=浙江省；办学层次=专科。官网与研究生院链接待逐校官方核验后补充。,1020,active
浙江体育职业技术学院,浙江体育职业技术学院,4133013854,浙江省,杭州市,未分类,专科,false,,,教育部全国普通高等学校名单记录：主管部门=浙江省；办学层次=专科。官网与研究生院链接待逐校官方核验后补充。,1021,active
温州科技职业学院,温州科技职业学院,4133014088,浙江省,温州市,未分类,专科,false,,,教育部全国普通高等学校名单记录：主管部门=浙江省；办学层次=专科。官网与研究生院链接待逐校官方核验后补充。,1022,active
浙江汽车职业技术学院,浙江汽车职业技术学院,4133014089,浙江省,台州市,未分类,专科,false,,,教育部全国普通高等学校名单记录：主管部门=浙江省教育厅；办学层次=专科；备注=民办。官网与研究生院链接待逐校官方核验后补充。,1023,active
浙江横店影视职业学院,浙江横店影视职业学院,4133014090,浙江省,金华市,未分类,专科,false,,,教育部全国普通高等学校名单记录：主管部门=浙江省教育厅；办学层次=专科；备注=民办。官网与研究生院链接待逐校官方核验后补充。,1024,active
浙江农业商贸职业学院,浙江农业商贸职业学院,4133014269,浙江省,绍兴市,未分类,专科,false,,,教育部全国普通高等学校名单记录：主管部门=浙江省；办学层次=专科。官网与研究生院链接待逐校官方核验后补充。,1025,active
浙江特殊教育职业学院,浙江特殊教育职业学院,4133014431,浙江省,杭州市,未分类,专科,false,,,教育部全国普通高等学校名单记录：主管部门=浙江省；办学层次=专科。官网与研究生院链接待逐校官方核验后补充。,1026,active
浙江安防职业技术学院,浙江安防职业技术学院,4133014492,浙江省,温州市,未分类,专科,false,,,教育部全国普通高等学校名单记录：主管部门=浙江省；办学层次=专科。官网与研究生院链接待逐校官方核验后补充。,1027,active
浙江宇翔职业技术学院,浙江宇翔职业技术学院,4133014703,浙江省,湖州市,未分类,专科,false,,,教育部全国普通高等学校名单记录：主管部门=浙江省教育厅；办学层次=专科；备注=民办。官网与研究生院链接待逐校官方核验后补充。,1028,active
浙江金华科贸职业技术学院,浙江金华科贸职业技术学院,4133014746,浙江省,金华市,未分类,专科,false,,,教育部全国普通高等学校名单记录：主管部门=浙江省教育厅；办学层次=专科；备注=民办。官网与研究生院链接待逐校官方核验后补充。,1029,active
浙江舟山群岛新区旅游与健康职业学院,浙江舟山群岛新区旅游与健康职业学院,4133016408,浙江省,舟山市,未分类,专科,false,,,教育部全国普通高等学校名单记录：主管部门=浙江省；办学层次=专科。官网与研究生院链接待逐校官方核验后补充。,1030,active
宁波幼儿师范高等专科学校,宁波幼儿师范高等专科学校,4233050559,浙江省,宁波市,未分类,专科,false,,,教育部全国普通高等学校名单记录：主管部门=浙江省；办学层次=专科。官网与研究生院链接待逐校官方核验后补充。,1031,active
湖州健康职业学院,湖州健康职业学院,4133014916,浙江省,湖州市,未分类,专科,false,,,教育部全国普通高等学校名单记录：主管部门=浙江省教育厅；办学层次=专科；备注=民办。官网与研究生院链接待逐校官方核验后补充。,1032,active
安徽大学,安徽大学,4134010357,安徽省,合肥市,未分类,本科,false,,,教育部全国普通高等学校名单记录：主管部门=安徽省；办学层次=本科。官网与研究生院链接待逐校官方核验后补充。,1033,active
中国科学技术大学,中国科学技术大学,4134010358,安徽省,合肥市,未分类,本科,false,,,教育部全国普通高等学校名单记录：主管部门=中国科学院；办学层次=本科。官网与研究生院链接待逐校官方核验后补充。,1034,active
合肥工业大学,合肥工业大学,4134010359,安徽省,合肥市,未分类,本科,false,,,教育部全国普通高等学校名单记录：主管部门=教育部；办学层次=本科。官网与研究生院链接待逐校官方核验后补充。,1035,active
安徽工业大学,安徽工业大学,4134010360,安徽省,马鞍山市,未分类,本科,false,,,教育部全国普通高等学校名单记录：主管部门=安徽省；办学层次=本科。官网与研究生院链接待逐校官方核验后补充。,1036,active
安徽理工大学,安徽理工大学,4134010361,安徽省,淮南市,未分类,本科,false,,,教育部全国普通高等学校名单记录：主管部门=安徽省；办学层次=本科。官网与研究生院链接待逐校官方核验后补充。,1037,active
安徽工程大学,安徽工程大学,4134010363,安徽省,芜湖市,未分类,本科,false,,,教育部全国普通高等学校名单记录：主管部门=安徽省；办学层次=本科。官网与研究生院链接待逐校官方核验后补充。,1038,active
安徽农业大学,安徽农业大学,4134010364,安徽省,合肥市,未分类,本科,false,,,教育部全国普通高等学校名单记录：主管部门=安徽省；办学层次=本科。官网与研究生院链接待逐校官方核验后补充。,1039,active
安徽医科大学,安徽医科大学,4134010366,安徽省,合肥市,未分类,本科,false,,,教育部全国普通高等学校名单记录：主管部门=安徽省；办学层次=本科。官网与研究生院链接待逐校官方核验后补充。,1040,active
蚌埠医科大学,蚌埠医科大学,4134010367,安徽省,蚌埠市,未分类,本科,false,,,教育部全国普通高等学校名单记录：主管部门=安徽省；办学层次=本科。官网与研究生院链接待逐校官方核验后补充。,1041,active
皖南医学院,皖南医学院,4134010368,安徽省,芜湖市,未分类,本科,false,,,教育部全国普通高等学校名单记录：主管部门=安徽省；办学层次=本科。官网与研究生院链接待逐校官方核验后补充。,1042,active
安徽中医药大学,安徽中医药大学,4134010369,安徽省,合肥市,未分类,本科,false,,,教育部全国普通高等学校名单记录：主管部门=安徽省；办学层次=本科。官网与研究生院链接待逐校官方核验后补充。,1043,active
安徽师范大学,安徽师范大学,4134010370,安徽省,芜湖市,未分类,本科,false,,,教育部全国普通高等学校名单记录：主管部门=安徽省；办学层次=本科。官网与研究生院链接待逐校官方核验后补充。,1044,active
阜阳师范大学,阜阳师范大学,4134010371,安徽省,阜阳市,未分类,本科,false,,,教育部全国普通高等学校名单记录：主管部门=安徽省；办学层次=本科。官网与研究生院链接待逐校官方核验后补充。,1045,active
安庆师范大学,安庆师范大学,4134010372,安徽省,安庆市,未分类,本科,false,,,教育部全国普通高等学校名单记录：主管部门=安徽省；办学层次=本科。官网与研究生院链接待逐校官方核验后补充。,1046,active
淮北师范大学,淮北师范大学,4134010373,安徽省,淮北市,未分类,本科,false,,,教育部全国普通高等学校名单记录：主管部门=安徽省；办学层次=本科。官网与研究生院链接待逐校官方核验后补充。,1047,active
黄山学院,黄山学院,4134010375,安徽省,黄山市,未分类,本科,false,,,教育部全国普通高等学校名单记录：主管部门=安徽省；办学层次=本科。官网与研究生院链接待逐校官方核验后补充。,1048,active
皖西学院,皖西学院,4134010376,安徽省,六安市,未分类,本科,false,,,教育部全国普通高等学校名单记录：主管部门=安徽省；办学层次=本科。官网与研究生院链接待逐校官方核验后补充。,1049,active
滁州学院,滁州学院,4134010377,安徽省,滁州市,未分类,本科,false,,,教育部全国普通高等学校名单记录：主管部门=安徽省；办学层次=本科。官网与研究生院链接待逐校官方核验后补充。,1050,active
安徽财经大学,安徽财经大学,4134010378,安徽省,蚌埠市,未分类,本科,false,,,教育部全国普通高等学校名单记录：主管部门=安徽省；办学层次=本科。官网与研究生院链接待逐校官方核验后补充。,1051,active
宿州学院,宿州学院,4134010379,安徽省,宿州市,未分类,本科,false,,,教育部全国普通高等学校名单记录：主管部门=安徽省；办学层次=本科。官网与研究生院链接待逐校官方核验后补充。,1052,active
巢湖学院,巢湖学院,4134010380,安徽省,合肥市,未分类,本科,false,,,教育部全国普通高等学校名单记录：主管部门=安徽省；办学层次=本科。官网与研究生院链接待逐校官方核验后补充。,1053,active
淮南师范学院,淮南师范学院,4134010381,安徽省,淮南市,未分类,本科,false,,,教育部全国普通高等学校名单记录：主管部门=安徽省；办学层次=本科。官网与研究生院链接待逐校官方核验后补充。,1054,active
铜陵学院,铜陵学院,4134010383,安徽省,铜陵市,未分类,本科,false,,,教育部全国普通高等学校名单记录：主管部门=安徽省；办学层次=本科。官网与研究生院链接待逐校官方核验后补充。,1055,active
安徽建筑大学,安徽建筑大学,4134010878,安徽省,合肥市,未分类,本科,false,,,教育部全国普通高等学校名单记录：主管部门=安徽省；办学层次=本科。官网与研究生院链接待逐校官方核验后补充。,1056,active
安徽科技学院,安徽科技学院,4134010879,安徽省,滁州市,未分类,本科,false,,,教育部全国普通高等学校名单记录：主管部门=安徽省；办学层次=本科。官网与研究生院链接待逐校官方核验后补充。,1057,active
安徽三联学院,安徽三联学院,4134010959,安徽省,合肥市,未分类,本科,false,,,教育部全国普通高等学校名单记录：主管部门=安徽省教育厅；办学层次=本科；备注=民办。官网与研究生院链接待逐校官方核验后补充。,1058,active
合肥大学,合肥大学,4134011059,安徽省,合肥市,未分类,本科,false,,,教育部全国普通高等学校名单记录：主管部门=安徽省；办学层次=本科。官网与研究生院链接待逐校官方核验后补充。,1059,active
蚌埠学院,蚌埠学院,4134011305,安徽省,蚌埠市,未分类,本科,false,,,教育部全国普通高等学校名单记录：主管部门=安徽省；办学层次=本科。官网与研究生院链接待逐校官方核验后补充。,1060,active
池州学院,池州学院,4134011306,安徽省,池州市,未分类,本科,false,,,教育部全国普通高等学校名单记录：主管部门=安徽省；办学层次=本科。官网与研究生院链接待逐校官方核验后补充。,1061,active
安徽新华学院,安徽新华学院,4134012216,安徽省,合肥市,未分类,本科,false,,,教育部全国普通高等学校名单记录：主管部门=安徽省教育厅；办学层次=本科；备注=民办。官网与研究生院链接待逐校官方核验后补充。,1062,active
安徽文达信息工程学院,安徽文达信息工程学院,4134012810,安徽省,合肥市,未分类,本科,false,,,教育部全国普通高等学校名单记录：主管部门=安徽省教育厅；办学层次=本科；备注=民办。官网与研究生院链接待逐校官方核验后补充。,1063,active
亳州学院,亳州学院,4134012926,安徽省,亳州市,未分类,本科,false,,,教育部全国普通高等学校名单记录：主管部门=安徽省；办学层次=本科。官网与研究生院链接待逐校官方核验后补充。,1064,active
安徽外国语学院,安徽外国语学院,4134013065,安徽省,合肥市,未分类,本科,false,,,教育部全国普通高等学校名单记录：主管部门=安徽省教育厅；办学层次=本科；备注=民办。官网与研究生院链接待逐校官方核验后补充。,1065,active
蚌埠工商学院,蚌埠工商学院,4134013611,安徽省,蚌埠市,未分类,本科,false,,,教育部全国普通高等学校名单记录：主管部门=安徽省教育厅；办学层次=本科；备注=民办。官网与研究生院链接待逐校官方核验后补充。,1066,active
合肥理工学院,合肥理工学院,4134013612,安徽省,合肥市,未分类,本科,false,,,教育部全国普通高等学校名单记录：主管部门=安徽省；办学层次=本科。官网与研究生院链接待逐校官方核验后补充。,1067,active
安徽信息工程学院,安徽信息工程学院,4134013613,安徽省,芜湖市,未分类,本科,false,,,教育部全国普通高等学校名单记录：主管部门=安徽省教育厅；办学层次=本科；备注=民办。官网与研究生院链接待逐校官方核验后补充。,1068,active
马鞍山学院,马鞍山学院,4134013614,安徽省,马鞍山市,未分类,本科,false,,,教育部全国普通高等学校名单记录：主管部门=安徽省教育厅；办学层次=本科；备注=民办。官网与研究生院链接待逐校官方核验后补充。,1069,active
合肥城市学院,合肥城市学院,4134013615,安徽省,合肥市,未分类,本科,false,,,教育部全国普通高等学校名单记录：主管部门=安徽省教育厅；办学层次=本科；备注=民办。官网与研究生院链接待逐校官方核验后补充。,1070,active
合肥经济学院,合肥经济学院,4134013616,安徽省,合肥市,未分类,本科,false,,,教育部全国普通高等学校名单记录：主管部门=安徽省教育厅；办学层次=本科；备注=民办。官网与研究生院链接待逐校官方核验后补充。,1071,active
芜湖学院,芜湖学院,4134013617,安徽省,芜湖市,未分类,本科,false,,,教育部全国普通高等学校名单记录：主管部门=安徽省教育厅；办学层次=本科；备注=民办。官网与研究生院链接待逐校官方核验后补充。,1072,active
安徽医科大学临床医学院,安徽医科大学临床医学院,4134013618,安徽省,合肥市,未分类,本科,false,,,教育部全国普通高等学校名单记录：主管部门=安徽省教育厅；办学层次=本科；备注=民办。官网与研究生院链接待逐校官方核验后补充。,1073,active
阜阳理工学院,阜阳理工学院,4134013619,安徽省,阜阳市,未分类,本科,false,,,教育部全国普通高等学校名单记录：主管部门=安徽省教育厅；办学层次=本科；备注=民办。官网与研究生院链接待逐校官方核验后补充。,1074,active
淮北理工学院,淮北理工学院,4134013620,安徽省,淮北市,未分类,本科,false,,,教育部全国普通高等学校名单记录：主管部门=安徽省教育厅；办学层次=本科；备注=民办。官网与研究生院链接待逐校官方核验后补充。,1075,active
合肥师范学院,合肥师范学院,4134014098,安徽省,合肥市,未分类,本科,false,,,教育部全国普通高等学校名单记录：主管部门=安徽省；办学层次=本科。官网与研究生院链接待逐校官方核验后补充。,1076,active
皖江工学院,皖江工学院,4134014203,安徽省,马鞍山市,未分类,本科,false,,,教育部全国普通高等学校名单记录：主管部门=安徽省教育厅；办学层次=本科；备注=民办。官网与研究生院链接待逐校官方核验后补充。,1077,active
安徽艺术学院,安徽艺术学院,4134014682,安徽省,合肥市,未分类,本科,false,,,教育部全国普通高等学校名单记录：主管部门=安徽省；办学层次=本科。官网与研究生院链接待逐校官方核验后补充。,1078,active
安徽公安学院,安徽公安学院,4134014840,安徽省,合肥市,未分类,本科,false,,,教育部全国普通高等学校名单记录：主管部门=安徽省；办学层次=本科。官网与研究生院链接待逐校官方核验后补充。,1079,active
安徽职业技术大学,安徽职业技术大学,4134010869,安徽省,合肥市,未分类,本科,false,,,教育部全国普通高等学校名单记录：主管部门=安徽省；办学层次=本科。官网与研究生院链接待逐校官方核验后补充。,1080,active
芜湖职业技术大学,芜湖职业技术大学,4134011061,安徽省,芜湖市,未分类,本科,false,,,教育部全国普通高等学校名单记录：主管部门=安徽省；办学层次=本科。官网与研究生院链接待逐校官方核验后补充。,1081,active
安徽第二医学院,安徽第二医学院,4134012925,安徽省,合肥市,未分类,本科,false,,,教育部全国普通高等学校名单记录：主管部门=安徽省；办学层次=本科。官网与研究生院链接待逐校官方核验后补充。,1082,active
淮北职业技术学院,淮北职业技术学院,4134010963,安徽省,淮北市,未分类,专科,false,,,教育部全国普通高等学校名单记录：主管部门=安徽省；办学层次=专科。官网与研究生院链接待逐校官方核验后补充。,1083,active
淮南联合大学,淮南联合大学,4134011308,安徽省,淮南市,未分类,专科,false,,,教育部全国普通高等学校名单记录：主管部门=安徽省；办学层次=专科。官网与研究生院链接待逐校官方核验后补充。,1084,active
安徽商贸职业技术学院,安徽商贸职业技术学院,4134012072,安徽省,芜湖市,未分类,专科,false,,,教育部全国普通高等学校名单记录：主管部门=安徽省；办学层次=专科。官网与研究生院链接待逐校官方核验后补充。,1085,active
安徽水利水电职业技术学院,安徽水利水电职业技术学院,4134012073,安徽省,合肥市,未分类,专科,false,,,教育部全国普通高等学校名单记录：主管部门=安徽省；办学层次=专科。官网与研究生院链接待逐校官方核验后补充。,1086,active
阜阳职业技术学院,阜阳职业技术学院,4134012074,安徽省,阜阳市,未分类,专科,false,,,教育部全国普通高等学校名单记录：主管部门=安徽省；办学层次=专科。官网与研究生院链接待逐校官方核验后补充。,1087,active
铜陵职业技术学院,铜陵职业技术学院,4134012217,安徽省,铜陵市,未分类,专科,false,,,教育部全国普通高等学校名单记录：主管部门=安徽省；办学层次=专科。官网与研究生院链接待逐校官方核验后补充。,1088,active
民办万博科技职业学院,民办万博科技职业学院,4134012218,安徽省,合肥市,未分类,专科,false,,,教育部全国普通高等学校名单记录：主管部门=安徽省教育厅；办学层次=专科；备注=民办。官网与研究生院链接待逐校官方核验后补充。,1089,active
安徽警官职业学院,安徽警官职业学院,4134012219,安徽省,合肥市,未分类,专科,false,,,教育部全国普通高等学校名单记录：主管部门=安徽省；办学层次=专科。官网与研究生院链接待逐校官方核验后补充。,1090,active
淮南职业技术学院,淮南职业技术学院,4134012220,安徽省,淮南市,未分类,专科,false,,,教育部全国普通高等学校名单记录：主管部门=安徽省；办学层次=专科。官网与研究生院链接待逐校官方核验后补充。,1091,active
安徽工业经济职业技术学院,安徽工业经济职业技术学院,4134012334,安徽省,合肥市,未分类,专科,false,,,教育部全国普通高等学校名单记录：主管部门=安徽省；办学层次=专科。官网与研究生院链接待逐校官方核验后补充。,1092,active
合肥通用职业技术学院,合肥通用职业技术学院,4134012410,安徽省,合肥市,未分类,专科,false,,,教育部全国普通高等学校名单记录：主管部门=安徽省；办学层次=专科。官网与研究生院链接待逐校官方核验后补充。,1093,active
安徽工贸职业技术学院,安徽工贸职业技术学院,4134012811,安徽省,淮南市,未分类,专科,false,,,教育部全国普通高等学校名单记录：主管部门=安徽省；办学层次=专科。官网与研究生院链接待逐校官方核验后补充。,1094,active
宿州职业技术学院,宿州职业技术学院,4134012812,安徽省,宿州市,未分类,专科,false,,,教育部全国普通高等学校名单记录：主管部门=安徽省；办学层次=专科。官网与研究生院链接待逐校官方核验后补充。,1095,active
六安职业技术学院,六安职业技术学院,4134012813,安徽省,六安市,未分类,专科,false,,,教育部全国普通高等学校名单记录：主管部门=安徽省；办学层次=专科。官网与研究生院链接待逐校官方核验后补充。,1096,active
安徽电子信息职业技术学院,安徽电子信息职业技术学院,4134012814,安徽省,蚌埠市,未分类,专科,false,,,教育部全国普通高等学校名单记录：主管部门=安徽省；办学层次=专科。官网与研究生院链接待逐校官方核验后补充。,1097,active
民办合肥经济技术职业学院,民办合肥经济技术职业学院,4134012815,安徽省,合肥市,未分类,专科,false,,,教育部全国普通高等学校名单记录：主管部门=安徽省教育厅；办学层次=专科；备注=民办。官网与研究生院链接待逐校官方核验后补充。,1098,active
安徽交通职业技术学院,安徽交通职业技术学院,4134012816,安徽省,合肥市,未分类,专科,false,,,教育部全国普通高等学校名单记录：主管部门=安徽省；办学层次=专科。官网与研究生院链接待逐校官方核验后补充。,1099,active
安徽体育运动职业技术学院,安徽体育运动职业技术学院,4134012817,安徽省,合肥市,未分类,专科,false,,,教育部全国普通高等学校名单记录：主管部门=安徽省；办学层次=专科。官网与研究生院链接待逐校官方核验后补充。,1100,active
安徽中医药高等专科学校,安徽中医药高等专科学校,4134012924,安徽省,芜湖市,未分类,专科,false,,,教育部全国普通高等学校名单记录：主管部门=安徽省；办学层次=专科。官网与研究生院链接待逐校官方核验后补充。,1101,active
合肥职业技术学院,合肥职业技术学院,4134013058,安徽省,合肥市,未分类,专科,false,,,教育部全国普通高等学校名单记录：主管部门=安徽省；办学层次=专科。官网与研究生院链接待逐校官方核验后补充。,1102,active
滁州职业技术学院,滁州职业技术学院,4134013059,安徽省,滁州市,未分类,专科,false,,,教育部全国普通高等学校名单记录：主管部门=安徽省；办学层次=专科。官网与研究生院链接待逐校官方核验后补充。,1103,active
池州职业技术学院,池州职业技术学院,4134013060,安徽省,池州市,未分类,专科,false,,,教育部全国普通高等学校名单记录：主管部门=安徽省；办学层次=专科。官网与研究生院链接待逐校官方核验后补充。,1104,active
宣城职业技术学院,宣城职业技术学院,4134013061,安徽省,宣城市,未分类,专科,false,,,教育部全国普通高等学校名单记录：主管部门=安徽省；办学层次=专科。官网与研究生院链接待逐校官方核验后补充。,1105,active
安徽广播影视职业技术学院,安徽广播影视职业技术学院,4134013062,安徽省,合肥市,未分类,专科,false,,,教育部全国普通高等学校名单记录：主管部门=安徽省；办学层次=专科。官网与研究生院链接待逐校官方核验后补充。,1106,active
民办合肥滨湖职业技术学院,民办合肥滨湖职业技术学院,4134013064,安徽省,合肥市,未分类,专科,false,,,教育部全国普通高等学校名单记录：主管部门=安徽省教育厅；办学层次=专科；备注=民办。官网与研究生院链接待逐校官方核验后补充。,1107,active
安徽电气工程职业技术学院,安徽电气工程职业技术学院,4134013336,安徽省,合肥市,未分类,专科,false,,,教育部全国普通高等学校名单记录：主管部门=安徽省；办学层次=专科。官网与研究生院链接待逐校官方核验后补充。,1108,active
安徽冶金科技职业学院,安徽冶金科技职业学院,4134013337,安徽省,马鞍山市,未分类,专科,false,,,教育部全国普通高等学校名单记录：主管部门=安徽省；办学层次=专科。官网与研究生院链接待逐校官方核验后补充。,1109,active
安徽城市管理职业学院,安徽城市管理职业学院,4134013338,安徽省,合肥市,未分类,专科,false,,,教育部全国普通高等学校名单记录：主管部门=安徽省；办学层次=专科。官网与研究生院链接待逐校官方核验后补充。,1110,active
安徽机电职业技术学院,安徽机电职业技术学院,4134013339,安徽省,芜湖市,未分类,专科,false,,,教育部全国普通高等学校名单记录：主管部门=安徽省；办学层次=专科。官网与研究生院链接待逐校官方核验后补充。,1111,active
安徽工商职业学院,安徽工商职业学院,4134013340,安徽省,合肥市,未分类,专科,false,,,教育部全国普通高等学校名单记录：主管部门=安徽省；办学层次=专科。官网与研究生院链接待逐校官方核验后补充。,1112,active
安徽中澳科技职业学院,安徽中澳科技职业学院,4134013341,安徽省,合肥市,未分类,专科,false,,,教育部全国普通高等学校名单记录：主管部门=安徽省；办学层次=专科。官网与研究生院链接待逐校官方核验后补充。,1113,active
阜阳科技职业学院,阜阳科技职业学院,4134013342,安徽省,阜阳市,未分类,专科,false,,,教育部全国普通高等学校名单记录：主管部门=安徽省教育厅；办学层次=专科；备注=民办。官网与研究生院链接待逐校官方核验后补充。,1114,active
亳州职业技术学院,亳州职业技术学院,4134013343,安徽省,亳州市,未分类,专科,false,,,教育部全国普通高等学校名单记录：主管部门=安徽省；办学层次=专科。官网与研究生院链接待逐校官方核验后补充。,1115,active
安徽国防科技职业学院,安徽国防科技职业学院,4134013344,安徽省,六安市,未分类,专科,false,,,教育部全国普通高等学校名单记录：主管部门=安徽省；办学层次=专科。官网与研究生院链接待逐校官方核验后补充。,1116,active
安庆职业技术学院,安庆职业技术学院,4134013345,安徽省,安庆市,未分类,专科,false,,,教育部全国普通高等学校名单记录：主管部门=安徽省；办学层次=专科。官网与研究生院链接待逐校官方核验后补充。,1117,active
安徽艺术职业学院,安徽艺术职业学院,4134013346,安徽省,合肥市,未分类,专科,false,,,教育部全国普通高等学校名单记录：主管部门=安徽省；办学层次=专科。官网与研究生院链接待逐校官方核验后补充。,1118,active
马鞍山师范高等专科学校,马鞍山师范高等专科学校,4134013760,安徽省,马鞍山市,未分类,专科,false,,,教育部全国普通高等学校名单记录：主管部门=安徽省；办学层次=专科。官网与研究生院链接待逐校官方核验后补充。,1119,active
安徽财贸职业学院,安徽财贸职业学院,4134013845,安徽省,合肥市,未分类,专科,false,,,教育部全国普通高等学校名单记录：主管部门=安徽省；办学层次=专科。官网与研究生院链接待逐校官方核验后补充。,1120,active
安徽国际商务职业学院,安徽国际商务职业学院,4134013846,安徽省,合肥市,未分类,专科,false,,,教育部全国普通高等学校名单记录：主管部门=安徽省；办学层次=专科。官网与研究生院链接待逐校官方核验后补充。,1121,active
安徽公安职业学院,安徽公安职业学院,4134013847,安徽省,合肥市,未分类,专科,false,,,教育部全国普通高等学校名单记录：主管部门=安徽省；办学层次=专科。官网与研究生院链接待逐校官方核验后补充。,1122,active
安徽林业职业技术学院,安徽林业职业技术学院,4134013848,安徽省,合肥市,未分类,专科,false,,,教育部全国普通高等学校名单记录：主管部门=安徽省；办学层次=专科。官网与研究生院链接待逐校官方核验后补充。,1123,active
安徽审计职业学院,安徽审计职业学院,4134013849,安徽省,合肥市,未分类,专科,false,,,教育部全国普通高等学校名单记录：主管部门=安徽省；办学层次=专科。官网与研究生院链接待逐校官方核验后补充。,1124,active
安徽新闻出版职业技术学院,安徽新闻出版职业技术学院,4134013850,安徽省,合肥市,未分类,专科,false,,,教育部全国普通高等学校名单记录：主管部门=安徽省；办学层次=专科。官网与研究生院链接待逐校官方核验后补充。,1125,active
安徽邮电职业技术学院,安徽邮电职业技术学院,4134013851,安徽省,合肥市,未分类,专科,false,,,教育部全国普通高等学校名单记录：主管部门=安徽省；办学层次=专科。官网与研究生院链接待逐校官方核验后补充。,1126,active
安徽工业职业技术学院,安徽工业职业技术学院,4134013852,安徽省,铜陵市,未分类,专科,false,,,教育部全国普通高等学校名单记录：主管部门=安徽省；办学层次=专科。官网与研究生院链接待逐校官方核验后补充。,1127,active
民办合肥财经职业学院,民办合肥财经职业学院,4134014058,安徽省,合肥市,未分类,专科,false,,,教育部全国普通高等学校名单记录：主管部门=安徽省教育厅；办学层次=专科；备注=民办。官网与研究生院链接待逐校官方核验后补充。,1128,active
安庆医药高等专科学校,安庆医药高等专科学校,4134014096,安徽省,安庆市,未分类,专科,false,,,教育部全国普通高等学校名单记录：主管部门=安徽省；办学层次=专科。官网与研究生院链接待逐校官方核验后补充。,1129,active
安徽涉外经济职业学院,安徽涉外经济职业学院,4134014132,安徽省,合肥市,未分类,专科,false,,,教育部全国普通高等学校名单记录：主管部门=安徽省教育厅；办学层次=专科；备注=民办。官网与研究生院链接待逐校官方核验后补充。,1130,active
安徽绿海商务职业学院,安徽绿海商务职业学院,4134014133,安徽省,合肥市,未分类,专科,false,,,教育部全国普通高等学校名单记录：主管部门=安徽省教育厅；办学层次=专科；备注=民办。官网与研究生院链接待逐校官方核验后补充。,1131,active
合肥共达职业技术学院,合肥共达职业技术学院,4134014135,安徽省,合肥市,未分类,专科,false,,,教育部全国普通高等学校名单记录：主管部门=安徽省教育厅；办学层次=专科；备注=民办。官网与研究生院链接待逐校官方核验后补充。,1132,active
蚌埠经济技术职业学院,蚌埠经济技术职业学院,4134014137,安徽省,蚌埠市,未分类,专科,false,,,教育部全国普通高等学校名单记录：主管部门=安徽省教育厅；办学层次=专科；备注=民办。官网与研究生院链接待逐校官方核验后补充。,1133,active
民办安徽旅游职业学院,民办安徽旅游职业学院,4134014165,安徽省,阜阳市,未分类,专科,false,,,教育部全国普通高等学校名单记录：主管部门=安徽省教育厅；办学层次=专科；备注=民办。官网与研究生院链接待逐校官方核验后补充。,1134,active
徽商职业学院,徽商职业学院,4134014191,安徽省,合肥市,未分类,专科,false,,,教育部全国普通高等学校名单记录：主管部门=安徽省；办学层次=专科。官网与研究生院链接待逐校官方核验后补充。,1135,active
马鞍山职业技术学院,马鞍山职业技术学院,4134014192,安徽省,马鞍山市,未分类,专科,false,,,教育部全国普通高等学校名单记录：主管部门=安徽省；办学层次=专科。官网与研究生院链接待逐校官方核验后补充。,1136,active
安徽现代信息工程职业学院,安徽现代信息工程职业学院,4134014210,安徽省,淮南市,未分类,专科,false,,,教育部全国普通高等学校名单记录：主管部门=安徽省教育厅；办学层次=专科；备注=民办。官网与研究生院链接待逐校官方核验后补充。,1137,active
安徽矿业职业技术学院,安徽矿业职业技术学院,4134014229,安徽省,淮北市,未分类,专科,false,,,教育部全国普通高等学校名单记录：主管部门=安徽省教育厅；办学层次=专科；备注=民办。官网与研究生院链接待逐校官方核验后补充。,1138,active
合肥信息技术职业学院,合肥信息技术职业学院,4134014230,安徽省,合肥市,未分类,专科,false,,,教育部全国普通高等学校名单记录：主管部门=安徽省教育厅；办学层次=专科；备注=民办。官网与研究生院链接待逐校官方核验后补充。,1139,active
桐城师范高等专科学校,桐城师范高等专科学校,4134014273,安徽省,安庆市,未分类,专科,false,,,教育部全国普通高等学校名单记录：主管部门=安徽省；办学层次=专科。官网与研究生院链接待逐校官方核验后补充。,1140,active
黄山职业技术学院,黄山职业技术学院,4134014296,安徽省,黄山市,未分类,专科,false,,,教育部全国普通高等学校名单记录：主管部门=安徽省；办学层次=专科。官网与研究生院链接待逐校官方核验后补充。,1141,active
滁州城市职业学院,滁州城市职业学院,4134014297,安徽省,滁州市,未分类,专科,false,,,教育部全国普通高等学校名单记录：主管部门=安徽省；办学层次=专科。官网与研究生院链接待逐校官方核验后补充。,1142,active
安徽汽车职业技术学院,安徽汽车职业技术学院,4134014298,安徽省,合肥市,未分类,专科,false,,,教育部全国普通高等学校名单记录：主管部门=安徽省；办学层次=专科。官网与研究生院链接待逐校官方核验后补充。,1143,active
皖西卫生职业学院,皖西卫生职业学院,4134014299,安徽省,六安市,未分类,专科,false,,,教育部全国普通高等学校名单记录：主管部门=安徽省；办学层次=专科。官网与研究生院链接待逐校官方核验后补充。,1144,active
合肥幼儿师范高等专科学校,合肥幼儿师范高等专科学校,4134014330,安徽省,合肥市,未分类,专科,false,,,教育部全国普通高等学校名单记录：主管部门=安徽省；办学层次=专科。官网与研究生院链接待逐校官方核验后补充。,1145,active
安徽扬子职业技术学院,安徽扬子职业技术学院,4134014342,安徽省,芜湖市,未分类,专科,false,,,教育部全国普通高等学校名单记录：主管部门=安徽省教育厅；办学层次=专科；备注=民办。官网与研究生院链接待逐校官方核验后补充。,1146,active
安徽黄梅戏艺术职业学院,安徽黄梅戏艺术职业学院,4134014378,安徽省,安庆市,未分类,专科,false,,,教育部全国普通高等学校名单记录：主管部门=安徽省；办学层次=专科。官网与研究生院链接待逐校官方核验后补充。,1147,active
安徽粮食工程职业学院,安徽粮食工程职业学院,4134014418,安徽省,合肥市,未分类,专科,false,,,教育部全国普通高等学校名单记录：主管部门=安徽省；办学层次=专科。官网与研究生院链接待逐校官方核验后补充。,1148,active
安徽卫生健康职业学院,安徽卫生健康职业学院,4134014419,安徽省,池州市,未分类,专科,false,,,教育部全国普通高等学校名单记录：主管部门=安徽省；办学层次=专科。官网与研究生院链接待逐校官方核验后补充。,1149,active
合肥科技职业学院,合肥科技职业学院,4134014420,安徽省,合肥市,未分类,专科,false,,,教育部全国普通高等学校名单记录：主管部门=安徽省教育厅；办学层次=专科；备注=民办。官网与研究生院链接待逐校官方核验后补充。,1150,active
皖北卫生职业学院,皖北卫生职业学院,4134014502,安徽省,宿州市,未分类,专科,false,,,教育部全国普通高等学校名单记录：主管部门=安徽省；办学层次=专科。官网与研究生院链接待逐校官方核验后补充。,1151,active
阜阳幼儿师范高等专科学校,阜阳幼儿师范高等专科学校,4134014536,安徽省,阜阳市,未分类,专科,false,,,教育部全国普通高等学校名单记录：主管部门=安徽省；办学层次=专科。官网与研究生院链接待逐校官方核验后补充。,1152,active
黄山健康职业学院,黄山健康职业学院,4134014704,安徽省,黄山市,未分类,专科,false,,,教育部全国普通高等学校名单记录：主管部门=安徽省教育厅；办学层次=专科；备注=民办。官网与研究生院链接待逐校官方核验后补充。,1153,active
宿州航空职业学院,宿州航空职业学院,4134014747,安徽省,宿州市,未分类,专科,false,,,教育部全国普通高等学校名单记录：主管部门=安徽省教育厅；办学层次=专科；备注=民办。官网与研究生院链接待逐校官方核验后补充。,1154,active
芜湖医药健康职业学院,芜湖医药健康职业学院,4134014842,安徽省,芜湖市,未分类,专科,false,,,教育部全国普通高等学校名单记录：主管部门=安徽省教育厅；办学层次=专科；备注=民办。官网与研究生院链接待逐校官方核验后补充。,1155,active
芜湖航空职业学院,芜湖航空职业学院,4134014843,安徽省,芜湖市,未分类,专科,false,,,教育部全国普通高等学校名单记录：主管部门=安徽省教育厅；办学层次=专科；备注=民办。官网与研究生院链接待逐校官方核验后补充。,1156,active
蚌埠城市轨道交通职业学院,蚌埠城市轨道交通职业学院,4134014844,安徽省,蚌埠市,未分类,专科,false,,,教育部全国普通高等学校名单记录：主管部门=安徽省教育厅；办学层次=专科；备注=民办。官网与研究生院链接待逐校官方核验后补充。,1157,active
六安应用科技职业学院,六安应用科技职业学院,4134014917,安徽省,六安市,未分类,专科,false,,,教育部全国普通高等学校名单记录：主管部门=安徽省；办学层次=专科。官网与研究生院链接待逐校官方核验后补充。,1158,active
厦门大学,厦门大学,4135010384,福建省,厦门市,未分类,本科,false,,,教育部全国普通高等学校名单记录：主管部门=教育部；办学层次=本科。官网与研究生院链接待逐校官方核验后补充。,1159,active
华侨大学,华侨大学,4135010385,福建省,泉州市,未分类,本科,false,,,教育部全国普通高等学校名单记录：主管部门=中央统战部；办学层次=本科。官网与研究生院链接待逐校官方核验后补充。,1160,active
福州大学,福州大学,4135010386,福建省,福州市,未分类,本科,false,,,教育部全国普通高等学校名单记录：主管部门=福建省；办学层次=本科。官网与研究生院链接待逐校官方核验后补充。,1161,active
福建理工大学,福建理工大学,4135010388,福建省,福州市,未分类,本科,false,,,教育部全国普通高等学校名单记录：主管部门=福建省；办学层次=本科。官网与研究生院链接待逐校官方核验后补充。,1162,active
福建农林大学,福建农林大学,4135010389,福建省,福州市,未分类,本科,false,,,教育部全国普通高等学校名单记录：主管部门=福建省；办学层次=本科。官网与研究生院链接待逐校官方核验后补充。,1163,active
集美大学,集美大学,4135010390,福建省,厦门市,未分类,本科,false,,,教育部全国普通高等学校名单记录：主管部门=福建省；办学层次=本科。官网与研究生院链接待逐校官方核验后补充。,1164,active
福建医科大学,福建医科大学,4135010392,福建省,福州市,未分类,本科,false,,,教育部全国普通高等学校名单记录：主管部门=福建省；办学层次=本科。官网与研究生院链接待逐校官方核验后补充。,1165,active
福建中医药大学,福建中医药大学,4135010393,福建省,福州市,未分类,本科,false,,,教育部全国普通高等学校名单记录：主管部门=福建省；办学层次=本科。官网与研究生院链接待逐校官方核验后补充。,1166,active
福建师范大学,福建师范大学,4135010394,福建省,福州市,未分类,本科,false,,,教育部全国普通高等学校名单记录：主管部门=福建省；办学层次=本科。官网与研究生院链接待逐校官方核验后补充。,1167,active
闽江学院,闽江学院,4135010395,福建省,福州市,未分类,本科,false,,,教育部全国普通高等学校名单记录：主管部门=福建省；办学层次=本科。官网与研究生院链接待逐校官方核验后补充。,1168,active
武夷学院,武夷学院,4135010397,福建省,南平市,未分类,本科,false,,,教育部全国普通高等学校名单记录：主管部门=福建省；办学层次=本科。官网与研究生院链接待逐校官方核验后补充。,1169,active
宁德师范学院,宁德师范学院,4135010398,福建省,宁德市,未分类,本科,false,,,教育部全国普通高等学校名单记录：主管部门=福建省；办学层次=本科。官网与研究生院链接待逐校官方核验后补充。,1170,active
泉州师范学院,泉州师范学院,4135010399,福建省,泉州市,未分类,本科,false,,,教育部全国普通高等学校名单记录：主管部门=福建省；办学层次=本科。官网与研究生院链接待逐校官方核验后补充。,1171,active
闽南师范大学,闽南师范大学,4135010402,福建省,漳州市,未分类,本科,false,,,教育部全国普通高等学校名单记录：主管部门=福建省；办学层次=本科。官网与研究生院链接待逐校官方核验后补充。,1172,active
厦门理工学院,厦门理工学院,4135011062,福建省,厦门市,未分类,本科,false,,,教育部全国普通高等学校名单记录：主管部门=福建省；办学层次=本科。官网与研究生院链接待逐校官方核验后补充。,1173,active
三明学院,三明学院,4135011311,福建省,三明市,未分类,本科,false,,,教育部全国普通高等学校名单记录：主管部门=福建省；办学层次=本科。官网与研究生院链接待逐校官方核验后补充。,1174,active
龙岩学院,龙岩学院,4135011312,福建省,龙岩市,未分类,本科,false,,,教育部全国普通高等学校名单记录：主管部门=福建省；办学层次=本科。官网与研究生院链接待逐校官方核验后补充。,1175,active
福建商学院,福建商学院,4135011313,福建省,福州市,未分类,本科,false,,,教育部全国普通高等学校名单记录：主管部门=福建省；办学层次=本科。官网与研究生院链接待逐校官方核验后补充。,1176,active
福建警察学院,福建警察学院,4135011495,福建省,福州市,未分类,本科,false,,,教育部全国普通高等学校名单记录：主管部门=福建省；办学层次=本科。官网与研究生院链接待逐校官方核验后补充。,1177,active
莆田学院,莆田学院,4135011498,福建省,莆田市,未分类,本科,false,,,教育部全国普通高等学校名单记录：主管部门=福建省；办学层次=本科。官网与研究生院链接待逐校官方核验后补充。,1178,active
仰恩大学,仰恩大学,4135011784,福建省,泉州市,未分类,本科,false,,,教育部全国普通高等学校名单记录：主管部门=福建省教育厅；办学层次=本科；备注=民办。官网与研究生院链接待逐校官方核验后补充。,1179,active
厦门医学院,厦门医学院,4135012631,福建省,厦门市,未分类,本科,false,,,教育部全国普通高等学校名单记录：主管部门=福建省；办学层次=本科。官网与研究生院链接待逐校官方核验后补充。,1180,active
厦门华厦学院,厦门华厦学院,4135012709,福建省,厦门市,未分类,本科,false,,,教育部全国普通高等学校名单记录：主管部门=福建省教育厅；办学层次=本科；备注=民办。官网与研究生院链接待逐校官方核验后补充。,1181,active
闽南理工学院,闽南理工学院,4135012710,福建省,泉州市,未分类,本科,false,,,教育部全国普通高等学校名单记录：主管部门=福建省教育厅；办学层次=本科；备注=民办。官网与研究生院链接待逐校官方核验后补充。,1182,active
泉州职业技术大学,泉州职业技术大学,4135012928,福建省,泉州市,未分类,本科,false,,,教育部全国普通高等学校名单记录：主管部门=福建省教育厅；办学层次=本科；备注=民办。官网与研究生院链接待逐校官方核验后补充。,1183,active
闽南科技学院,闽南科技学院,4135012992,福建省,泉州市,未分类,本科,false,,,教育部全国普通高等学校名单记录：主管部门=福建省教育厅；办学层次=本科；备注=民办。官网与研究生院链接待逐校官方核验后补充。,1184,active
福州工商学院,福州工商学院,4135012993,福建省,福州市,未分类,本科,false,,,教育部全国普通高等学校名单记录：主管部门=福建省教育厅；办学层次=本科；备注=民办。官网与研究生院链接待逐校官方核验后补充。,1185,active
厦门工学院,厦门工学院,4135013115,福建省,厦门市,未分类,本科,false,,,教育部全国普通高等学校名单记录：主管部门=福建省教育厅；办学层次=本科；备注=民办。官网与研究生院链接待逐校官方核验后补充。,1186,active
阳光学院,阳光学院,4135013468,福建省,福州市,未分类,本科,false,,,教育部全国普通高等学校名单记录：主管部门=福建省教育厅；办学层次=本科；备注=民办。官网与研究生院链接待逐校官方核验后补充。,1187,active
厦门大学嘉庚学院,厦门大学嘉庚学院,4135013469,福建省,漳州市,未分类,本科,false,,,教育部全国普通高等学校名单记录：主管部门=福建省教育厅；办学层次=本科；备注=民办。官网与研究生院链接待逐校官方核验后补充。,1188,active
福州大学至诚学院,福州大学至诚学院,4135013470,福建省,福州市,未分类,本科,false,,,教育部全国普通高等学校名单记录：主管部门=福建省教育厅；办学层次=本科；备注=民办。官网与研究生院链接待逐校官方核验后补充。,1189,active
集美大学诚毅学院,集美大学诚毅学院,4135013471,福建省,厦门市,未分类,本科,false,,,教育部全国普通高等学校名单记录：主管部门=福建省教育厅；办学层次=本科；备注=民办。官网与研究生院链接待逐校官方核验后补充。,1190,active
福建师范大学协和学院,福建师范大学协和学院,4135013472,福建省,福州市,未分类,本科,false,,,教育部全国普通高等学校名单记录：主管部门=福建省教育厅；办学层次=本科；备注=民办。官网与研究生院链接待逐校官方核验后补充。,1191,active
福州外语外贸学院,福州外语外贸学院,4135013762,福建省,福州市,未分类,本科,false,,,教育部全国普通高等学校名单记录：主管部门=福建省教育厅；办学层次=本科；备注=民办。官网与研究生院链接待逐校官方核验后补充。,1192,active
福建江夏学院,福建江夏学院,4135013763,福建省,福州市,未分类,本科,false,,,教育部全国普通高等学校名单记录：主管部门=福建省；办学层次=本科。官网与研究生院链接待逐校官方核验后补充。,1193,active
泉州信息工程学院,泉州信息工程学院,4135013766,福建省,泉州市,未分类,本科,false,,,教育部全国普通高等学校名单记录：主管部门=福建省教育厅；办学层次=本科；备注=民办。官网与研究生院链接待逐校官方核验后补充。,1194,active
福州理工学院,福州理工学院,4135013773,福建省,福州市,未分类,本科,false,,,教育部全国普通高等学校名单记录：主管部门=福建省教育厅；办学层次=本科；备注=民办。官网与研究生院链接待逐校官方核验后补充。,1195,active
福建农林大学金山学院,福建农林大学金山学院,4135014046,福建省,福州市,未分类,本科,false,,,教育部全国普通高等学校名单记录：主管部门=福建省教育厅；办学层次=本科；备注=民办。官网与研究生院链接待逐校官方核验后补充。,1196,active
福建技术师范学院,福建技术师范学院,4135014683,福建省,福州市,未分类,本科,false,,,教育部全国普通高等学校名单记录：主管部门=福建省；办学层次=本科。官网与研究生院链接待逐校官方核验后补充。,1197,active
福建福耀科技大学,福建福耀科技大学,4135014896,福建省,福州市,未分类,本科,false,,,教育部全国普通高等学校名单记录：主管部门=福建省教育厅；办学层次=本科；备注=民办。官网与研究生院链接待逐校官方核验后补充。,1198,active
黎明职业大学,黎明职业大学,4135011317,福建省,泉州市,未分类,本科,false,,,教育部全国普通高等学校名单记录：主管部门=福建省；办学层次=本科。官网与研究生院链接待逐校官方核验后补充。,1199,active
福建船政交通职业学院,福建船政交通职业学院,4135010866,福建省,福州市,未分类,专科,false,,,教育部全国普通高等学校名单记录：主管部门=福建省；办学层次=专科。官网与研究生院链接待逐校官方核验后补充。,1200,active
漳州职业技术学院,漳州职业技术学院,4135011314,福建省,漳州市,未分类,专科,false,,,教育部全国普通高等学校名单记录：主管部门=福建省；办学层次=专科。官网与研究生院链接待逐校官方核验后补充。,1201,active
闽西职业技术学院,闽西职业技术学院,4135011315,福建省,龙岩市,未分类,专科,false,,,教育部全国普通高等学校名单记录：主管部门=福建省；办学层次=专科。官网与研究生院链接待逐校官方核验后补充。,1202,active
福建华南女子职业学院,福建华南女子职业学院,4135011499,福建省,福州市,未分类,专科,false,,,教育部全国普通高等学校名单记录：主管部门=福建省教育厅；办学层次=专科；备注=民办。官网与研究生院链接待逐校官方核验后补充。,1203,active
福州职业技术学院,福州职业技术学院,4135011502,福建省,福州市,未分类,专科,false,,,教育部全国普通高等学校名单记录：主管部门=福建省；办学层次=专科。官网与研究生院链接待逐校官方核验后补充。,1204,active
福建林业职业技术学院,福建林业职业技术学院,4135012625,福建省,南平市,未分类,专科,false,,,教育部全国普通高等学校名单记录：主管部门=福建省；办学层次=专科。官网与研究生院链接待逐校官方核验后补充。,1205,active
福建信息职业技术学院,福建信息职业技术学院,4135012626,福建省,福州市,未分类,专科,false,,,教育部全国普通高等学校名单记录：主管部门=福建省；办学层次=专科。官网与研究生院链接待逐校官方核验后补充。,1206,active
福建水利电力职业技术学院,福建水利电力职业技术学院,4135012627,福建省,三明市,未分类,专科,false,,,教育部全国普通高等学校名单记录：主管部门=福建省；办学层次=专科。官网与研究生院链接待逐校官方核验后补充。,1207,active
福建电力职业技术学院,福建电力职业技术学院,4135012628,福建省,泉州市,未分类,专科,false,,,教育部全国普通高等学校名单记录：主管部门=福建省；办学层次=专科。官网与研究生院链接待逐校官方核验后补充。,1208,active
厦门海洋职业技术学院,厦门海洋职业技术学院,4135012629,福建省,厦门市,未分类,专科,false,,,教育部全国普通高等学校名单记录：主管部门=福建省；办学层次=专科。官网与研究生院链接待逐校官方核验后补充。,1209,active
福建农业职业技术学院,福建农业职业技术学院,4135012630,福建省,福州市,未分类,专科,false,,,教育部全国普通高等学校名单记录：主管部门=福建省；办学层次=专科。官网与研究生院链接待逐校官方核验后补充。,1210,active
福建卫生职业技术学院,福建卫生职业技术学院,4135012633,福建省,福州市,未分类,专科,false,,,教育部全国普通高等学校名单记录：主管部门=福建省；办学层次=专科。官网与研究生院链接待逐校官方核验后补充。,1211,active
泉州医学高等专科学校,泉州医学高等专科学校,4135012634,福建省,泉州市,未分类,专科,false,,,教育部全国普通高等学校名单记录：主管部门=福建省；办学层次=专科。官网与研究生院链接待逐校官方核验后补充。,1212,active
福州英华职业学院,福州英华职业学院,4135012708,福建省,福州市,未分类,专科,false,,,教育部全国普通高等学校名单记录：主管部门=福建省教育厅；办学层次=专科；备注=民办。官网与研究生院链接待逐校官方核验后补充。,1213,active
泉州纺织服装职业学院,泉州纺织服装职业学院,4135012711,福建省,泉州市,未分类,专科,false,,,教育部全国普通高等学校名单记录：主管部门=福建省教育厅；办学层次=专科；备注=民办。官网与研究生院链接待逐校官方核验后补充。,1214,active
泉州华光职业学院,泉州华光职业学院,4135012927,福建省,泉州市,未分类,专科,false,,,教育部全国普通高等学校名单记录：主管部门=福建省教育厅；办学层次=专科；备注=民办。官网与研究生院链接待逐校官方核验后补充。,1215,active
闽北职业技术学院,闽北职业技术学院,4135013764,福建省,南平市,未分类,专科,false,,,教育部全国普通高等学校名单记录：主管部门=福建省；办学层次=专科。官网与研究生院链接待逐校官方核验后补充。,1216,active
福州黎明职业技术学院,福州黎明职业技术学院,4135013765,福建省,福州市,未分类,专科,false,,,教育部全国普通高等学校名单记录：主管部门=福建省教育厅；办学层次=专科；备注=民办。官网与研究生院链接待逐校官方核验后补充。,1217,active
厦门演艺职业学院,厦门演艺职业学院,4135013767,福建省,厦门市,未分类,专科,false,,,教育部全国普通高等学校名单记录：主管部门=福建省教育厅；办学层次=专科；备注=民办。官网与研究生院链接待逐校官方核验后补充。,1218,active
厦门华天涉外职业技术学院,厦门华天涉外职业技术学院,4135013768,福建省,厦门市,未分类,专科,false,,,教育部全国普通高等学校名单记录：主管部门=福建省教育厅；办学层次=专科；备注=民办。官网与研究生院链接待逐校官方核验后补充。,1219,active
福州科技职业技术学院,福州科技职业技术学院,4135013769,福建省,福州市,未分类,专科,false,,,教育部全国普通高等学校名单记录：主管部门=福建省教育厅；办学层次=专科；备注=民办。官网与研究生院链接待逐校官方核验后补充。,1220,active
泉州经贸职业技术学院,泉州经贸职业技术学院,4135013770,福建省,泉州市,未分类,专科,false,,,教育部全国普通高等学校名单记录：主管部门=福建省；办学层次=专科。官网与研究生院链接待逐校官方核验后补充。,1221,active
湄洲湾职业技术学院,湄洲湾职业技术学院,4135013772,福建省,莆田市,未分类,专科,false,,,教育部全国普通高等学校名单记录：主管部门=福建省；办学层次=专科。官网与研究生院链接待逐校官方核验后补充。,1222,active
福建生物工程职业技术学院,福建生物工程职业技术学院,4135013969,福建省,福州市,未分类,专科,false,,,教育部全国普通高等学校名单记录：主管部门=福建省；办学层次=专科。官网与研究生院链接待逐校官方核验后补充。,1223,active
福建艺术职业学院,福建艺术职业学院,4135013970,福建省,福州市,未分类,专科,false,,,教育部全国普通高等学校名单记录：主管部门=福建省；办学层次=专科。官网与研究生院链接待逐校官方核验后补充。,1224,active
福建幼儿师范高等专科学校,福建幼儿师范高等专科学校,4135013972,福建省,福州市,未分类,专科,false,,,教育部全国普通高等学校名单记录：主管部门=福建省；办学层次=专科。官网与研究生院链接待逐校官方核验后补充。,1225,active
厦门城市职业学院,厦门城市职业学院,4135013973,福建省,厦门市,未分类,专科,false,,,教育部全国普通高等学校名单记录：主管部门=福建省；办学层次=专科。官网与研究生院链接待逐校官方核验后补充。,1226,active
泉州工艺美术职业学院,泉州工艺美术职业学院,4135013975,福建省,泉州市,未分类,专科,false,,,教育部全国普通高等学校名单记录：主管部门=福建省；办学层次=专科。官网与研究生院链接待逐校官方核验后补充。,1227,active
三明医学科技职业学院,三明医学科技职业学院,4135013976,福建省,三明市,未分类,专科,false,,,教育部全国普通高等学校名单记录：主管部门=福建省；办学层次=专科。官网与研究生院链接待逐校官方核验后补充。,1228,active
宁德职业技术学院,宁德职业技术学院,4135013977,福建省,宁德市,未分类,专科,false,,,教育部全国普通高等学校名单记录：主管部门=福建省；办学层次=专科。官网与研究生院链接待逐校官方核验后补充。,1229,active
福州软件职业技术学院,福州软件职业技术学院,4135013978,福建省,福州市,未分类,专科,false,,,教育部全国普通高等学校名单记录：主管部门=福建省教育厅；办学层次=专科；备注=民办。官网与研究生院链接待逐校官方核验后补充。,1230,active
厦门兴才职业技术学院,厦门兴才职业技术学院,4135013979,福建省,厦门市,未分类,专科,false,,,教育部全国普通高等学校名单记录：主管部门=福建省教育厅；办学层次=专科；备注=民办。官网与研究生院链接待逐校官方核验后补充。,1231,active
厦门软件职业技术学院,厦门软件职业技术学院,4135014059,福建省,厦门市,未分类,专科,false,,,教育部全国普通高等学校名单记录：主管部门=福建省教育厅；办学层次=专科；备注=民办。官网与研究生院链接待逐校官方核验后补充。,1232,active
福建体育职业技术学院,福建体育职业技术学院,4135014060,福建省,福州市,未分类,专科,false,,,教育部全国普通高等学校名单记录：主管部门=福建省；办学层次=专科。官网与研究生院链接待逐校官方核验后补充。,1233,active
漳州城市职业学院,漳州城市职业学院,4135014110,福建省,漳州市,未分类,专科,false,,,教育部全国普通高等学校名单记录：主管部门=福建省；办学层次=专科。官网与研究生院链接待逐校官方核验后补充。,1234,active
厦门南洋职业学院,厦门南洋职业学院,4135014111,福建省,厦门市,未分类,专科,false,,,教育部全国普通高等学校名单记录：主管部门=福建省教育厅；办学层次=专科；备注=民办。官网与研究生院链接待逐校官方核验后补充。,1235,active
厦门东海职业技术学院,厦门东海职业技术学院,4135014112,福建省,厦门市,未分类,专科,false,,,教育部全国普通高等学校名单记录：主管部门=福建省教育厅；办学层次=专科；备注=民办。官网与研究生院链接待逐校官方核验后补充。,1236,active
漳州科技职业学院,漳州科技职业学院,4135014113,福建省,漳州市,未分类,专科,false,,,教育部全国普通高等学校名单记录：主管部门=福建省教育厅；办学层次=专科；备注=民办。官网与研究生院链接待逐校官方核验后补充。,1237,active
漳州理工职业学院,漳州理工职业学院,4135014115,福建省,漳州市,未分类,专科,false,,,教育部全国普通高等学校名单记录：主管部门=福建省教育厅；办学层次=专科；备注=民办。官网与研究生院链接待逐校官方核验后补充。,1238,active
武夷山职业学院,武夷山职业学院,4135014116,福建省,南平市,未分类,专科,false,,,教育部全国普通高等学校名单记录：主管部门=福建省教育厅；办学层次=专科；备注=民办。官网与研究生院链接待逐校官方核验后补充。,1239,active
漳州卫生职业学院,漳州卫生职业学院,4135014117,福建省,漳州市,未分类,专科,false,,,教育部全国普通高等学校名单记录：主管部门=福建省；办学层次=专科。官网与研究生院链接待逐校官方核验后补充。,1240,active
泉州海洋职业学院,泉州海洋职业学院,4135014231,福建省,泉州市,未分类,专科,false,,,教育部全国普通高等学校名单记录：主管部门=福建省教育厅；办学层次=专科；备注=民办。官网与研究生院链接待逐校官方核验后补充。,1241,active
泉州轻工职业学院,泉州轻工职业学院,4135014232,福建省,泉州市,未分类,专科,false,,,教育部全国普通高等学校名单记录：主管部门=福建省教育厅；办学层次=专科；备注=民办。官网与研究生院链接待逐校官方核验后补充。,1242,active
厦门安防科技职业学院,厦门安防科技职业学院,4135014257,福建省,厦门市,未分类,专科,false,,,教育部全国普通高等学校名单记录：主管部门=福建省教育厅；办学层次=专科；备注=民办。官网与研究生院链接待逐校官方核验后补充。,1243,active
泉州幼儿师范高等专科学校,泉州幼儿师范高等专科学校,4135014331,福建省,泉州市,未分类,专科,false,,,教育部全国普通高等学校名单记录：主管部门=福建省；办学层次=专科。官网与研究生院链接待逐校官方核验后补充。,1244,active
闽江师范高等专科学校,闽江师范高等专科学校,4135014490,福建省,福州市,未分类,专科,false,,,教育部全国普通高等学校名单记录：主管部门=福建省；办学层次=专科。官网与研究生院链接待逐校官方核验后补充。,1245,active
泉州工程职业技术学院,泉州工程职业技术学院,4135014503,福建省,泉州市,未分类,专科,false,,,教育部全国普通高等学校名单记录：主管部门=福建省教育厅；办学层次=专科；备注=民办。官网与研究生院链接待逐校官方核验后补充。,1246,active
福州墨尔本理工职业学院,福州墨尔本理工职业学院,4135016411,福建省,福州市,未分类,专科,false,,,教育部全国普通高等学校名单记录：主管部门=福建省教育厅；办学层次=专科；备注=中外合作办学及内地与港澳合作办学。官网与研究生院链接待逐校官方核验后补充。,1247,active
集美工业职业学院,集美工业职业学院,4135014918,福建省,厦门市,未分类,专科,false,,,教育部全国普通高等学校名单记录：主管部门=福建省；办学层次=专科。官网与研究生院链接待逐校官方核验后补充。,1248,active
南昌大学,南昌大学,4136010403,江西省,南昌市,未分类,本科,false,,,教育部全国普通高等学校名单记录：主管部门=江西省；办学层次=本科。官网与研究生院链接待逐校官方核验后补充。,1249,active
华东交通大学,华东交通大学,4136010404,江西省,南昌市,未分类,本科,false,,,教育部全国普通高等学校名单记录：主管部门=江西省；办学层次=本科。官网与研究生院链接待逐校官方核验后补充。,1250,active
东华理工大学,东华理工大学,4136010405,江西省,抚州市,未分类,本科,false,,,教育部全国普通高等学校名单记录：主管部门=江西省；办学层次=本科。官网与研究生院链接待逐校官方核验后补充。,1251,active
南昌航空大学,南昌航空大学,4136010406,江西省,南昌市,未分类,本科,false,,,教育部全国普通高等学校名单记录：主管部门=江西省；办学层次=本科。官网与研究生院链接待逐校官方核验后补充。,1252,active
江西理工大学,江西理工大学,4136010407,江西省,赣州市,未分类,本科,false,,,教育部全国普通高等学校名单记录：主管部门=江西省；办学层次=本科。官网与研究生院链接待逐校官方核验后补充。,1253,active
景德镇陶瓷大学,景德镇陶瓷大学,4136010408,江西省,景德镇市,未分类,本科,false,,,教育部全国普通高等学校名单记录：主管部门=江西省；办学层次=本科。官网与研究生院链接待逐校官方核验后补充。,1254,active
江西农业大学,江西农业大学,4136010410,江西省,南昌市,未分类,本科,false,,,教育部全国普通高等学校名单记录：主管部门=江西省；办学层次=本科。官网与研究生院链接待逐校官方核验后补充。,1255,active
江西中医药大学,江西中医药大学,4136010412,江西省,南昌市,未分类,本科,false,,,教育部全国普通高等学校名单记录：主管部门=江西省；办学层次=本科。官网与研究生院链接待逐校官方核验后补充。,1256,active
赣南医科大学,赣南医科大学,4136010413,江西省,赣州市,未分类,本科,false,,,教育部全国普通高等学校名单记录：主管部门=江西省；办学层次=本科。官网与研究生院链接待逐校官方核验后补充。,1257,active
江西师范大学,江西师范大学,4136010414,江西省,南昌市,未分类,本科,false,,,教育部全国普通高等学校名单记录：主管部门=江西省；办学层次=本科。官网与研究生院链接待逐校官方核验后补充。,1258,active
上饶师范学院,上饶师范学院,4136010416,江西省,上饶市,未分类,本科,false,,,教育部全国普通高等学校名单记录：主管部门=江西省；办学层次=本科。官网与研究生院链接待逐校官方核验后补充。,1259,active
宜春学院,宜春学院,4136010417,江西省,宜春市,未分类,本科,false,,,教育部全国普通高等学校名单记录：主管部门=江西省；办学层次=本科。官网与研究生院链接待逐校官方核验后补充。,1260,active
赣南师范大学,赣南师范大学,4136010418,江西省,赣州市,未分类,本科,false,,,教育部全国普通高等学校名单记录：主管部门=江西省；办学层次=本科。官网与研究生院链接待逐校官方核验后补充。,1261,active
井冈山大学,井冈山大学,4136010419,江西省,吉安市,未分类,本科,false,,,教育部全国普通高等学校名单记录：主管部门=江西省；办学层次=本科。官网与研究生院链接待逐校官方核验后补充。,1262,active
江西财经大学,江西财经大学,4136010421,江西省,南昌市,未分类,本科,false,,,教育部全国普通高等学校名单记录：主管部门=江西省；办学层次=本科。官网与研究生院链接待逐校官方核验后补充。,1263,active
江西科技学院,江西科技学院,4136010846,江西省,南昌市,未分类,本科,false,,,教育部全国普通高等学校名单记录：主管部门=江西省教育厅；办学层次=本科；备注=民办。官网与研究生院链接待逐校官方核验后补充。,1264,active
景德镇学院,景德镇学院,4136010894,江西省,景德镇市,未分类,本科,false,,,教育部全国普通高等学校名单记录：主管部门=江西省；办学层次=本科。官网与研究生院链接待逐校官方核验后补充。,1265,active
萍乡学院,萍乡学院,4136010895,江西省,萍乡市,未分类,本科,false,,,教育部全国普通高等学校名单记录：主管部门=江西省；办学层次=本科。官网与研究生院链接待逐校官方核验后补充。,1266,active
江西科技师范大学,江西科技师范大学,4136011318,江西省,南昌市,未分类,本科,false,,,教育部全国普通高等学校名单记录：主管部门=江西省；办学层次=本科。官网与研究生院链接待逐校官方核验后补充。,1267,active
江西水利电力大学,江西水利电力大学,4136011319,江西省,南昌市,未分类,本科,false,,,教育部全国普通高等学校名单记录：主管部门=江西省；办学层次=本科。官网与研究生院链接待逐校官方核验后补充。,1268,active
江西警察学院,江西警察学院,4136011504,江西省,南昌市,未分类,本科,false,,,教育部全国普通高等学校名单记录：主管部门=江西省；办学层次=本科。官网与研究生院链接待逐校官方核验后补充。,1269,active
新余学院,新余学院,4136011508,江西省,新余市,未分类,本科,false,,,教育部全国普通高等学校名单记录：主管部门=江西省；办学层次=本科。官网与研究生院链接待逐校官方核验后补充。,1270,active
九江学院,九江学院,4136011843,江西省,九江市,未分类,本科,false,,,教育部全国普通高等学校名单记录：主管部门=江西省；办学层次=本科。官网与研究生院链接待逐校官方核验后补充。,1271,active
江西工程学院,江西工程学院,4136012766,江西省,新余市,未分类,本科,false,,,教育部全国普通高等学校名单记录：主管部门=江西省教育厅；办学层次=本科；备注=民办。官网与研究生院链接待逐校官方核验后补充。,1272,active
南昌理工学院,南昌理工学院,4136012795,江西省,南昌市,未分类,本科,false,,,教育部全国普通高等学校名单记录：主管部门=江西省教育厅；办学层次=本科；备注=民办。官网与研究生院链接待逐校官方核验后补充。,1273,active
江西应用科技学院,江西应用科技学院,4136012938,江西省,南昌市,未分类,本科,false,,,教育部全国普通高等学校名单记录：主管部门=江西省教育厅；办学层次=本科；备注=民办。官网与研究生院链接待逐校官方核验后补充。,1274,active
江西服装学院,江西服装学院,4136013418,江西省,南昌市,未分类,本科,false,,,教育部全国普通高等学校名单记录：主管部门=江西省教育厅；办学层次=本科；备注=民办。官网与研究生院链接待逐校官方核验后补充。,1275,active
南昌职业大学,南昌职业大学,4136013420,江西省,南昌市,未分类,本科,false,,,教育部全国普通高等学校名单记录：主管部门=江西省教育厅；办学层次=本科；备注=民办。官网与研究生院链接待逐校官方核验后补充。,1276,active
南昌工学院,南昌工学院,4136013421,江西省,南昌市,未分类,本科,false,,,教育部全国普通高等学校名单记录：主管部门=江西省教育厅；办学层次=本科；备注=民办。官网与研究生院链接待逐校官方核验后补充。,1277,active
南昌大学科学技术学院,南昌大学科学技术学院,4136013429,江西省,南昌市,未分类,本科,false,,,教育部全国普通高等学校名单记录：主管部门=江西省教育厅；办学层次=本科；备注=民办。官网与研究生院链接待逐校官方核验后补充。,1278,active
南昌大学共青学院,南昌大学共青学院,4136013430,江西省,九江市,未分类,本科,false,,,教育部全国普通高等学校名单记录：主管部门=江西省教育厅；办学层次=本科；备注=民办。官网与研究生院链接待逐校官方核验后补充。,1279,active
南昌交通学院,南昌交通学院,4136013431,江西省,南昌市,未分类,本科,false,,,教育部全国普通高等学校名单记录：主管部门=江西省教育厅；办学层次=本科；备注=民办。官网与研究生院链接待逐校官方核验后补充。,1280,active
赣东学院,赣东学院,4136013432,江西省,抚州市,未分类,本科,false,,,教育部全国普通高等学校名单记录：主管部门=江西省；办学层次=本科。官网与研究生院链接待逐校官方核验后补充。,1281,active
南昌航空大学科技学院,南昌航空大学科技学院,4136013433,江西省,南昌市,未分类,本科,false,,,教育部全国普通高等学校名单记录：主管部门=江西省教育厅；办学层次=本科；备注=民办。官网与研究生院链接待逐校官方核验后补充。,1282,active
赣南科技学院,赣南科技学院,4136013434,江西省,赣州市,未分类,本科,false,,,教育部全国普通高等学校名单记录：主管部门=江西省；办学层次=本科。官网与研究生院链接待逐校官方核验后补充。,1283,active
景德镇艺术职业大学,景德镇艺术职业大学,4136013435,江西省,景德镇市,未分类,本科,false,,,教育部全国普通高等学校名单记录：主管部门=江西省教育厅；办学层次=本科；备注=民办。官网与研究生院链接待逐校官方核验后补充。,1284,active
江西农业大学南昌商学院,江西农业大学南昌商学院,4136013436,江西省,南昌市,未分类,本科,false,,,教育部全国普通高等学校名单记录：主管部门=江西省教育厅；办学层次=本科；备注=民办。官网与研究生院链接待逐校官方核验后补充。,1285,active
南昌医学院,南昌医学院,4136013437,江西省,南昌市,未分类,本科,false,,,教育部全国普通高等学校名单记录：主管部门=江西省；办学层次=本科。官网与研究生院链接待逐校官方核验后补充。,1286,active
江西师范大学科学技术学院,江西师范大学科学技术学院,4136013438,江西省,南昌市,未分类,本科,false,,,教育部全国普通高等学校名单记录：主管部门=江西省教育厅；办学层次=本科；备注=民办。官网与研究生院链接待逐校官方核验后补充。,1287,active
赣南师范大学科技学院,赣南师范大学科技学院,4136013439,江西省,赣州市,未分类,本科,false,,,教育部全国普通高等学校名单记录：主管部门=江西省教育厅；办学层次=本科；备注=民办。官网与研究生院链接待逐校官方核验后补充。,1288,active
南昌应用技术师范学院,南昌应用技术师范学院,4136013440,江西省,南昌市,未分类,本科,false,,,教育部全国普通高等学校名单记录：主管部门=江西省教育厅；办学层次=本科；备注=民办。官网与研究生院链接待逐校官方核验后补充。,1289,active
江西财经大学现代经济管理学院,江西财经大学现代经济管理学院,4136013441,江西省,南昌市,未分类,本科,false,,,教育部全国普通高等学校名单记录：主管部门=江西省教育厅；办学层次=本科；备注=民办。官网与研究生院链接待逐校官方核验后补充。,1290,active
豫章师范学院,豫章师范学院,4136013774,江西省,南昌市,未分类,本科,false,,,教育部全国普通高等学校名单记录：主管部门=江西省；办学层次=本科。官网与研究生院链接待逐校官方核验后补充。,1291,active
江西软件职业技术大学,江西软件职业技术大学,4136013776,江西省,南昌市,未分类,本科,false,,,教育部全国普通高等学校名单记录：主管部门=江西省教育厅；办学层次=本科；备注=民办。官网与研究生院链接待逐校官方核验后补充。,1292,active
南昌师范学院,南昌师范学院,4136014437,江西省,南昌市,未分类,本科,false,,,教育部全国普通高等学校名单记录：主管部门=江西省；办学层次=本科。官网与研究生院链接待逐校官方核验后补充。,1293,active
江西飞行学院,江西飞行学院,4136014839,江西省,南昌市,未分类,本科,false,,,教育部全国普通高等学校名单记录：主管部门=江西省；办学层次=本科。官网与研究生院链接待逐校官方核验后补充。,1294,active
江西职业技术大学,江西职业技术大学,4136011785,江西省,九江市,未分类,本科,false,,,教育部全国普通高等学校名单记录：主管部门=江西省；办学层次=本科。官网与研究生院链接待逐校官方核验后补充。,1295,active
抚州医药学院,抚州医药学院,4136013775,江西省,抚州市,未分类,本科,false,,,教育部全国普通高等学校名单记录：主管部门=江西省；办学层次=本科。官网与研究生院链接待逐校官方核验后补充。,1296,active
九江科技职业大学,九江科技职业大学,4136014403,江西省,九江市,未分类,本科,false,,,教育部全国普通高等学校名单记录：主管部门=江西省教育厅；办学层次=本科；备注=民办。官网与研究生院链接待逐校官方核验后补充。,1297,active
上饶幼儿师范高等专科学校,上饶幼儿师范高等专科学校,3636000312,江西省,上饶市,未分类,专科,false,,,教育部全国普通高等学校名单记录：主管部门=江西省；办学层次=专科。官网与研究生院链接待逐校官方核验后补充。,1298,active
抚州幼儿师范高等专科学校,抚州幼儿师范高等专科学校,3636000519,江西省,抚州市,未分类,专科,false,,,教育部全国普通高等学校名单记录：主管部门=江西省；办学层次=专科。官网与研究生院链接待逐校官方核验后补充。,1299,active
江西工业职业技术学院,江西工业职业技术学院,4136010839,江西省,南昌市,未分类,专科,false,,,教育部全国普通高等学校名单记录：主管部门=江西省；办学层次=专科。官网与研究生院链接待逐校官方核验后补充。,1300,active
江西医学高等专科学校,江西医学高等专科学校,4136010888,江西省,上饶市,未分类,专科,false,,,教育部全国普通高等学校名单记录：主管部门=江西省；办学层次=专科。官网与研究生院链接待逐校官方核验后补充。,1301,active
九江职业大学,九江职业大学,4136011505,江西省,九江市,未分类,专科,false,,,教育部全国普通高等学校名单记录：主管部门=江西省；办学层次=专科。官网与研究生院链接待逐校官方核验后补充。,1302,active
江西司法警官职业学院,江西司法警官职业学院,4136012929,江西省,南昌市,未分类,专科,false,,,教育部全国普通高等学校名单记录：主管部门=江西省；办学层次=专科。官网与研究生院链接待逐校官方核验后补充。,1303,active
江西陶瓷工艺美术职业技术学院,江西陶瓷工艺美术职业技术学院,4136012930,江西省,景德镇市,未分类,专科,false,,,教育部全国普通高等学校名单记录：主管部门=江西省；办学层次=专科。官网与研究生院链接待逐校官方核验后补充。,1304,active
江西旅游商贸职业学院,江西旅游商贸职业学院,4136012932,江西省,南昌市,未分类,专科,false,,,教育部全国普通高等学校名单记录：主管部门=江西省；办学层次=专科。官网与研究生院链接待逐校官方核验后补充。,1305,active
江西电力职业技术学院,江西电力职业技术学院,4136012933,江西省,南昌市,未分类,专科,false,,,教育部全国普通高等学校名单记录：主管部门=江西省；办学层次=专科。官网与研究生院链接待逐校官方核验后补充。,1306,active
江西环境工程职业学院,江西环境工程职业学院,4136012934,江西省,赣州市,未分类,专科,false,,,教育部全国普通高等学校名单记录：主管部门=江西省；办学层次=专科。官网与研究生院链接待逐校官方核验后补充。,1307,active
江西艺术职业学院,江西艺术职业学院,4136012936,江西省,南昌市,未分类,专科,false,,,教育部全国普通高等学校名单记录：主管部门=江西省；办学层次=专科。官网与研究生院链接待逐校官方核验后补充。,1308,active
鹰潭职业技术学院,鹰潭职业技术学院,4136012937,江西省,鹰潭市,未分类,专科,false,,,教育部全国普通高等学校名单记录：主管部门=江西省；办学层次=专科。官网与研究生院链接待逐校官方核验后补充。,1309,active
江西信息应用职业技术学院,江西信息应用职业技术学院,4136012939,江西省,南昌市,未分类,专科,false,,,教育部全国普通高等学校名单记录：主管部门=江西省；办学层次=专科。官网与研究生院链接待逐校官方核验后补充。,1310,active
江西交通职业技术学院,江西交通职业技术学院,4136012940,江西省,南昌市,未分类,专科,false,,,教育部全国普通高等学校名单记录：主管部门=江西省；办学层次=专科。官网与研究生院链接待逐校官方核验后补充。,1311,active
江西财经职业学院,江西财经职业学院,4136012941,江西省,九江市,未分类,专科,false,,,教育部全国普通高等学校名单记录：主管部门=江西省；办学层次=专科。官网与研究生院链接待逐校官方核验后补充。,1312,active
江西应用技术职业学院,江西应用技术职业学院,4136012942,江西省,赣州市,未分类,专科,false,,,教育部全国普通高等学校名单记录：主管部门=江西省；办学层次=专科。官网与研究生院链接待逐校官方核验后补充。,1313,active
江西现代职业技术学院,江西现代职业技术学院,4136012943,江西省,南昌市,未分类,专科,false,,,教育部全国普通高等学校名单记录：主管部门=江西省；办学层次=专科。官网与研究生院链接待逐校官方核验后补充。,1314,active
江西工业工程职业技术学院,江西工业工程职业技术学院,4136012944,江西省,萍乡市,未分类,专科,false,,,教育部全国普通高等学校名单记录：主管部门=江西省；办学层次=专科。官网与研究生院链接待逐校官方核验后补充。,1315,active
江西机电职业技术学院,江西机电职业技术学院,4136012976,江西省,南昌市,未分类,专科,false,,,教育部全国普通高等学校名单记录：主管部门=江西省；办学层次=专科。官网与研究生院链接待逐校官方核验后补充。,1316,active
江西科技职业学院,江西科技职业学院,4136013419,江西省,南昌市,未分类,专科,false,,,教育部全国普通高等学校名单记录：主管部门=江西省教育厅；办学层次=专科；备注=民办。官网与研究生院链接待逐校官方核验后补充。,1317,active
江西外语外贸职业学院,江西外语外贸职业学院,4136013422,江西省,南昌市,未分类,专科,false,,,教育部全国普通高等学校名单记录：主管部门=江西省；办学层次=专科。官网与研究生院链接待逐校官方核验后补充。,1318,active
江西工业贸易职业技术学院,江西工业贸易职业技术学院,4136013423,江西省,南昌市,未分类,专科,false,,,教育部全国普通高等学校名单记录：主管部门=江西省；办学层次=专科。官网与研究生院链接待逐校官方核验后补充。,1319,active
宜春职业技术学院,宜春职业技术学院,4136013424,江西省,宜春市,未分类,专科,false,,,教育部全国普通高等学校名单记录：主管部门=江西省；办学层次=专科。官网与研究生院链接待逐校官方核验后补充。,1320,active
江西应用工程职业学院,江西应用工程职业学院,4136013425,江西省,萍乡市,未分类,专科,false,,,教育部全国普通高等学校名单记录：主管部门=江西省；办学层次=专科。官网与研究生院链接待逐校官方核验后补充。,1321,active
江西生物科技职业学院,江西生物科技职业学院,4136013426,江西省,南昌市,未分类,专科,false,,,教育部全国普通高等学校名单记录：主管部门=江西省；办学层次=专科。官网与研究生院链接待逐校官方核验后补充。,1322,active
江西建设职业技术学院,江西建设职业技术学院,4136013427,江西省,南昌市,未分类,专科,false,,,教育部全国普通高等学校名单记录：主管部门=江西省；办学层次=专科。官网与研究生院链接待逐校官方核验后补充。,1323,active
抚州职业技术学院,抚州职业技术学院,4136013428,江西省,抚州市,未分类,专科,false,,,教育部全国普通高等学校名单记录：主管部门=江西省；办学层次=专科。官网与研究生院链接待逐校官方核验后补充。,1324,active
江西经济管理职业学院,江西经济管理职业学院,4136013866,江西省,南昌市,未分类,专科,false,,,教育部全国普通高等学校名单记录：主管部门=江西省；办学层次=专科。官网与研究生院链接待逐校官方核验后补充。,1325,active
江西制造职业技术学院,江西制造职业技术学院,4136013867,江西省,南昌市,未分类,专科,false,,,教育部全国普通高等学校名单记录：主管部门=江西省；办学层次=专科。官网与研究生院链接待逐校官方核验后补充。,1326,active
江西工程职业学院,江西工程职业学院,4136013868,江西省,南昌市,未分类,专科,false,,,教育部全国普通高等学校名单记录：主管部门=江西省；办学层次=专科。官网与研究生院链接待逐校官方核验后补充。,1327,active
江西青年职业学院,江西青年职业学院,4136013869,江西省,南昌市,未分类,专科,false,,,教育部全国普通高等学校名单记录：主管部门=江西省；办学层次=专科。官网与研究生院链接待逐校官方核验后补充。,1328,active
上饶职业技术学院,上饶职业技术学院,4136013870,江西省,上饶市,未分类,专科,false,,,教育部全国普通高等学校名单记录：主管部门=江西省；办学层次=专科。官网与研究生院链接待逐校官方核验后补充。,1329,active
江西航空职业技术学院,江西航空职业技术学院,4136013871,江西省,南昌市,未分类,专科,false,,,教育部全国普通高等学校名单记录：主管部门=江西省教育厅；办学层次=专科；备注=民办。官网与研究生院链接待逐校官方核验后补充。,1330,active
江西农业工程职业学院,江西农业工程职业学院,4136013872,江西省,宜春市,未分类,专科,false,,,教育部全国普通高等学校名单记录：主管部门=江西省；办学层次=专科。官网与研究生院链接待逐校官方核验后补充。,1331,active
赣西科技职业学院,赣西科技职业学院,4136013873,江西省,新余市,未分类,专科,false,,,教育部全国普通高等学校名单记录：主管部门=江西省教育厅；办学层次=专科；备注=民办。官网与研究生院链接待逐校官方核验后补充。,1332,active
江西卫生职业学院,江西卫生职业学院,4136013965,江西省,南昌市,未分类,专科,false,,,教育部全国普通高等学校名单记录：主管部门=江西省；办学层次=专科。官网与研究生院链接待逐校官方核验后补充。,1333,active
江西新能源科技职业学院,江西新能源科技职业学院,4136014166,江西省,新余市,未分类,专科,false,,,教育部全国普通高等学校名单记录：主管部门=江西省教育厅；办学层次=专科；备注=民办。官网与研究生院链接待逐校官方核验后补充。,1334,active
江西枫林涉外经贸职业学院,江西枫林涉外经贸职业学院,4136014167,江西省,九江市,未分类,专科,false,,,教育部全国普通高等学校名单记录：主管部门=江西省教育厅；办学层次=专科；备注=民办。官网与研究生院链接待逐校官方核验后补充。,1335,active
江西泰豪动漫职业学院,江西泰豪动漫职业学院,4136014168,江西省,南昌市,未分类,专科,false,,,教育部全国普通高等学校名单记录：主管部门=江西省教育厅；办学层次=专科；备注=民办。官网与研究生院链接待逐校官方核验后补充。,1336,active
江西冶金职业技术学院,江西冶金职业技术学院,4136014241,江西省,新余市,未分类,专科,false,,,教育部全国普通高等学校名单记录：主管部门=江西省；办学层次=专科。官网与研究生院链接待逐校官方核验后补充。,1337,active
江西管理职业学院,江西管理职业学院,4136014249,江西省,南昌市,未分类,专科,false,,,教育部全国普通高等学校名单记录：主管部门=江西省；办学层次=专科。官网与研究生院链接待逐校官方核验后补充。,1338,active
江西传媒职业学院,江西传媒职业学院,4136014250,江西省,南昌市,未分类,专科,false,,,教育部全国普通高等学校名单记录：主管部门=江西省；办学层次=专科。官网与研究生院链接待逐校官方核验后补充。,1339,active
江西工商职业技术学院,江西工商职业技术学院,4136014321,江西省,南昌市,未分类,专科,false,,,教育部全国普通高等学校名单记录：主管部门=江西省教育厅；办学层次=专科；备注=民办。官网与研究生院链接待逐校官方核验后补充。,1340,active
景德镇陶瓷职业技术学院,景德镇陶瓷职业技术学院,4136014402,江西省,景德镇市,未分类,专科,false,,,教育部全国普通高等学校名单记录：主管部门=江西省教育厅；办学层次=专科；备注=民办。官网与研究生院链接待逐校官方核验后补充。,1341,active
赣州师范高等专科学校,赣州师范高等专科学校,4136014465,江西省,赣州市,未分类,专科,false,,,教育部全国普通高等学校名单记录：主管部门=江西省；办学层次=专科。官网与研究生院链接待逐校官方核验后补充。,1342,active
江西水利职业学院,江西水利职业学院,4136014476,江西省,南昌市,未分类,专科,false,,,教育部全国普通高等学校名单记录：主管部门=江西省；办学层次=专科。官网与研究生院链接待逐校官方核验后补充。,1343,active
宜春幼儿师范高等专科学校,宜春幼儿师范高等专科学校,4136014494,江西省,宜春市,未分类,专科,false,,,教育部全国普通高等学校名单记录：主管部门=江西省；办学层次=专科。官网与研究生院链接待逐校官方核验后补充。,1344,active
吉安职业技术学院,吉安职业技术学院,4136014504,江西省,吉安市,未分类,专科,false,,,教育部全国普通高等学校名单记录：主管部门=江西省；办学层次=专科。官网与研究生院链接待逐校官方核验后补充。,1345,active
江西洪州职业学院,江西洪州职业学院,4136014505,江西省,宜春市,未分类,专科,false,,,教育部全国普通高等学校名单记录：主管部门=江西省教育厅；办学层次=专科；备注=民办。官网与研究生院链接待逐校官方核验后补充。,1346,active
江西师范高等专科学校,江西师范高等专科学校,4136014537,江西省,鹰潭市,未分类,专科,false,,,教育部全国普通高等学校名单记录：主管部门=江西省；办学层次=专科。官网与研究生院链接待逐校官方核验后补充。,1347,active
南昌影视传播职业学院,南昌影视传播职业学院,4136014544,江西省,南昌市,未分类,专科,false,,,教育部全国普通高等学校名单记录：主管部门=江西省教育厅；办学层次=专科；备注=民办。官网与研究生院链接待逐校官方核验后补充。,1348,active
赣南卫生健康职业学院,赣南卫生健康职业学院,4136014569,江西省,赣州市,未分类,专科,false,,,教育部全国普通高等学校名单记录：主管部门=江西省；办学层次=专科。官网与研究生院链接待逐校官方核验后补充。,1349,active
萍乡卫生职业学院,萍乡卫生职业学院,4136014656,江西省,萍乡市,未分类,专科,false,,,教育部全国普通高等学校名单记录：主管部门=江西省；办学层次=专科。官网与研究生院链接待逐校官方核验后补充。,1350,active
江西婺源茶业职业学院,江西婺源茶业职业学院,4136014657,江西省,上饶市,未分类,专科,false,,,教育部全国普通高等学校名单记录：主管部门=江西省；办学层次=专科。官网与研究生院链接待逐校官方核验后补充。,1351,active
赣州职业技术学院,赣州职业技术学院,4136014665,江西省,赣州市,未分类,专科,false,,,教育部全国普通高等学校名单记录：主管部门=江西省；办学层次=专科。官网与研究生院链接待逐校官方核验后补充。,1352,active
南昌健康职业技术学院,南昌健康职业技术学院,4136014705,江西省,南昌市,未分类,专科,false,,,教育部全国普通高等学校名单记录：主管部门=江西省；办学层次=专科。官网与研究生院链接待逐校官方核验后补充。,1353,active
九江理工职业学院,九江理工职业学院,4136014706,江西省,九江市,未分类,专科,false,,,教育部全国普通高等学校名单记录：主管部门=江西省教育厅；办学层次=专科；备注=民办。官网与研究生院链接待逐校官方核验后补充。,1354,active
和君职业学院,和君职业学院,4136014748,江西省,赣州市,未分类,专科,false,,,教育部全国普通高等学校名单记录：主管部门=江西省教育厅；办学层次=专科；备注=民办。官网与研究生院链接待逐校官方核验后补充。,1355,active
吉安幼儿师范高等专科学校,吉安幼儿师范高等专科学校,4136014807,江西省,吉安市,未分类,专科,false,,,教育部全国普通高等学校名单记录：主管部门=江西省；办学层次=专科。官网与研究生院链接待逐校官方核验后补充。,1356,active
上饶卫生健康职业学院,上饶卫生健康职业学院,4136014808,江西省,上饶市,未分类,专科,false,,,教育部全国普通高等学校名单记录：主管部门=江西省；办学层次=专科。官网与研究生院链接待逐校官方核验后补充。,1357,active
江西樟树中医药职业学院,江西樟树中医药职业学院,4136014837,江西省,宜春市,未分类,专科,false,,,教育部全国普通高等学校名单记录：主管部门=江西省教育厅；办学层次=专科；备注=民办。官网与研究生院链接待逐校官方核验后补充。,1358,active
赣东职业技术学院,赣东职业技术学院,4136014856,江西省,抚州市,未分类,专科,false,,,教育部全国普通高等学校名单记录：主管部门=江西省教育厅；办学层次=专科；备注=民办。官网与研究生院链接待逐校官方核验后补充。,1359,active
江西电子信息职业技术学院,江西电子信息职业技术学院,4136014906,江西省,南昌市,未分类,专科,false,,,教育部全国普通高等学校名单记录：主管部门=江西省；办学层次=专科。官网与研究生院链接待逐校官方核验后补充。,1360,active
鹰潭卫生职业学院,鹰潭卫生职业学院,4136014907,江西省,鹰潭市,未分类,专科,false,,,教育部全国普通高等学校名单记录：主管部门=江西省教育厅；办学层次=专科；备注=民办。官网与研究生院链接待逐校官方核验后补充。,1361,active
九江卫生健康职业学院,九江卫生健康职业学院,4136014919,江西省,九江市,未分类,专科,false,,,教育部全国普通高等学校名单记录：主管部门=江西省；办学层次=专科。官网与研究生院链接待逐校官方核验后补充。,1362,active
新余职业技术学院,新余职业技术学院,4136014920,江西省,新余市,未分类,专科,false,,,教育部全国普通高等学校名单记录：主管部门=江西省；办学层次=专科。官网与研究生院链接待逐校官方核验后补充。,1363,active
赣州起元职业学院,赣州起元职业学院,4136014921,江西省,赣州市,未分类,专科,false,,,教育部全国普通高等学校名单记录：主管部门=江西省教育厅；办学层次=专科；备注=民办。官网与研究生院链接待逐校官方核验后补充。,1364,active
赣州远恒佳职业学院,赣州远恒佳职业学院,4136014922,江西省,赣州市,未分类,专科,false,,,教育部全国普通高等学校名单记录：主管部门=江西省教育厅；办学层次=专科；备注=民办。官网与研究生院链接待逐校官方核验后补充。,1365,active
山东大学,山东大学,4137010422,山东省,济南市,未分类,本科,false,,,教育部全国普通高等学校名单记录：主管部门=教育部；办学层次=本科。官网与研究生院链接待逐校官方核验后补充。,1366,active
中国海洋大学,中国海洋大学,4137010423,山东省,青岛市,未分类,本科,false,,,教育部全国普通高等学校名单记录：主管部门=教育部；办学层次=本科。官网与研究生院链接待逐校官方核验后补充。,1367,active
山东科技大学,山东科技大学,4137010424,山东省,青岛市,未分类,本科,false,,,教育部全国普通高等学校名单记录：主管部门=山东省；办学层次=本科。官网与研究生院链接待逐校官方核验后补充。,1368,active
中国石油大学（华东）,中国石油大学（华东）,4137010425,山东省,青岛市,未分类,本科,false,,,教育部全国普通高等学校名单记录：主管部门=教育部；办学层次=本科。官网与研究生院链接待逐校官方核验后补充。,1369,active
青岛科技大学,青岛科技大学,4137010426,山东省,青岛市,未分类,本科,false,,,教育部全国普通高等学校名单记录：主管部门=山东省；办学层次=本科。官网与研究生院链接待逐校官方核验后补充。,1370,active
济南大学,济南大学,4137010427,山东省,济南市,未分类,本科,false,,,教育部全国普通高等学校名单记录：主管部门=山东省；办学层次=本科。官网与研究生院链接待逐校官方核验后补充。,1371,active
青岛理工大学,青岛理工大学,4137010429,山东省,青岛市,未分类,本科,false,,,教育部全国普通高等学校名单记录：主管部门=山东省；办学层次=本科。官网与研究生院链接待逐校官方核验后补充。,1372,active
山东建筑大学,山东建筑大学,4137010430,山东省,济南市,未分类,本科,false,,,教育部全国普通高等学校名单记录：主管部门=山东省；办学层次=本科。官网与研究生院链接待逐校官方核验后补充。,1373,active
齐鲁工业大学,齐鲁工业大学,4137010431,山东省,济南市,未分类,本科,false,,,教育部全国普通高等学校名单记录：主管部门=山东省；办学层次=本科。官网与研究生院链接待逐校官方核验后补充。,1374,active
山东理工大学,山东理工大学,4137010433,山东省,淄博市,未分类,本科,false,,,教育部全国普通高等学校名单记录：主管部门=山东省；办学层次=本科。官网与研究生院链接待逐校官方核验后补充。,1375,active
山东农业大学,山东农业大学,4137010434,山东省,泰安市,未分类,本科,false,,,教育部全国普通高等学校名单记录：主管部门=山东省；办学层次=本科。官网与研究生院链接待逐校官方核验后补充。,1376,active
青岛农业大学,青岛农业大学,4137010435,山东省,青岛市,未分类,本科,false,,,教育部全国普通高等学校名单记录：主管部门=山东省；办学层次=本科。官网与研究生院链接待逐校官方核验后补充。,1377,active
山东第二医科大学,山东第二医科大学,4137010438,山东省,潍坊市,未分类,本科,false,,,教育部全国普通高等学校名单记录：主管部门=山东省；办学层次=本科。官网与研究生院链接待逐校官方核验后补充。,1378,active
山东第一医科大学,山东第一医科大学,4137010439,山东省,济南市,未分类,本科,false,,,教育部全国普通高等学校名单记录：主管部门=山东省；办学层次=本科。官网与研究生院链接待逐校官方核验后补充。,1379,active
滨州医学院,滨州医学院,4137010440,山东省,滨州市,未分类,本科,false,,,教育部全国普通高等学校名单记录：主管部门=山东省；办学层次=本科。官网与研究生院链接待逐校官方核验后补充。,1380,active
山东中医药大学,山东中医药大学,4137010441,山东省,济南市,未分类,本科,false,,,教育部全国普通高等学校名单记录：主管部门=山东省；办学层次=本科。官网与研究生院链接待逐校官方核验后补充。,1381,active
济宁医学院,济宁医学院,4137010443,山东省,济宁市,未分类,本科,false,,,教育部全国普通高等学校名单记录：主管部门=山东省；办学层次=本科。官网与研究生院链接待逐校官方核验后补充。,1382,active
山东师范大学,山东师范大学,4137010445,山东省,济南市,未分类,本科,false,,,教育部全国普通高等学校名单记录：主管部门=山东省；办学层次=本科。官网与研究生院链接待逐校官方核验后补充。,1383,active
曲阜师范大学,曲阜师范大学,4137010446,山东省,济宁市,未分类,本科,false,,,教育部全国普通高等学校名单记录：主管部门=山东省；办学层次=本科。官网与研究生院链接待逐校官方核验后补充。,1384,active
聊城大学,聊城大学,4137010447,山东省,聊城市,未分类,本科,false,,,教育部全国普通高等学校名单记录：主管部门=山东省；办学层次=本科。官网与研究生院链接待逐校官方核验后补充。,1385,active
德州学院,德州学院,4137010448,山东省,德州市,未分类,本科,false,,,教育部全国普通高等学校名单记录：主管部门=山东省；办学层次=本科。官网与研究生院链接待逐校官方核验后补充。,1386,active
山东航空学院,山东航空学院,4137010449,山东省,滨州市,未分类,本科,false,,,教育部全国普通高等学校名单记录：主管部门=山东省；办学层次=本科。官网与研究生院链接待逐校官方核验后补充。,1387,active
鲁东大学,鲁东大学,4137010451,山东省,烟台市,未分类,本科,false,,,教育部全国普通高等学校名单记录：主管部门=山东省；办学层次=本科。官网与研究生院链接待逐校官方核验后补充。,1388,active
临沂大学,临沂大学,4137010452,山东省,临沂市,未分类,本科,false,,,教育部全国普通高等学校名单记录：主管部门=山东省；办学层次=本科。官网与研究生院链接待逐校官方核验后补充。,1389,active
泰山学院,泰山学院,4137010453,山东省,泰安市,未分类,本科,false,,,教育部全国普通高等学校名单记录：主管部门=山东省；办学层次=本科。官网与研究生院链接待逐校官方核验后补充。,1390,active
济宁学院,济宁学院,4137010454,山东省,济宁市,未分类,本科,false,,,教育部全国普通高等学校名单记录：主管部门=山东省；办学层次=本科。官网与研究生院链接待逐校官方核验后补充。,1391,active
菏泽学院,菏泽学院,4137010455,山东省,菏泽市,未分类,本科,false,,,教育部全国普通高等学校名单记录：主管部门=山东省；办学层次=本科。官网与研究生院链接待逐校官方核验后补充。,1392,active
山东财经大学,山东财经大学,4137010456,山东省,济南市,未分类,本科,false,,,教育部全国普通高等学校名单记录：主管部门=山东省；办学层次=本科。官网与研究生院链接待逐校官方核验后补充。,1393,active
山东体育学院,山东体育学院,4137010457,山东省,济南市,未分类,本科,false,,,教育部全国普通高等学校名单记录：主管部门=山东省；办学层次=本科。官网与研究生院链接待逐校官方核验后补充。,1394,active
山东艺术学院,山东艺术学院,4137010458,山东省,济南市,未分类,本科,false,,,教育部全国普通高等学校名单记录：主管部门=山东省；办学层次=本科。官网与研究生院链接待逐校官方核验后补充。,1395,active
齐鲁医药学院,齐鲁医药学院,4137010825,山东省,淄博市,未分类,本科,false,,,教育部全国普通高等学校名单记录：主管部门=山东省教育厅；办学层次=本科；备注=民办。官网与研究生院链接待逐校官方核验后补充。,1396,active
青岛滨海学院,青岛滨海学院,4137010868,山东省,青岛市,未分类,本科,false,,,教育部全国普通高等学校名单记录：主管部门=山东省教育厅；办学层次=本科；备注=民办。官网与研究生院链接待逐校官方核验后补充。,1397,active
枣庄学院,枣庄学院,4137010904,山东省,枣庄市,未分类,本科,false,,,教育部全国普通高等学校名单记录：主管部门=山东省；办学层次=本科。官网与研究生院链接待逐校官方核验后补充。,1398,active
山东工艺美术学院,山东工艺美术学院,4137010908,山东省,济南市,未分类,本科,false,,,教育部全国普通高等学校名单记录：主管部门=山东省；办学层次=本科。官网与研究生院链接待逐校官方核验后补充。,1399,active
青岛大学,青岛大学,4137011065,山东省,青岛市,未分类,本科,false,,,教育部全国普通高等学校名单记录：主管部门=山东省；办学层次=本科。官网与研究生院链接待逐校官方核验后补充。,1400,active
烟台大学,烟台大学,4137011066,山东省,烟台市,未分类,本科,false,,,教育部全国普通高等学校名单记录：主管部门=山东省；办学层次=本科。官网与研究生院链接待逐校官方核验后补充。,1401,active
潍坊学院,潍坊学院,4137011067,山东省,潍坊市,未分类,本科,false,,,教育部全国普通高等学校名单记录：主管部门=山东省；办学层次=本科。官网与研究生院链接待逐校官方核验后补充。,1402,active
山东警察学院,山东警察学院,4137011324,山东省,济南市,未分类,本科,false,,,教育部全国普通高等学校名单记录：主管部门=山东省；办学层次=本科。官网与研究生院链接待逐校官方核验后补充。,1403,active
山东交通学院,山东交通学院,4137011510,山东省,济南市,未分类,本科,false,,,教育部全国普通高等学校名单记录：主管部门=山东省；办学层次=本科。官网与研究生院链接待逐校官方核验后补充。,1404,active
山东工商学院,山东工商学院,4137011688,山东省,烟台市,未分类,本科,false,,,教育部全国普通高等学校名单记录：主管部门=山东省；办学层次=本科。官网与研究生院链接待逐校官方核验后补充。,1405,active
山东女子学院,山东女子学院,4137012331,山东省,济南市,未分类,本科,false,,,教育部全国普通高等学校名单记录：主管部门=山东省；办学层次=本科。官网与研究生院链接待逐校官方核验后补充。,1406,active
烟台南山学院,烟台南山学院,4137012332,山东省,烟台市,未分类,本科,false,,,教育部全国普通高等学校名单记录：主管部门=山东省教育厅；办学层次=本科；备注=民办。官网与研究生院链接待逐校官方核验后补充。,1407,active
潍坊科技学院,潍坊科技学院,4137012843,山东省,潍坊市,未分类,本科,false,,,教育部全国普通高等学校名单记录：主管部门=山东省教育厅；办学层次=本科；备注=民办。官网与研究生院链接待逐校官方核验后补充。,1408,active
山东英才学院,山东英才学院,4137013006,山东省,济南市,未分类,本科,false,,,教育部全国普通高等学校名单记录：主管部门=山东省教育厅；办学层次=本科；备注=民办。官网与研究生院链接待逐校官方核验后补充。,1409,active
青岛恒星科技学院,青岛恒星科技学院,4137013015,山东省,青岛市,未分类,本科,false,,,教育部全国普通高等学校名单记录：主管部门=山东省教育厅；办学层次=本科；备注=民办。官网与研究生院链接待逐校官方核验后补充。,1410,active
青岛黄海学院,青岛黄海学院,4137013320,山东省,青岛市,未分类,本科,false,,,教育部全国普通高等学校名单记录：主管部门=山东省教育厅；办学层次=本科；备注=民办。官网与研究生院链接待逐校官方核验后补充。,1411,active
山东现代学院,山东现代学院,4137013322,山东省,济南市,未分类,本科,false,,,教育部全国普通高等学校名单记录：主管部门=山东省教育厅；办学层次=本科；备注=民办。官网与研究生院链接待逐校官方核验后补充。,1412,active
山东协和学院,山东协和学院,4137013324,山东省,济南市,未分类,本科,false,,,教育部全国普通高等学校名单记录：主管部门=山东省教育厅；办学层次=本科；备注=民办。官网与研究生院链接待逐校官方核验后补充。,1413,active
山东工程职业技术大学,山东工程职业技术大学,4137013356,山东省,济南市,未分类,本科,false,,,教育部全国普通高等学校名单记录：主管部门=山东省教育厅；办学层次=本科；备注=民办。官网与研究生院链接待逐校官方核验后补充。,1414,active
烟台理工学院,烟台理工学院,4137013359,山东省,烟台市,未分类,本科,false,,,教育部全国普通高等学校名单记录：主管部门=山东省教育厅；办学层次=本科；备注=民办。官网与研究生院链接待逐校官方核验后补充。,1415,active
聊城大学东昌学院,聊城大学东昌学院,4137013373,山东省,聊城市,未分类,本科,false,,,教育部全国普通高等学校名单记录：主管部门=山东省教育厅；办学层次=本科；备注=民办。官网与研究生院链接待逐校官方核验后补充。,1416,active
青岛城市学院,青岛城市学院,4137013378,山东省,青岛市,未分类,本科,false,,,教育部全国普通高等学校名单记录：主管部门=山东省教育厅；办学层次=本科；备注=民办。官网与研究生院链接待逐校官方核验后补充。,1417,active
潍坊理工学院,潍坊理工学院,4137013379,山东省,潍坊市,未分类,本科,false,,,教育部全国普通高等学校名单记录：主管部门=山东省教育厅；办学层次=本科；备注=民办。官网与研究生院链接待逐校官方核验后补充。,1418,active
山东财经大学燕山学院,山东财经大学燕山学院,4137013383,山东省,济南市,未分类,本科,false,,,教育部全国普通高等学校名单记录：主管部门=山东省教育厅；办学层次=本科；备注=民办。官网与研究生院链接待逐校官方核验后补充。,1419,active
山东石油化工学院,山东石油化工学院,4137013386,山东省,东营市,未分类,本科,false,,,教育部全国普通高等学校名单记录：主管部门=山东省；办学层次=本科。官网与研究生院链接待逐校官方核验后补充。,1420,active
山东外国语职业技术大学,山东外国语职业技术大学,4137013387,山东省,日照市,未分类,本科,false,,,教育部全国普通高等学校名单记录：主管部门=山东省教育厅；办学层次=本科；备注=民办。官网与研究生院链接待逐校官方核验后补充。,1421,active
泰山科技学院,泰山科技学院,4137013624,山东省,泰安市,未分类,本科,false,,,教育部全国普通高等学校名单记录：主管部门=山东省教育厅；办学层次=本科；备注=民办。官网与研究生院链接待逐校官方核验后补充。,1422,active
山东华宇工学院,山东华宇工学院,4137013857,山东省,德州市,未分类,本科,false,,,教育部全国普通高等学校名单记录：主管部门=山东省教育厅；办学层次=本科；备注=民办。官网与研究生院链接待逐校官方核验后补充。,1423,active
山东外事职业大学,山东外事职业大学,4137013874,山东省,威海市,未分类,本科,false,,,教育部全国普通高等学校名单记录：主管部门=山东省教育厅；办学层次=本科；备注=民办。官网与研究生院链接待逐校官方核验后补充。,1424,active
青岛工学院,青岛工学院,4137013995,山东省,青岛市,未分类,本科,false,,,教育部全国普通高等学校名单记录：主管部门=山东省教育厅；办学层次=本科；备注=民办。官网与研究生院链接待逐校官方核验后补充。,1425,active
青岛农业大学海都学院,青岛农业大学海都学院,4137013997,山东省,烟台市,未分类,本科,false,,,教育部全国普通高等学校名单记录：主管部门=山东省教育厅；办学层次=本科；备注=民办。官网与研究生院链接待逐校官方核验后补充。,1426,active
齐鲁理工学院,齐鲁理工学院,4137013998,山东省,济南市,未分类,本科,false,,,教育部全国普通高等学校名单记录：主管部门=山东省教育厅；办学层次=本科；备注=民办。官网与研究生院链接待逐校官方核验后补充。,1427,active
山东财经大学东方学院,山东财经大学东方学院,4137013999,山东省,泰安市,未分类,本科,false,,,教育部全国普通高等学校名单记录：主管部门=山东省教育厅；办学层次=本科；备注=民办。官网与研究生院链接待逐校官方核验后补充。,1428,active
烟台科技学院,烟台科技学院,4137014002,山东省,烟台市,未分类,本科,false,,,教育部全国普通高等学校名单记录：主管部门=山东省教育厅；办学层次=本科；备注=民办。官网与研究生院链接待逐校官方核验后补充。,1429,active
山东政法学院,山东政法学院,4137014100,山东省,济南市,未分类,本科,false,,,教育部全国普通高等学校名单记录：主管部门=山东省；办学层次=本科。官网与研究生院链接待逐校官方核验后补充。,1430,active
齐鲁师范学院,齐鲁师范学院,4137014276,山东省,济南市,未分类,本科,false,,,教育部全国普通高等学校名单记录：主管部门=山东省；办学层次=本科。官网与研究生院链接待逐校官方核验后补充。,1431,active
山东青年政治学院,山东青年政治学院,4137014277,山东省,济南市,未分类,本科,false,,,教育部全国普通高等学校名单记录：主管部门=山东省；办学层次=本科。官网与研究生院链接待逐校官方核验后补充。,1432,active
青岛电影学院,青岛电影学院,4137014327,山东省,青岛市,未分类,本科,false,,,教育部全国普通高等学校名单记录：主管部门=山东省教育厅；办学层次=本科；备注=民办。官网与研究生院链接待逐校官方核验后补充。,1433,active
山东管理学院,山东管理学院,4137014438,山东省,济南市,未分类,本科,false,,,教育部全国普通高等学校名单记录：主管部门=山东省；办学层次=本科。官网与研究生院链接待逐校官方核验后补充。,1434,active
山东农业工程学院,山东农业工程学院,4137014439,山东省,济南市,未分类,本科,false,,,教育部全国普通高等学校名单记录：主管部门=山东省；办学层次=本科。官网与研究生院链接待逐校官方核验后补充。,1435,active
康复大学,康复大学,4137014878,山东省,青岛市,未分类,本科,false,,,教育部全国普通高等学校名单记录：主管部门=山东省；办学层次=本科。官网与研究生院链接待逐校官方核验后补充。,1436,active
淄博职业技术大学,淄博职业技术大学,4137013009,山东省,淄博市,未分类,本科,false,,,教育部全国普通高等学校名单记录：主管部门=山东省；办学层次=本科。官网与研究生院链接待逐校官方核验后补充。,1437,active
山东医学高等专科学校,山东医学高等专科学校,4137010442,山东省,临沂市,未分类,专科,false,,,教育部全国普通高等学校名单记录：主管部门=山东省；办学层次=专科。官网与研究生院链接待逐校官方核验后补充。,1438,active
菏泽医学专科学校,菏泽医学专科学校,4137010444,山东省,菏泽市,未分类,专科,false,,,教育部全国普通高等学校名单记录：主管部门=山东省；办学层次=专科。官网与研究生院链接待逐校官方核验后补充。,1439,active
山东商业职业技术学院,山东商业职业技术学院,4137010832,山东省,济南市,未分类,专科,false,,,教育部全国普通高等学校名单记录：主管部门=山东省；办学层次=专科。官网与研究生院链接待逐校官方核验后补充。,1440,active
山东电力高等专科学校,山东电力高等专科学校,4137011827,山东省,济南市,未分类,专科,false,,,教育部全国普通高等学校名单记录：主管部门=山东省；办学层次=专科。官网与研究生院链接待逐校官方核验后补充。,1441,active
日照职业技术学院,日照职业技术学院,4137012062,山东省,日照市,未分类,专科,false,,,教育部全国普通高等学校名单记录：主管部门=山东省；办学层次=专科。官网与研究生院链接待逐校官方核验后补充。,1442,active
曲阜远东职业技术学院,曲阜远东职业技术学院,4137012070,山东省,济宁市,未分类,专科,false,,,教育部全国普通高等学校名单记录：主管部门=山东省教育厅；办学层次=专科；备注=民办。官网与研究生院链接待逐校官方核验后补充。,1443,active
青岛职业技术学院,青岛职业技术学院,4137012324,山东省,青岛市,未分类,专科,false,,,教育部全国普通高等学校名单记录：主管部门=山东省；办学层次=专科。官网与研究生院链接待逐校官方核验后补充。,1444,active
威海职业学院,威海职业学院,4137012326,山东省,威海市,未分类,专科,false,,,教育部全国普通高等学校名单记录：主管部门=山东省；办学层次=专科。官网与研究生院链接待逐校官方核验后补充。,1445,active
山东职业学院,山东职业学院,4137012328,山东省,济南市,未分类,专科,false,,,教育部全国普通高等学校名单记录：主管部门=山东省；办学层次=专科。官网与研究生院链接待逐校官方核验后补充。,1446,active
山东劳动职业技术学院,山东劳动职业技术学院,4137012329,山东省,济南市,未分类,专科,false,,,教育部全国普通高等学校名单记录：主管部门=山东省；办学层次=专科。官网与研究生院链接待逐校官方核验后补充。,1447,active
莱芜职业技术学院,莱芜职业技术学院,4137012330,山东省,济南市,未分类,专科,false,,,教育部全国普通高等学校名单记录：主管部门=山东省；办学层次=专科。官网与研究生院链接待逐校官方核验后补充。,1448,active
济宁职业技术学院,济宁职业技术学院,4137012335,山东省,济宁市,未分类,专科,false,,,教育部全国普通高等学校名单记录：主管部门=山东省；办学层次=专科。官网与研究生院链接待逐校官方核验后补充。,1449,active
潍坊职业学院,潍坊职业学院,4137012391,山东省,潍坊市,未分类,专科,false,,,教育部全国普通高等学校名单记录：主管部门=山东省；办学层次=专科。官网与研究生院链接待逐校官方核验后补充。,1450,active
烟台职业学院,烟台职业学院,4137012396,山东省,烟台市,未分类,专科,false,,,教育部全国普通高等学校名单记录：主管部门=山东省；办学层次=专科。官网与研究生院链接待逐校官方核验后补充。,1451,active
东营职业学院,东营职业学院,4137012440,山东省,东营市,未分类,专科,false,,,教育部全国普通高等学校名单记录：主管部门=山东省；办学层次=专科。官网与研究生院链接待逐校官方核验后补充。,1452,active
聊城职业技术学院,聊城职业技术学院,4137012441,山东省,聊城市,未分类,专科,false,,,教育部全国普通高等学校名单记录：主管部门=山东省；办学层次=专科。官网与研究生院链接待逐校官方核验后补充。,1453,active
滨州职业学院,滨州职业学院,4137012818,山东省,滨州市,未分类,专科,false,,,教育部全国普通高等学校名单记录：主管部门=山东省；办学层次=专科。官网与研究生院链接待逐校官方核验后补充。,1454,active
山东科技职业学院,山东科技职业学院,4137012819,山东省,潍坊市,未分类,专科,false,,,教育部全国普通高等学校名单记录：主管部门=山东省；办学层次=专科。官网与研究生院链接待逐校官方核验后补充。,1455,active
山东服装职业学院,山东服装职业学院,4137012841,山东省,泰安市,未分类,专科,false,,,教育部全国普通高等学校名单记录：主管部门=山东省；办学层次=专科。官网与研究生院链接待逐校官方核验后补充。,1456,active
德州科技职业学院,德州科技职业学院,4137012842,山东省,德州市,未分类,专科,false,,,教育部全国普通高等学校名单记录：主管部门=山东省教育厅；办学层次=专科；备注=民办。官网与研究生院链接待逐校官方核验后补充。,1457,active
山东力明科技职业学院,山东力明科技职业学院,4137012844,山东省,泰安市,未分类,专科,false,,,教育部全国普通高等学校名单记录：主管部门=山东省教育厅；办学层次=专科；备注=民办。官网与研究生院链接待逐校官方核验后补充。,1458,active
山东圣翰财贸职业学院,山东圣翰财贸职业学院,4137012945,山东省,济南市,未分类,专科,false,,,教育部全国普通高等学校名单记录：主管部门=山东省教育厅；办学层次=专科；备注=民办。官网与研究生院链接待逐校官方核验后补充。,1459,active
山东水利职业学院,山东水利职业学院,4137012946,山东省,日照市,未分类,专科,false,,,教育部全国普通高等学校名单记录：主管部门=山东省；办学层次=专科。官网与研究生院链接待逐校官方核验后补充。,1460,active
山东畜牧兽医职业学院,山东畜牧兽医职业学院,4137012947,山东省,潍坊市,未分类,专科,false,,,教育部全国普通高等学校名单记录：主管部门=山东省；办学层次=专科。官网与研究生院链接待逐校官方核验后补充。,1461,active
青岛飞洋职业技术学院,青岛飞洋职业技术学院,4137013005,山东省,青岛市,未分类,专科,false,,,教育部全国普通高等学校名单记录：主管部门=山东省教育厅；办学层次=专科；备注=民办。官网与研究生院链接待逐校官方核验后补充。,1462,active
东营科技职业学院,东营科技职业学院,4137013007,山东省,东营市,未分类,专科,false,,,教育部全国普通高等学校名单记录：主管部门=山东省；办学层次=专科。官网与研究生院链接待逐校官方核验后补充。,1463,active
山东交通职业学院,山东交通职业学院,4137013008,山东省,潍坊市,未分类,专科,false,,,教育部全国普通高等学校名单记录：主管部门=山东省；办学层次=专科。官网与研究生院链接待逐校官方核验后补充。,1464,active
山东外贸职业学院,山东外贸职业学院,4137013010,山东省,青岛市,未分类,专科,false,,,教育部全国普通高等学校名单记录：主管部门=山东省；办学层次=专科。官网与研究生院链接待逐校官方核验后补充。,1465,active
青岛酒店管理职业技术学院,青岛酒店管理职业技术学院,4137013011,山东省,青岛市,未分类,专科,false,,,教育部全国普通高等学校名单记录：主管部门=山东省；办学层次=专科。官网与研究生院链接待逐校官方核验后补充。,1466,active
山东信息职业技术学院,山东信息职业技术学院,4137013012,山东省,潍坊市,未分类,专科,false,,,教育部全国普通高等学校名单记录：主管部门=山东省；办学层次=专科。官网与研究生院链接待逐校官方核验后补充。,1467,active
青岛港湾职业技术学院,青岛港湾职业技术学院,4137013014,山东省,青岛市,未分类,专科,false,,,教育部全国普通高等学校名单记录：主管部门=山东省；办学层次=专科。官网与研究生院链接待逐校官方核验后补充。,1468,active
山东胜利职业学院,山东胜利职业学院,4137013316,山东省,东营市,未分类,专科,false,,,教育部全国普通高等学校名单记录：主管部门=山东省；办学层次=专科。官网与研究生院链接待逐校官方核验后补充。,1469,active
山东经贸职业学院,山东经贸职业学院,4137013317,山东省,潍坊市,未分类,专科,false,,,教育部全国普通高等学校名单记录：主管部门=山东省；办学层次=专科。官网与研究生院链接待逐校官方核验后补充。,1470,active
山东工业职业学院,山东工业职业学院,4137013318,山东省,淄博市,未分类,专科,false,,,教育部全国普通高等学校名单记录：主管部门=山东省；办学层次=专科。官网与研究生院链接待逐校官方核验后补充。,1471,active
山东化工职业学院,山东化工职业学院,4137013319,山东省,淄博市,未分类,专科,false,,,教育部全国普通高等学校名单记录：主管部门=山东省；办学层次=专科。官网与研究生院链接待逐校官方核验后补充。,1472,active
青岛求实职业技术学院,青岛求实职业技术学院,4137013321,山东省,青岛市,未分类,专科,false,,,教育部全国普通高等学校名单记录：主管部门=山东省教育厅；办学层次=专科；备注=民办。官网与研究生院链接待逐校官方核验后补充。,1473,active
济南职业学院,济南职业学院,4137013323,山东省,济南市,未分类,专科,false,,,教育部全国普通高等学校名单记录：主管部门=山东省；办学层次=专科。官网与研究生院链接待逐校官方核验后补充。,1474,active
烟台工程职业技术学院,烟台工程职业技术学院,4137013355,山东省,烟台市,未分类,专科,false,,,教育部全国普通高等学校名单记录：主管部门=山东省；办学层次=专科。官网与研究生院链接待逐校官方核验后补充。,1475,active
潍坊工商职业学院,潍坊工商职业学院,4137013388,山东省,潍坊市,未分类,专科,false,,,教育部全国普通高等学校名单记录：主管部门=山东省教育厅；办学层次=专科；备注=民办。官网与研究生院链接待逐校官方核验后补充。,1476,active
德州职业技术学院,德州职业技术学院,4137013389,山东省,德州市,未分类,专科,false,,,教育部全国普通高等学校名单记录：主管部门=山东省；办学层次=专科。官网与研究生院链接待逐校官方核验后补充。,1477,active
枣庄科技职业学院,枣庄科技职业学院,4137013390,山东省,枣庄市,未分类,专科,false,,,教育部全国普通高等学校名单记录：主管部门=山东省；办学层次=专科。官网与研究生院链接待逐校官方核验后补充。,1478,active
淄博师范高等专科学校,淄博师范高等专科学校,4137013777,山东省,淄博市,未分类,专科,false,,,教育部全国普通高等学校名单记录：主管部门=山东省；办学层次=专科。官网与研究生院链接待逐校官方核验后补充。,1479,active
山东中医药高等专科学校,山东中医药高等专科学校,4137013778,山东省,烟台市,未分类,专科,false,,,教育部全国普通高等学校名单记录：主管部门=山东省；办学层次=专科。官网与研究生院链接待逐校官方核验后补充。,1480,active
济南工程职业技术学院,济南工程职业技术学院,4137013855,山东省,济南市,未分类,专科,false,,,教育部全国普通高等学校名单记录：主管部门=山东省；办学层次=专科。官网与研究生院链接待逐校官方核验后补充。,1481,active
山东电子职业技术学院,山东电子职业技术学院,4137013856,山东省,济南市,未分类,专科,false,,,教育部全国普通高等学校名单记录：主管部门=山东省；办学层次=专科。官网与研究生院链接待逐校官方核验后补充。,1482,active
山东旅游职业学院,山东旅游职业学院,4137013858,山东省,济南市,未分类,专科,false,,,教育部全国普通高等学校名单记录：主管部门=山东省；办学层次=专科。官网与研究生院链接待逐校官方核验后补充。,1483,active
山东铝业职业学院,山东铝业职业学院,4137013859,山东省,淄博市,未分类,专科,false,,,教育部全国普通高等学校名单记录：主管部门=山东省；办学层次=专科。官网与研究生院链接待逐校官方核验后补充。,1484,active
山东杏林科技职业学院,山东杏林科技职业学院,4137013860,山东省,济南市,未分类,专科,false,,,教育部全国普通高等学校名单记录：主管部门=山东省教育厅；办学层次=专科；备注=民办。官网与研究生院链接待逐校官方核验后补充。,1485,active
泰山职业技术学院,泰山职业技术学院,4137013861,山东省,泰安市,未分类,专科,false,,,教育部全国普通高等学校名单记录：主管部门=山东省；办学层次=专科。官网与研究生院链接待逐校官方核验后补充。,1486,active
山东药品食品职业学院,山东药品食品职业学院,4137013966,山东省,威海市,未分类,专科,false,,,教育部全国普通高等学校名单记录：主管部门=山东省；办学层次=专科。官网与研究生院链接待逐校官方核验后补充。,1487,active
山东商务职业学院,山东商务职业学院,4137014078,山东省,烟台市,未分类,专科,false,,,教育部全国普通高等学校名单记录：主管部门=山东省；办学层次=专科。官网与研究生院链接待逐校官方核验后补充。,1488,active
山东轻工职业学院,山东轻工职业学院,4137014079,山东省,淄博市,未分类,专科,false,,,教育部全国普通高等学校名单记录：主管部门=山东省；办学层次=专科。官网与研究生院链接待逐校官方核验后补充。,1489,active
山东城市建设职业学院,山东城市建设职业学院,4137014080,山东省,济南市,未分类,专科,false,,,教育部全国普通高等学校名单记录：主管部门=山东省；办学层次=专科。官网与研究生院链接待逐校官方核验后补充。,1490,active
烟台汽车工程职业学院,烟台汽车工程职业学院,4137014081,山东省,烟台市,未分类,专科,false,,,教育部全国普通高等学校名单记录：主管部门=山东省；办学层次=专科。官网与研究生院链接待逐校官方核验后补充。,1491,active
山东司法警官职业学院,山东司法警官职业学院,4137014082,山东省,济南市,未分类,专科,false,,,教育部全国普通高等学校名单记录：主管部门=山东省；办学层次=专科。官网与研究生院链接待逐校官方核验后补充。,1492,active
菏泽家政职业学院,菏泽家政职业学院,4137014118,山东省,菏泽市,未分类,专科,false,,,教育部全国普通高等学校名单记录：主管部门=山东省；办学层次=专科。官网与研究生院链接待逐校官方核验后补充。,1493,active
山东传媒职业学院,山东传媒职业学院,4137014193,山东省,济南市,未分类,专科,false,,,教育部全国普通高等学校名单记录：主管部门=山东省；办学层次=专科。官网与研究生院链接待逐校官方核验后补充。,1494,active
临沂职业学院,临沂职业学院,4137014195,山东省,临沂市,未分类,专科,false,,,教育部全国普通高等学校名单记录：主管部门=山东省；办学层次=专科。官网与研究生院链接待逐校官方核验后补充。,1495,active
枣庄职业学院,枣庄职业学院,4137014196,山东省,枣庄市,未分类,专科,false,,,教育部全国普通高等学校名单记录：主管部门=山东省；办学层次=专科。官网与研究生院链接待逐校官方核验后补充。,1496,active
山东理工职业学院,山东理工职业学院,4137014242,山东省,济宁市,未分类,专科,false,,,教育部全国普通高等学校名单记录：主管部门=山东省；办学层次=专科。官网与研究生院链接待逐校官方核验后补充。,1497,active
山东文化产业职业学院,山东文化产业职业学院,4137014261,山东省,青岛市,未分类,专科,false,,,教育部全国普通高等学校名单记录：主管部门=山东省教育厅；办学层次=专科；备注=民办。官网与研究生院链接待逐校官方核验后补充。,1498,active
青岛远洋船员职业学院,青岛远洋船员职业学院,4137014320,山东省,青岛市,未分类,专科,false,,,教育部全国普通高等学校名单记录：主管部门=山东省；办学层次=专科。官网与研究生院链接待逐校官方核验后补充。,1499,active
济南幼儿师范高等专科学校,济南幼儿师范高等专科学校,4137014332,山东省,济南市,未分类,专科,false,,,教育部全国普通高等学校名单记录：主管部门=山东省；办学层次=专科。官网与研究生院链接待逐校官方核验后补充。,1500,active
济南护理职业学院,济南护理职业学院,4137014343,山东省,济南市,未分类,专科,false,,,教育部全国普通高等学校名单记录：主管部门=山东省；办学层次=专科。官网与研究生院链接待逐校官方核验后补充。,1501,active
泰山护理职业学院,泰山护理职业学院,4137014345,山东省,泰安市,未分类,专科,false,,,教育部全国普通高等学校名单记录：主管部门=山东省；办学层次=专科。官网与研究生院链接待逐校官方核验后补充。,1502,active
山东海事职业学院,山东海事职业学院,4137014346,山东省,潍坊市,未分类,专科,false,,,教育部全国普通高等学校名单记录：主管部门=山东省教育厅；办学层次=专科；备注=民办。官网与研究生院链接待逐校官方核验后补充。,1503,active
潍坊护理职业学院,潍坊护理职业学院,4137014347,山东省,潍坊市,未分类,专科,false,,,教育部全国普通高等学校名单记录：主管部门=山东省；办学层次=专科。官网与研究生院链接待逐校官方核验后补充。,1504,active
潍坊工程职业学院,潍坊工程职业学院,4137014379,山东省,潍坊市,未分类,专科,false,,,教育部全国普通高等学校名单记录：主管部门=山东省；办学层次=专科。官网与研究生院链接待逐校官方核验后补充。,1505,active
菏泽职业学院,菏泽职业学院,4137014477,山东省,菏泽市,未分类,专科,false,,,教育部全国普通高等学校名单记录：主管部门=山东省；办学层次=专科。官网与研究生院链接待逐校官方核验后补充。,1506,active
山东艺术设计职业学院,山东艺术设计职业学院,4137014506,山东省,济南市,未分类,专科,false,,,教育部全国普通高等学校名单记录：主管部门=山东省教育厅；办学层次=专科；备注=民办。官网与研究生院链接待逐校官方核验后补充。,1507,active
威海海洋职业学院,威海海洋职业学院,4137014507,山东省,威海市,未分类,专科,false,,,教育部全国普通高等学校名单记录：主管部门=山东省；办学层次=专科。官网与研究生院链接待逐校官方核验后补充。,1508,active
山东特殊教育职业学院,山东特殊教育职业学院,4137014545,山东省,济南市,未分类,专科,false,,,教育部全国普通高等学校名单记录：主管部门=山东省；办学层次=专科。官网与研究生院链接待逐校官方核验后补充。,1509,active
烟台黄金职业学院,烟台黄金职业学院,4137014570,山东省,烟台市,未分类,专科,false,,,教育部全国普通高等学校名单记录：主管部门=山东省教育厅；办学层次=专科；备注=民办。官网与研究生院链接待逐校官方核验后补充。,1510,active
日照航海工程职业学院,日照航海工程职业学院,4137014605,山东省,日照市,未分类,专科,false,,,教育部全国普通高等学校名单记录：主管部门=山东省教育厅；办学层次=专科；备注=民办。官网与研究生院链接待逐校官方核验后补充。,1511,active
青岛工程职业学院,青岛工程职业学院,4137014666,山东省,青岛市,未分类,专科,false,,,教育部全国普通高等学校名单记录：主管部门=山东省；办学层次=专科。官网与研究生院链接待逐校官方核验后补充。,1512,active
青岛幼儿师范高等专科学校,青岛幼儿师范高等专科学校,4137014688,山东省,青岛市,未分类,专科,false,,,教育部全国普通高等学校名单记录：主管部门=山东省；办学层次=专科。官网与研究生院链接待逐校官方核验后补充。,1513,active
烟台幼儿师范高等专科学校,烟台幼儿师范高等专科学校,4137014689,山东省,烟台市,未分类,专科,false,,,教育部全国普通高等学校名单记录：主管部门=山东省；办学层次=专科。官网与研究生院链接待逐校官方核验后补充。,1514,active
烟台文化旅游职业学院,烟台文化旅游职业学院,4137014707,山东省,烟台市,未分类,专科,false,,,教育部全国普通高等学校名单记录：主管部门=山东省；办学层次=专科。官网与研究生院链接待逐校官方核验后补充。,1515,active
临沂科技职业学院,临沂科技职业学院,4137014708,山东省,临沂市,未分类,专科,false,,,教育部全国普通高等学校名单记录：主管部门=山东省；办学层次=专科。官网与研究生院链接待逐校官方核验后补充。,1516,active
青岛航空科技职业学院,青岛航空科技职业学院,4137014709,山东省,青岛市,未分类,专科,false,,,教育部全国普通高等学校名单记录：主管部门=山东省教育厅；办学层次=专科；备注=民办。官网与研究生院链接待逐校官方核验后补充。,1517,active
潍坊环境工程职业学院,潍坊环境工程职业学院,4137014710,山东省,潍坊市,未分类,专科,false,,,教育部全国普通高等学校名单记录：主管部门=山东省教育厅；办学层次=专科；备注=民办。官网与研究生院链接待逐校官方核验后补充。,1518,active
滨州科技职业学院,滨州科技职业学院,4137014749,山东省,滨州市,未分类,专科,false,,,教育部全国普通高等学校名单记录：主管部门=山东省教育厅；办学层次=专科；备注=民办。官网与研究生院链接待逐校官方核验后补充。,1519,active
山东城市服务职业学院,山东城市服务职业学院,4137014809,山东省,烟台市,未分类,专科,false,,,教育部全国普通高等学校名单记录：主管部门=山东省；办学层次=专科。官网与研究生院链接待逐校官方核验后补充。,1520,active
潍坊食品科技职业学院,潍坊食品科技职业学院,4137014810,山东省,潍坊市,未分类,专科,false,,,教育部全国普通高等学校名单记录：主管部门=山东省教育厅；办学层次=专科；备注=民办。官网与研究生院链接待逐校官方核验后补充。,1521,active
烟台城市科技职业学院,烟台城市科技职业学院,4137014811,山东省,烟台市,未分类,专科,false,,,教育部全国普通高等学校名单记录：主管部门=山东省教育厅；办学层次=专科；备注=民办。官网与研究生院链接待逐校官方核验后补充。,1522,active
德州工程职业学院,德州工程职业学院,4137014857,山东省,德州市,未分类,专科,false,,,教育部全国普通高等学校名单记录：主管部门=山东省教育厅；办学层次=专科；备注=民办。官网与研究生院链接待逐校官方核验后补充。,1523,active
日照康养职业学院,日照康养职业学院,4137014858,山东省,日照市,未分类,专科,false,,,教育部全国普通高等学校名单记录：主管部门=山东省教育厅；办学层次=专科；备注=民办。官网与研究生院链接待逐校官方核验后补充。,1524,active
烟台卫生健康职业学院,烟台卫生健康职业学院,4137014859,山东省,烟台市,未分类,专科,false,,,教育部全国普通高等学校名单记录：主管部门=山东省；办学层次=专科。官网与研究生院链接待逐校官方核验后补充。,1525,active
山东文化艺术职业学院,山东文化艺术职业学院,4137014860,山东省,德州市,未分类,专科,false,,,教育部全国普通高等学校名单记录：主管部门=山东省；办学层次=专科。官网与研究生院链接待逐校官方核验后补充。,1526,active
聊城科技职业学院,聊城科技职业学院,4137014923,山东省,聊城市,未分类,专科,false,,,教育部全国普通高等学校名单记录：主管部门=山东省；办学层次=专科。官网与研究生院链接待逐校官方核验后补充。,1527,active
济宁汽车工程职业学院,济宁汽车工程职业学院,4137014924,山东省,济宁市,未分类,专科,false,,,教育部全国普通高等学校名单记录：主管部门=山东省教育厅；办学层次=专科；备注=民办。官网与研究生院链接待逐校官方核验后补充。,1528,active
日照科技职业学院,日照科技职业学院,4137014925,山东省,日照市,未分类,专科,false,,,教育部全国普通高等学校名单记录：主管部门=山东省教育厅；办学层次=专科；备注=民办。官网与研究生院链接待逐校官方核验后补充。,1529,active
枣庄应用技术职业学院,枣庄应用技术职业学院,4137014926,山东省,枣庄市,未分类,专科,false,,,教育部全国普通高等学校名单记录：主管部门=山东省教育厅；办学层次=专科；备注=民办。官网与研究生院链接待逐校官方核验后补充。,1530,active
临沂城市职业学院,临沂城市职业学院,4137014927,山东省,临沂市,未分类,专科,false,,,教育部全国普通高等学校名单记录：主管部门=山东省教育厅；办学层次=专科；备注=民办。官网与研究生院链接待逐校官方核验后补充。,1531,active
菏泽生物医药职业学院,菏泽生物医药职业学院,4137014928,山东省,菏泽市,未分类,专科,false,,,教育部全国普通高等学校名单记录：主管部门=山东省教育厅；办学层次=专科；备注=民办。官网与研究生院链接待逐校官方核验后补充。,1532,active
华北水利水电大学,华北水利水电大学,4141010078,河南省,郑州市,未分类,本科,false,,,教育部全国普通高等学校名单记录：主管部门=河南省；办学层次=本科。官网与研究生院链接待逐校官方核验后补充。,1533,active
郑州大学,郑州大学,4141010459,河南省,郑州市,未分类,本科,false,,,教育部全国普通高等学校名单记录：主管部门=河南省；办学层次=本科。官网与研究生院链接待逐校官方核验后补充。,1534,active
河南理工大学,河南理工大学,4141010460,河南省,焦作市,未分类,本科,false,,,教育部全国普通高等学校名单记录：主管部门=河南省；办学层次=本科。官网与研究生院链接待逐校官方核验后补充。,1535,active
郑州轻工业大学,郑州轻工业大学,4141010462,河南省,郑州市,未分类,本科,false,,,教育部全国普通高等学校名单记录：主管部门=河南省；办学层次=本科。官网与研究生院链接待逐校官方核验后补充。,1536,active
河南工业大学,河南工业大学,4141010463,河南省,郑州市,未分类,本科,false,,,教育部全国普通高等学校名单记录：主管部门=河南省；办学层次=本科。官网与研究生院链接待逐校官方核验后补充。,1537,active
河南科技大学,河南科技大学,4141010464,河南省,洛阳市,未分类,本科,false,,,教育部全国普通高等学校名单记录：主管部门=河南省；办学层次=本科。官网与研究生院链接待逐校官方核验后补充。,1538,active
中原工学院,中原工学院,4141010465,河南省,郑州市,未分类,本科,false,,,教育部全国普通高等学校名单记录：主管部门=河南省；办学层次=本科。官网与研究生院链接待逐校官方核验后补充。,1539,active
河南农业大学,河南农业大学,4141010466,河南省,郑州市,未分类,本科,false,,,教育部全国普通高等学校名单记录：主管部门=河南省；办学层次=本科。官网与研究生院链接待逐校官方核验后补充。,1540,active
河南科技学院,河南科技学院,4141010467,河南省,新乡市,未分类,本科,false,,,教育部全国普通高等学校名单记录：主管部门=河南省；办学层次=本科。官网与研究生院链接待逐校官方核验后补充。,1541,active
河南牧业经济学院,河南牧业经济学院,4141010469,河南省,郑州市,未分类,本科,false,,,教育部全国普通高等学校名单记录：主管部门=河南省；办学层次=本科。官网与研究生院链接待逐校官方核验后补充。,1542,active
河南中医药大学,河南中医药大学,4141010471,河南省,郑州市,未分类,本科,false,,,教育部全国普通高等学校名单记录：主管部门=河南省；办学层次=本科。官网与研究生院链接待逐校官方核验后补充。,1543,active
河南医药大学,河南医药大学,4141010472,河南省,新乡市,未分类,本科,false,,,教育部全国普通高等学校名单记录：主管部门=河南省；办学层次=本科。官网与研究生院链接待逐校官方核验后补充。,1544,active
河南大学,河南大学,4141010475,河南省,开封市,未分类,本科,false,,,教育部全国普通高等学校名单记录：主管部门=河南省；办学层次=本科。官网与研究生院链接待逐校官方核验后补充。,1545,active
河南师范大学,河南师范大学,4141010476,河南省,新乡市,未分类,本科,false,,,教育部全国普通高等学校名单记录：主管部门=河南省；办学层次=本科。官网与研究生院链接待逐校官方核验后补充。,1546,active
信阳师范大学,信阳师范大学,4141010477,河南省,信阳市,未分类,本科,false,,,教育部全国普通高等学校名单记录：主管部门=河南省；办学层次=本科。官网与研究生院链接待逐校官方核验后补充。,1547,active
周口师范学院,周口师范学院,4141010478,河南省,周口市,未分类,本科,false,,,教育部全国普通高等学校名单记录：主管部门=河南省；办学层次=本科。官网与研究生院链接待逐校官方核验后补充。,1548,active
安阳师范学院,安阳师范学院,4141010479,河南省,安阳市,未分类,本科,false,,,教育部全国普通高等学校名单记录：主管部门=河南省；办学层次=本科。官网与研究生院链接待逐校官方核验后补充。,1549,active
许昌学院,许昌学院,4141010480,河南省,许昌市,未分类,本科,false,,,教育部全国普通高等学校名单记录：主管部门=河南省；办学层次=本科。官网与研究生院链接待逐校官方核验后补充。,1550,active
南阳师范学院,南阳师范学院,4141010481,河南省,南阳市,未分类,本科,false,,,教育部全国普通高等学校名单记录：主管部门=河南省；办学层次=本科。官网与研究生院链接待逐校官方核验后补充。,1551,active
洛阳师范学院,洛阳师范学院,4141010482,河南省,洛阳市,未分类,本科,false,,,教育部全国普通高等学校名单记录：主管部门=河南省；办学层次=本科。官网与研究生院链接待逐校官方核验后补充。,1552,active
商丘师范学院,商丘师范学院,4141010483,河南省,商丘市,未分类,本科,false,,,教育部全国普通高等学校名单记录：主管部门=河南省；办学层次=本科。官网与研究生院链接待逐校官方核验后补充。,1553,active
河南财经政法大学,河南财经政法大学,4141010484,河南省,郑州市,未分类,本科,false,,,教育部全国普通高等学校名单记录：主管部门=河南省；办学层次=本科。官网与研究生院链接待逐校官方核验后补充。,1554,active
郑州航空工业管理学院,郑州航空工业管理学院,4141010485,河南省,郑州市,未分类,本科,false,,,教育部全国普通高等学校名单记录：主管部门=河南省；办学层次=本科。官网与研究生院链接待逐校官方核验后补充。,1555,active
黄淮学院,黄淮学院,4141010918,河南省,驻马店市,未分类,本科,false,,,教育部全国普通高等学校名单记录：主管部门=河南省；办学层次=本科。官网与研究生院链接待逐校官方核验后补充。,1556,active
平顶山学院,平顶山学院,4141010919,河南省,平顶山市,未分类,本科,false,,,教育部全国普通高等学校名单记录：主管部门=河南省；办学层次=本科。官网与研究生院链接待逐校官方核验后补充。,1557,active
郑州工程技术学院,郑州工程技术学院,4141011068,河南省,郑州市,未分类,本科,false,,,教育部全国普通高等学校名单记录：主管部门=河南省；办学层次=本科。官网与研究生院链接待逐校官方核验后补充。,1558,active
洛阳理工学院,洛阳理工学院,4141011070,河南省,洛阳市,未分类,本科,false,,,教育部全国普通高等学校名单记录：主管部门=河南省；办学层次=本科。官网与研究生院链接待逐校官方核验后补充。,1559,active
新乡学院,新乡学院,4141011071,河南省,新乡市,未分类,本科,false,,,教育部全国普通高等学校名单记录：主管部门=河南省；办学层次=本科。官网与研究生院链接待逐校官方核验后补充。,1560,active
信阳农林学院,信阳农林学院,4141011326,河南省,信阳市,未分类,本科,false,,,教育部全国普通高等学校名单记录：主管部门=河南省；办学层次=本科。官网与研究生院链接待逐校官方核验后补充。,1561,active
河南工学院,河南工学院,4141011329,河南省,新乡市,未分类,本科,false,,,教育部全国普通高等学校名单记录：主管部门=河南省；办学层次=本科。官网与研究生院链接待逐校官方核验后补充。,1562,active
安阳工学院,安阳工学院,4141011330,河南省,安阳市,未分类,本科,false,,,教育部全国普通高等学校名单记录：主管部门=河南省；办学层次=本科。官网与研究生院链接待逐校官方核验后补充。,1563,active
河南工程学院,河南工程学院,4141011517,河南省,郑州市,未分类,本科,false,,,教育部全国普通高等学校名单记录：主管部门=河南省；办学层次=本科。官网与研究生院链接待逐校官方核验后补充。,1564,active
河南财政金融学院,河南财政金融学院,4141011652,河南省,郑州市,未分类,本科,false,,,教育部全国普通高等学校名单记录：主管部门=河南省；办学层次=本科。官网与研究生院链接待逐校官方核验后补充。,1565,active
南阳理工学院,南阳理工学院,4141011653,河南省,南阳市,未分类,本科,false,,,教育部全国普通高等学校名单记录：主管部门=河南省；办学层次=本科。官网与研究生院链接待逐校官方核验后补充。,1566,active
河南城建学院,河南城建学院,4141011765,河南省,平顶山市,未分类,本科,false,,,教育部全国普通高等学校名单记录：主管部门=河南省；办学层次=本科。官网与研究生院链接待逐校官方核验后补充。,1567,active
河南警察学院,河南警察学院,4141011788,河南省,郑州市,未分类,本科,false,,,教育部全国普通高等学校名单记录：主管部门=河南省；办学层次=本科。官网与研究生院链接待逐校官方核验后补充。,1568,active
黄河科技学院,黄河科技学院,4141011834,河南省,郑州市,未分类,本科,false,,,教育部全国普通高等学校名单记录：主管部门=河南省教育厅；办学层次=本科；备注=民办。官网与研究生院链接待逐校官方核验后补充。,1569,active
郑州警察学院,郑州警察学院,4141012735,河南省,郑州市,未分类,本科,false,,,教育部全国普通高等学校名单记录：主管部门=公安部；办学层次=本科。官网与研究生院链接待逐校官方核验后补充。,1570,active
郑州科技学院,郑州科技学院,4141012746,河南省,郑州市,未分类,本科,false,,,教育部全国普通高等学校名单记录：主管部门=河南省教育厅；办学层次=本科；备注=民办。官网与研究生院链接待逐校官方核验后补充。,1571,active
郑州工业应用技术学院,郑州工业应用技术学院,4141012747,河南省,郑州市,未分类,本科,false,,,教育部全国普通高等学校名单记录：主管部门=河南省教育厅；办学层次=本科；备注=民办。官网与研究生院链接待逐校官方核验后补充。,1572,active
郑州师范学院,郑州师范学院,4141012949,河南省,郑州市,未分类,本科,false,,,教育部全国普通高等学校名单记录：主管部门=河南省；办学层次=本科。官网与研究生院链接待逐校官方核验后补充。,1573,active
郑州财经学院,郑州财经学院,4141013497,河南省,郑州市,未分类,本科,false,,,教育部全国普通高等学校名单记录：主管部门=河南省教育厅；办学层次=本科；备注=民办。官网与研究生院链接待逐校官方核验后补充。,1574,active
黄河交通学院,黄河交通学院,4141013498,河南省,焦作市,未分类,本科,false,,,教育部全国普通高等学校名单记录：主管部门=河南省教育厅；办学层次=本科；备注=民办。官网与研究生院链接待逐校官方核验后补充。,1575,active
商丘工学院,商丘工学院,4141013500,河南省,商丘市,未分类,本科,false,,,教育部全国普通高等学校名单记录：主管部门=河南省教育厅；办学层次=本科；备注=民办。官网与研究生院链接待逐校官方核验后补充。,1576,active
河南开封科技传媒学院,河南开封科技传媒学院,4141013501,河南省,开封市,未分类,本科,false,,,教育部全国普通高等学校名单记录：主管部门=河南省教育厅；办学层次=本科；备注=民办。官网与研究生院链接待逐校官方核验后补充。,1577,active
中原科技学院,中原科技学院,4141013502,河南省,郑州市,未分类,本科,false,,,教育部全国普通高等学校名单记录：主管部门=河南省教育厅；办学层次=本科；备注=民办。官网与研究生院链接待逐校官方核验后补充。,1578,active
信阳学院,信阳学院,4141013503,河南省,信阳市,未分类,本科,false,,,教育部全国普通高等学校名单记录：主管部门=河南省教育厅；办学层次=本科；备注=民办。官网与研究生院链接待逐校官方核验后补充。,1579,active
安阳学院,安阳学院,4141013504,河南省,安阳市,未分类,本科,false,,,教育部全国普通高等学校名单记录：主管部门=河南省教育厅；办学层次=本科；备注=民办。官网与研究生院链接待逐校官方核验后补充。,1580,active
豫北医学院,豫北医学院,4141013505,河南省,新乡市,未分类,本科,false,,,教育部全国普通高等学校名单记录：主管部门=河南省教育厅；办学层次=本科；备注=民办。官网与研究生院链接待逐校官方核验后补充。,1581,active
新乡工程学院,新乡工程学院,4141013506,河南省,新乡市,未分类,本科,false,,,教育部全国普通高等学校名单记录：主管部门=河南省教育厅；办学层次=本科；备注=民办。官网与研究生院链接待逐校官方核验后补充。,1582,active
郑州工商学院,郑州工商学院,4141013507,河南省,郑州市,未分类,本科,false,,,教育部全国普通高等学校名单记录：主管部门=河南省教育厅；办学层次=本科；备注=民办。官网与研究生院链接待逐校官方核验后补充。,1583,active
郑州经贸学院,郑州经贸学院,4141013508,河南省,郑州市,未分类,本科,false,,,教育部全国普通高等学校名单记录：主管部门=河南省教育厅；办学层次=本科；备注=民办。官网与研究生院链接待逐校官方核验后补充。,1584,active
商丘学院,商丘学院,4141014003,河南省,商丘市,未分类,本科,false,,,教育部全国普通高等学校名单记录：主管部门=河南省教育厅；办学层次=本科；备注=民办。官网与研究生院链接待逐校官方核验后补充。,1585,active
郑州商学院,郑州商学院,4141014040,河南省,郑州市,未分类,本科,false,,,教育部全国普通高等学校名单记录：主管部门=河南省教育厅；办学层次=本科；备注=民办。官网与研究生院链接待逐校官方核验后补充。,1586,active
河南科技职业大学,河南科技职业大学,4141014169,河南省,周口市,未分类,本科,false,,,教育部全国普通高等学校名单记录：主管部门=河南省教育厅；办学层次=本科；备注=民办。官网与研究生院链接待逐校官方核验后补充。,1587,active
郑州升达经贸管理学院,郑州升达经贸管理学院,4141014333,河南省,郑州市,未分类,本科,false,,,教育部全国普通高等学校名单记录：主管部门=河南省教育厅；办学层次=本科；备注=民办。官网与研究生院链接待逐校官方核验后补充。,1588,active
郑州西亚斯学院,郑州西亚斯学院,4141014654,河南省,郑州市,未分类,本科,false,,,教育部全国普通高等学校名单记录：主管部门=河南省教育厅；办学层次=本科；备注=民办。官网与研究生院链接待逐校官方核验后补充。,1589,active
郑州美术学院,郑州美术学院,4141014831,河南省,郑州市,未分类,本科,false,,,教育部全国普通高等学校名单记录：主管部门=河南省教育厅；办学层次=本科；备注=民办。官网与研究生院链接待逐校官方核验后补充。,1590,active
漯河食品工程职业大学,漯河食品工程职业大学,4141014233,河南省,漯河市,未分类,本科,false,,,教育部全国普通高等学校名单记录：主管部门=河南省教育厅；办学层次=本科；备注=民办。官网与研究生院链接待逐校官方核验后补充。,1591,active
河南体育学院,河南体育学院,4141014879,河南省,郑州市,未分类,本科,false,,,教育部全国普通高等学校名单记录：主管部门=河南省；办学层次=本科。官网与研究生院链接待逐校官方核验后补充。,1592,active
郑州健康学院,郑州健康学院,4141012948,河南省,郑州市,未分类,本科,false,,,教育部全国普通高等学校名单记录：主管部门=河南省教育厅；办学层次=本科；备注=民办。官网与研究生院链接待逐校官方核验后补充。,1593,active
黄河水利职业技术大学,黄河水利职业技术大学,4141012058,河南省,开封市,未分类,本科,false,,,教育部全国普通高等学校名单记录：主管部门=河南省；办学层次=本科。官网与研究生院链接待逐校官方核验后补充。,1594,active
河南职业技术学院,河南职业技术学院,4141010824,河南省,郑州市,未分类,专科,false,,,教育部全国普通高等学校名单记录：主管部门=河南省；办学层次=专科。官网与研究生院链接待逐校官方核验后补充。,1595,active
漯河职业技术学院,漯河职业技术学院,4141010835,河南省,漯河市,未分类,专科,false,,,教育部全国普通高等学校名单记录：主管部门=河南省；办学层次=专科。官网与研究生院链接待逐校官方核验后补充。,1596,active
三门峡职业技术学院,三门峡职业技术学院,4141010842,河南省,三门峡市,未分类,专科,false,,,教育部全国普通高等学校名单记录：主管部门=河南省；办学层次=专科。官网与研究生院链接待逐校官方核验后补充。,1597,active
郑州铁路职业技术学院,郑州铁路职业技术学院,4141010843,河南省,郑州市,未分类,专科,false,,,教育部全国普通高等学校名单记录：主管部门=河南省；办学层次=专科。官网与研究生院链接待逐校官方核验后补充。,1598,active
开封大学,开封大学,4141011069,河南省,开封市,未分类,专科,false,,,教育部全国普通高等学校名单记录：主管部门=河南省；办学层次=专科。官网与研究生院链接待逐校官方核验后补充。,1599,active
焦作大学,焦作大学,4141011522,河南省,焦作市,未分类,专科,false,,,教育部全国普通高等学校名单记录：主管部门=河南省；办学层次=专科。官网与研究生院链接待逐校官方核验后补充。,1600,active
濮阳职业技术学院,濮阳职业技术学院,4141011787,河南省,濮阳市,未分类,专科,false,,,教育部全国普通高等学校名单记录：主管部门=河南省；办学层次=专科。官网与研究生院链接待逐校官方核验后补充。,1601,active
郑州电力高等专科学校,郑州电力高等专科学校,4141011828,河南省,郑州市,未分类,专科,false,,,教育部全国普通高等学校名单记录：主管部门=河南省；办学层次=专科。官网与研究生院链接待逐校官方核验后补充。,1602,active
许昌职业技术学院,许昌职业技术学院,4141012067,河南省,许昌市,未分类,专科,false,,,教育部全国普通高等学校名单记录：主管部门=河南省；办学层次=专科。官网与研究生院链接待逐校官方核验后补充。,1603,active
河南工业和信息化职业学院,河南工业和信息化职业学院,4141012581,河南省,焦作市,未分类,专科,false,,,教育部全国普通高等学校名单记录：主管部门=河南省；办学层次=专科。官网与研究生院链接待逐校官方核验后补充。,1604,active
河南水利与环境职业学院,河南水利与环境职业学院,4141012582,河南省,郑州市,未分类,专科,false,,,教育部全国普通高等学校名单记录：主管部门=河南省；办学层次=专科。官网与研究生院链接待逐校官方核验后补充。,1605,active
商丘职业技术学院,商丘职业技术学院,4141012745,河南省,商丘市,未分类,专科,false,,,教育部全国普通高等学校名单记录：主管部门=河南省；办学层次=专科。官网与研究生院链接待逐校官方核验后补充。,1606,active
平顶山工业职业技术学院,平顶山工业职业技术学院,4141012748,河南省,平顶山市,未分类,专科,false,,,教育部全国普通高等学校名单记录：主管部门=河南省；办学层次=专科。官网与研究生院链接待逐校官方核验后补充。,1607,active
周口职业技术学院,周口职业技术学院,4141012750,河南省,周口市,未分类,专科,false,,,教育部全国普通高等学校名单记录：主管部门=河南省；办学层次=专科。官网与研究生院链接待逐校官方核验后补充。,1608,active
济源职业技术学院,济源职业技术学院,4141012768,河南省,济源市,未分类,专科,false,,,教育部全国普通高等学校名单记录：主管部门=河南省；办学层次=专科。官网与研究生院链接待逐校官方核验后补充。,1609,active
河南司法警官职业学院,河南司法警官职业学院,4141012781,河南省,郑州市,未分类,专科,false,,,教育部全国普通高等学校名单记录：主管部门=河南省；办学层次=专科。官网与研究生院链接待逐校官方核验后补充。,1610,active
鹤壁职业技术学院,鹤壁职业技术学院,4141012793,河南省,鹤壁市,未分类,专科,false,,,教育部全国普通高等学校名单记录：主管部门=河南省；办学层次=专科。官网与研究生院链接待逐校官方核验后补充。,1611,active
河南工业职业技术学院,河南工业职业技术学院,4141012794,河南省,南阳市,未分类,专科,false,,,教育部全国普通高等学校名单记录：主管部门=河南省；办学层次=专科。官网与研究生院链接待逐校官方核验后补充。,1612,active
焦作师范高等专科学校,焦作师范高等专科学校,4141012950,河南省,焦作市,未分类,专科,false,,,教育部全国普通高等学校名单记录：主管部门=河南省；办学层次=专科。官网与研究生院链接待逐校官方核验后补充。,1613,active
河南检察职业学院,河南检察职业学院,4141013499,河南省,郑州市,未分类,专科,false,,,教育部全国普通高等学校名单记录：主管部门=河南省；办学层次=专科。官网与研究生院链接待逐校官方核验后补充。,1614,active
河南质量工程职业学院,河南质量工程职业学院,4141013564,河南省,平顶山市,未分类,专科,false,,,教育部全国普通高等学校名单记录：主管部门=河南省；办学层次=专科。官网与研究生院链接待逐校官方核验后补充。,1615,active
郑州信息科技职业学院,郑州信息科技职业学院,4141013565,河南省,郑州市,未分类,专科,false,,,教育部全国普通高等学校名单记录：主管部门=河南省；办学层次=专科。官网与研究生院链接待逐校官方核验后补充。,1616,active
漯河医学高等专科学校,漯河医学高等专科学校,4141013780,河南省,漯河市,未分类,专科,false,,,教育部全国普通高等学校名单记录：主管部门=河南省；办学层次=专科。官网与研究生院链接待逐校官方核验后补充。,1617,active
南阳医学高等专科学校,南阳医学高等专科学校,4141013781,河南省,南阳市,未分类,专科,false,,,教育部全国普通高等学校名单记录：主管部门=河南省；办学层次=专科。官网与研究生院链接待逐校官方核验后补充。,1618,active
商丘医学高等专科学校,商丘医学高等专科学校,4141013782,河南省,商丘市,未分类,专科,false,,,教育部全国普通高等学校名单记录：主管部门=河南省；办学层次=专科。官网与研究生院链接待逐校官方核验后补充。,1619,active
郑州电子信息职业技术学院,郑州电子信息职业技术学院,4141013783,河南省,郑州市,未分类,专科,false,,,教育部全国普通高等学校名单记录：主管部门=河南省教育厅；办学层次=专科；备注=民办。官网与研究生院链接待逐校官方核验后补充。,1620,active
信阳职业技术学院,信阳职业技术学院,4141013784,河南省,信阳市,未分类,专科,false,,,教育部全国普通高等学校名单记录：主管部门=河南省；办学层次=专科。官网与研究生院链接待逐校官方核验后补充。,1621,active
嵩山少林武术职业学院,嵩山少林武术职业学院,4141013785,河南省,郑州市,未分类,专科,false,,,教育部全国普通高等学校名单记录：主管部门=河南省教育厅；办学层次=专科；备注=民办。官网与研究生院链接待逐校官方核验后补充。,1622,active
郑州工业安全职业学院,郑州工业安全职业学院,4141013786,河南省,郑州市,未分类,专科,false,,,教育部全国普通高等学校名单记录：主管部门=河南省；办学层次=专科。官网与研究生院链接待逐校官方核验后补充。,1623,active
永城职业学院,永城职业学院,4141013787,河南省,商丘市,未分类,专科,false,,,教育部全国普通高等学校名单记录：主管部门=河南省；办学层次=专科。官网与研究生院链接待逐校官方核验后补充。,1624,active
河南经贸职业学院,河南经贸职业学院,4141013788,河南省,郑州市,未分类,专科,false,,,教育部全国普通高等学校名单记录：主管部门=河南省；办学层次=专科。官网与研究生院链接待逐校官方核验后补充。,1625,active
河南交通职业技术学院,河南交通职业技术学院,4141013789,河南省,郑州市,未分类,专科,false,,,教育部全国普通高等学校名单记录：主管部门=河南省；办学层次=专科。官网与研究生院链接待逐校官方核验后补充。,1626,active
河南农业职业学院,河南农业职业学院,4141013790,河南省,郑州市,未分类,专科,false,,,教育部全国普通高等学校名单记录：主管部门=河南省；办学层次=专科。官网与研究生院链接待逐校官方核验后补充。,1627,active
郑州旅游职业学院,郑州旅游职业学院,4141013791,河南省,郑州市,未分类,专科,false,,,教育部全国普通高等学校名单记录：主管部门=河南省；办学层次=专科。官网与研究生院链接待逐校官方核验后补充。,1628,active
郑州职业技术学院,郑州职业技术学院,4141013792,河南省,郑州市,未分类,专科,false,,,教育部全国普通高等学校名单记录：主管部门=河南省；办学层次=专科。官网与研究生院链接待逐校官方核验后补充。,1629,active
河南信息统计职业学院,河南信息统计职业学院,4141013885,河南省,郑州市,未分类,专科,false,,,教育部全国普通高等学校名单记录：主管部门=河南省；办学层次=专科。官网与研究生院链接待逐校官方核验后补充。,1630,active
河南林业职业学院,河南林业职业学院,4141013889,河南省,洛阳市,未分类,专科,false,,,教育部全国普通高等学校名单记录：主管部门=河南省；办学层次=专科。官网与研究生院链接待逐校官方核验后补充。,1631,active
河南工业贸易职业学院,河南工业贸易职业学院,4141013936,河南省,郑州市,未分类,专科,false,,,教育部全国普通高等学校名单记录：主管部门=河南省；办学层次=专科。官网与研究生院链接待逐校官方核验后补充。,1632,active
郑州电力职业技术学院,郑州电力职业技术学院,4141014062,河南省,郑州市,未分类,专科,false,,,教育部全国普通高等学校名单记录：主管部门=河南省教育厅；办学层次=专科；备注=民办。官网与研究生院链接待逐校官方核验后补充。,1633,active
河南建筑职业技术学院,河南建筑职业技术学院,4141014181,河南省,郑州市,未分类,专科,false,,,教育部全国普通高等学校名单记录：主管部门=河南省；办学层次=专科。官网与研究生院链接待逐校官方核验后补充。,1634,active
郑州城市职业学院,郑州城市职业学院,4141014235,河南省,郑州市,未分类,专科,false,,,教育部全国普通高等学校名单记录：主管部门=河南省教育厅；办学层次=专科；备注=民办。官网与研究生院链接待逐校官方核验后补充。,1635,active
安阳职业技术学院,安阳职业技术学院,4141014243,河南省,安阳市,未分类,专科,false,,,教育部全国普通高等学校名单记录：主管部门=河南省；办学层次=专科。官网与研究生院链接待逐校官方核验后补充。,1636,active
新乡职业技术学院,新乡职业技术学院,4141014245,河南省,新乡市,未分类,专科,false,,,教育部全国普通高等学校名单记录：主管部门=河南省；办学层次=专科。官网与研究生院链接待逐校官方核验后补充。,1637,active
驻马店职业技术学院,驻马店职业技术学院,4141014251,河南省,驻马店市,未分类,专科,false,,,教育部全国普通高等学校名单记录：主管部门=河南省；办学层次=专科。官网与研究生院链接待逐校官方核验后补充。,1638,active
焦作工贸职业学院,焦作工贸职业学院,4141014300,河南省,焦作市,未分类,专科,false,,,教育部全国普通高等学校名单记录：主管部门=河南省教育厅；办学层次=专科；备注=民办。官网与研究生院链接待逐校官方核验后补充。,1639,active
许昌陶瓷职业学院,许昌陶瓷职业学院,4141014301,河南省,许昌市,未分类,专科,false,,,教育部全国普通高等学校名单记录：主管部门=河南省教育厅；办学层次=专科；备注=民办。官网与研究生院链接待逐校官方核验后补充。,1640,active
郑州理工职业学院,郑州理工职业学院,4141014302,河南省,郑州市,未分类,专科,false,,,教育部全国普通高等学校名单记录：主管部门=河南省教育厅；办学层次=专科；备注=民办。官网与研究生院链接待逐校官方核验后补充。,1641,active
郑州信息工程职业学院,郑州信息工程职业学院,4141014303,河南省,郑州市,未分类,专科,false,,,教育部全国普通高等学校名单记录：主管部门=河南省教育厅；办学层次=专科；备注=民办。官网与研究生院链接待逐校官方核验后补充。,1642,active
长垣烹饪职业技术学院,长垣烹饪职业技术学院,4141014305,河南省,新乡市,未分类,专科,false,,,教育部全国普通高等学校名单记录：主管部门=河南省教育厅；办学层次=专科；备注=民办。官网与研究生院链接待逐校官方核验后补充。,1643,active
开封文化艺术职业学院,开封文化艺术职业学院,4141014306,河南省,开封市,未分类,专科,false,,,教育部全国普通高等学校名单记录：主管部门=河南省；办学层次=专科。官网与研究生院链接待逐校官方核验后补充。,1644,active
河南应用技术职业学院,河南应用技术职业学院,4141014307,河南省,郑州市,未分类,专科,false,,,教育部全国普通高等学校名单记录：主管部门=河南省；办学层次=专科。官网与研究生院链接待逐校官方核验后补充。,1645,active
河南艺术职业学院,河南艺术职业学院,4141014308,河南省,郑州市,未分类,专科,false,,,教育部全国普通高等学校名单记录：主管部门=河南省；办学层次=专科。官网与研究生院链接待逐校官方核验后补充。,1646,active
河南机电职业学院,河南机电职业学院,4141014348,河南省,郑州市,未分类,专科,false,,,教育部全国普通高等学校名单记录：主管部门=河南省；办学层次=专科。官网与研究生院链接待逐校官方核验后补充。,1647,active
河南护理职业学院,河南护理职业学院,4141014349,河南省,安阳市,未分类,专科,false,,,教育部全国普通高等学校名单记录：主管部门=河南省；办学层次=专科。官网与研究生院链接待逐校官方核验后补充。,1648,active
许昌电气职业学院,许昌电气职业学院,4141014350,河南省,许昌市,未分类,专科,false,,,教育部全国普通高等学校名单记录：主管部门=河南省；办学层次=专科。官网与研究生院链接待逐校官方核验后补充。,1649,active
信阳涉外职业技术学院,信阳涉外职业技术学院,4141014351,河南省,信阳市,未分类,专科,false,,,教育部全国普通高等学校名单记录：主管部门=河南省教育厅；办学层次=专科；备注=民办。官网与研究生院链接待逐校官方核验后补充。,1650,active
鹤壁汽车工程职业学院,鹤壁汽车工程职业学院,4141014352,河南省,鹤壁市,未分类,专科,false,,,教育部全国普通高等学校名单记录：主管部门=河南省教育厅；办学层次=专科；备注=民办。官网与研究生院链接待逐校官方核验后补充。,1651,active
南阳职业学院,南阳职业学院,4141014353,河南省,南阳市,未分类,专科,false,,,教育部全国普通高等学校名单记录：主管部门=河南省教育厅；办学层次=专科；备注=民办。官网与研究生院链接待逐校官方核验后补充。,1652,active
郑州商贸旅游职业学院,郑州商贸旅游职业学院,4141014380,河南省,郑州市,未分类,专科,false,,,教育部全国普通高等学校名单记录：主管部门=河南省教育厅；办学层次=专科；备注=民办。官网与研究生院链接待逐校官方核验后补充。,1653,active
河南推拿职业学院,河南推拿职业学院,4141014382,河南省,洛阳市,未分类,专科,false,,,教育部全国普通高等学校名单记录：主管部门=河南省；办学层次=专科。官网与研究生院链接待逐校官方核验后补充。,1654,active
洛阳职业技术学院,洛阳职业技术学院,4141014383,河南省,洛阳市,未分类,专科,false,,,教育部全国普通高等学校名单记录：主管部门=河南省；办学层次=专科。官网与研究生院链接待逐校官方核验后补充。,1655,active
郑州幼儿师范高等专科学校,郑州幼儿师范高等专科学校,4141014391,河南省,郑州市,未分类,专科,false,,,教育部全国普通高等学校名单记录：主管部门=河南省；办学层次=专科。官网与研究生院链接待逐校官方核验后补充。,1656,active
安阳幼儿师范高等专科学校,安阳幼儿师范高等专科学校,4141014392,河南省,安阳市,未分类,专科,false,,,教育部全国普通高等学校名单记录：主管部门=河南省；办学层次=专科。官网与研究生院链接待逐校官方核验后补充。,1657,active
郑州黄河护理职业学院,郑州黄河护理职业学院,4141014405,河南省,郑州市,未分类,专科,false,,,教育部全国普通高等学校名单记录：主管部门=河南省教育厅；办学层次=专科；备注=民办。官网与研究生院链接待逐校官方核验后补充。,1658,active
河南医学高等专科学校,河南医学高等专科学校,4141014466,河南省,郑州市,未分类,专科,false,,,教育部全国普通高等学校名单记录：主管部门=河南省；办学层次=专科。官网与研究生院链接待逐校官方核验后补充。,1659,active
郑州财税金融职业学院,郑州财税金融职业学院,4141014478,河南省,郑州市,未分类,专科,false,,,教育部全国普通高等学校名单记录：主管部门=河南省；办学层次=专科。官网与研究生院链接待逐校官方核验后补充。,1660,active
南阳农业职业学院,南阳农业职业学院,4141014479,河南省,南阳市,未分类,专科,false,,,教育部全国普通高等学校名单记录：主管部门=河南省；办学层次=专科。官网与研究生院链接待逐校官方核验后补充。,1661,active
洛阳科技职业学院,洛阳科技职业学院,4141014480,河南省,洛阳市,未分类,专科,false,,,教育部全国普通高等学校名单记录：主管部门=河南省教育厅；办学层次=专科；备注=民办。官网与研究生院链接待逐校官方核验后补充。,1662,active
鹤壁能源化工职业学院,鹤壁能源化工职业学院,4141014529,河南省,鹤壁市,未分类,专科,false,,,教育部全国普通高等学校名单记录：主管部门=河南省；办学层次=专科。官网与研究生院链接待逐校官方核验后补充。,1663,active
平顶山文化艺术职业学院,平顶山文化艺术职业学院,4141014530,河南省,平顶山市,未分类,专科,false,,,教育部全国普通高等学校名单记录：主管部门=河南省教育厅；办学层次=专科；备注=民办。官网与研究生院链接待逐校官方核验后补充。,1664,active
濮阳医学高等专科学校,濮阳医学高等专科学校,4141014597,河南省,濮阳市,未分类,专科,false,,,教育部全国普通高等学校名单记录：主管部门=河南省；办学层次=专科。官网与研究生院链接待逐校官方核验后补充。,1665,active
驻马店幼儿师范高等专科学校,驻马店幼儿师范高等专科学校,4141014598,河南省,驻马店市,未分类,专科,false,,,教育部全国普通高等学校名单记录：主管部门=河南省；办学层次=专科。官网与研究生院链接待逐校官方核验后补充。,1666,active
三门峡社会管理职业学院,三门峡社会管理职业学院,4141014606,河南省,三门峡市,未分类,专科,false,,,教育部全国普通高等学校名单记录：主管部门=河南省；办学层次=专科。官网与研究生院链接待逐校官方核验后补充。,1667,active
河南轻工职业学院,河南轻工职业学院,4141014607,河南省,郑州市,未分类,专科,false,,,教育部全国普通高等学校名单记录：主管部门=河南省；办学层次=专科。官网与研究生院链接待逐校官方核验后补充。,1668,active
河南测绘职业学院,河南测绘职业学院,4141014608,河南省,郑州市,未分类,专科,false,,,教育部全国普通高等学校名单记录：主管部门=河南省；办学层次=专科。官网与研究生院链接待逐校官方核验后补充。,1669,active
信阳航空职业学院,信阳航空职业学院,4141014634,河南省,信阳市,未分类,专科,false,,,教育部全国普通高等学校名单记录：主管部门=河南省教育厅；办学层次=专科；备注=民办。官网与研究生院链接待逐校官方核验后补充。,1670,active
郑州卫生健康职业学院,郑州卫生健康职业学院,4141014635,河南省,郑州市,未分类,专科,false,,,教育部全国普通高等学校名单记录：主管部门=河南省；办学层次=专科。官网与研究生院链接待逐校官方核验后补充。,1671,active
河南物流职业学院,河南物流职业学院,4141014636,河南省,新乡市,未分类,专科,false,,,教育部全国普通高等学校名单记录：主管部门=河南省；办学层次=专科。官网与研究生院链接待逐校官方核验后补充。,1672,active
河南地矿职业学院,河南地矿职业学院,4141014637,河南省,郑州市,未分类,专科,false,,,教育部全国普通高等学校名单记录：主管部门=河南省；办学层次=专科。官网与研究生院链接待逐校官方核验后补充。,1673,active
郑州亚欧交通职业学院,郑州亚欧交通职业学院,4141014685,河南省,郑州市,未分类,专科,false,,,教育部全国普通高等学校名单记录：主管部门=河南省教育厅；办学层次=专科；备注=中外合作办学及内地与港澳合作办学。官网与研究生院链接待逐校官方核验后补充。,1674,active
河南女子职业学院,河南女子职业学院,4141014711,河南省,新乡市,未分类,专科,false,,,教育部全国普通高等学校名单记录：主管部门=河南省；办学层次=专科。官网与研究生院链接待逐校官方核验后补充。,1675,active
河南对外经济贸易职业学院,河南对外经济贸易职业学院,4141014712,河南省,开封市,未分类,专科,false,,,教育部全国普通高等学校名单记录：主管部门=河南省；办学层次=专科。官网与研究生院链接待逐校官方核验后补充。,1676,active
濮阳石油化工职业技术学院,濮阳石油化工职业技术学院,4141014713,河南省,濮阳市,未分类,专科,false,,,教育部全国普通高等学校名单记录：主管部门=河南省；办学层次=专科。官网与研究生院链接待逐校官方核验后补充。,1677,active
南阳科技职业学院,南阳科技职业学院,4141014714,河南省,南阳市,未分类,专科,false,,,教育部全国普通高等学校名单记录：主管部门=河南省；办学层次=专科。官网与研究生院链接待逐校官方核验后补充。,1678,active
兰考三农职业学院,兰考三农职业学院,4141014715,河南省,开封市,未分类,专科,false,,,教育部全国普通高等学校名单记录：主管部门=河南省；办学层次=专科。官网与研究生院链接待逐校官方核验后补充。,1679,active
汝州职业技术学院,汝州职业技术学院,4141014716,河南省,平顶山市,未分类,专科,false,,,教育部全国普通高等学校名单记录：主管部门=河南省；办学层次=专科。官网与研究生院链接待逐校官方核验后补充。,1680,active
林州建筑职业技术学院,林州建筑职业技术学院,4141014717,河南省,安阳市,未分类,专科,false,,,教育部全国普通高等学校名单记录：主管部门=河南省教育厅；办学层次=专科；备注=民办。官网与研究生院链接待逐校官方核验后补充。,1681,active
郑州电子商务职业学院,郑州电子商务职业学院,4141014718,河南省,郑州市,未分类,专科,false,,,教育部全国普通高等学校名单记录：主管部门=河南省教育厅；办学层次=专科；备注=民办。官网与研究生院链接待逐校官方核验后补充。,1682,active
郑州轨道工程职业学院,郑州轨道工程职业学院,4141014719,河南省,郑州市,未分类,专科,false,,,教育部全国普通高等学校名单记录：主管部门=河南省教育厅；办学层次=专科；备注=民办。官网与研究生院链接待逐校官方核验后补充。,1683,active
郑州体育职业学院,郑州体育职业学院,4141014720,河南省,郑州市,未分类,专科,false,,,教育部全国普通高等学校名单记录：主管部门=河南省教育厅；办学层次=专科；备注=民办。官网与研究生院链接待逐校官方核验后补充。,1684,active
洛阳文化旅游职业学院,洛阳文化旅游职业学院,4141014750,河南省,洛阳市,未分类,专科,false,,,教育部全国普通高等学校名单记录：主管部门=河南省；办学层次=专科。官网与研究生院链接待逐校官方核验后补充。,1685,active
周口文理职业学院,周口文理职业学院,4141014751,河南省,周口市,未分类,专科,false,,,教育部全国普通高等学校名单记录：主管部门=河南省；办学层次=专科。官网与研究生院链接待逐校官方核验后补充。,1686,active
信阳艺术职业学院,信阳艺术职业学院,4141014752,河南省,信阳市,未分类,专科,false,,,教育部全国普通高等学校名单记录：主管部门=河南省；办学层次=专科。官网与研究生院链接待逐校官方核验后补充。,1687,active
郑州城建职业学院,郑州城建职业学院,4141014753,河南省,郑州市,未分类,专科,false,,,教育部全国普通高等学校名单记录：主管部门=河南省教育厅；办学层次=专科；备注=民办。官网与研究生院链接待逐校官方核验后补充。,1688,active
郑州医药健康职业学院,郑州医药健康职业学院,4141014754,河南省,郑州市,未分类,专科,false,,,教育部全国普通高等学校名单记录：主管部门=河南省教育厅；办学层次=专科；备注=民办。官网与研究生院链接待逐校官方核验后补充。,1689,active
平顶山职业技术学院,平顶山职业技术学院,4241050709,河南省,平顶山市,未分类,专科,false,,,教育部全国普通高等学校名单记录：主管部门=河南省；办学层次=专科。官网与研究生院链接待逐校官方核验后补充。,1690,active
南阳工艺美术职业学院,南阳工艺美术职业学院,4141014789,河南省,南阳市,未分类,专科,false,,,教育部全国普通高等学校名单记录：主管部门=河南省；办学层次=专科。官网与研究生院链接待逐校官方核验后补充。,1691,active
濮阳科技职业学院,濮阳科技职业学院,4141014790,河南省,濮阳市,未分类,专科,false,,,教育部全国普通高等学校名单记录：主管部门=河南省；办学层次=专科。官网与研究生院链接待逐校官方核验后补充。,1692,active
商丘幼儿师范高等专科学校,商丘幼儿师范高等专科学校,4141014791,河南省,商丘市,未分类,专科,false,,,教育部全国普通高等学校名单记录：主管部门=河南省；办学层次=专科。官网与研究生院链接待逐校官方核验后补充。,1693,active
周口理工职业学院,周口理工职业学院,4141014792,河南省,周口市,未分类,专科,false,,,教育部全国普通高等学校名单记录：主管部门=河南省；办学层次=专科。官网与研究生院链接待逐校官方核验后补充。,1694,active
焦作新材料职业学院,焦作新材料职业学院,4141014793,河南省,焦作市,未分类,专科,false,,,教育部全国普通高等学校名单记录：主管部门=河南省教育厅；办学层次=专科；备注=民办。官网与研究生院链接待逐校官方核验后补充。,1695,active
开封职业学院,开封职业学院,4141014794,河南省,开封市,未分类,专科,false,,,教育部全国普通高等学校名单记录：主管部门=河南省教育厅；办学层次=专科；备注=民办。官网与研究生院链接待逐校官方核验后补充。,1696,active
洛阳商业职业学院,洛阳商业职业学院,4141014795,河南省,洛阳市,未分类,专科,false,,,教育部全国普通高等学校名单记录：主管部门=河南省教育厅；办学层次=专科；备注=民办。官网与研究生院链接待逐校官方核验后补充。,1697,active
郑州软件职业技术学院,郑州软件职业技术学院,4141014796,河南省,郑州市,未分类,专科,false,,,教育部全国普通高等学校名单记录：主管部门=河南省教育厅；办学层次=专科；备注=民办。官网与研究生院链接待逐校官方核验后补充。,1698,active
郑州智能科技职业学院,郑州智能科技职业学院,4141014797,河南省,郑州市,未分类,专科,false,,,教育部全国普通高等学校名单记录：主管部门=河南省教育厅；办学层次=专科；备注=民办。官网与研究生院链接待逐校官方核验后补充。,1699,active
郑州食品工程职业学院,郑州食品工程职业学院,4141014812,河南省,郑州市,未分类,专科,false,,,教育部全国普通高等学校名单记录：主管部门=河南省教育厅；办学层次=专科；备注=民办。官网与研究生院链接待逐校官方核验后补充。,1700,active
郑州汽车工程职业学院,郑州汽车工程职业学院,4141014813,河南省,郑州市,未分类,专科,false,,,教育部全国普通高等学校名单记录：主管部门=河南省教育厅；办学层次=专科；备注=民办。官网与研究生院链接待逐校官方核验后补充。,1701,active
驻马店农业工程职业学院,驻马店农业工程职业学院,4141014861,河南省,驻马店市,未分类,专科,false,,,教育部全国普通高等学校名单记录：主管部门=河南省；办学层次=专科。官网与研究生院链接待逐校官方核验后补充。,1702,active
信阳科技职业学院,信阳科技职业学院,4141014862,河南省,信阳市,未分类,专科,false,,,教育部全国普通高等学校名单记录：主管部门=河南省教育厅；办学层次=专科；备注=民办。官网与研究生院链接待逐校官方核验后补充。,1703,active
信阳工程职业学院,信阳工程职业学院,4141014863,河南省,信阳市,未分类,专科,false,,,教育部全国普通高等学校名单记录：主管部门=河南省教育厅；办学层次=专科；备注=民办。官网与研究生院链接待逐校官方核验后补充。,1704,active
周口城市职业学院,周口城市职业学院,4141014864,河南省,周口市,未分类,专科,false,,,教育部全国普通高等学校名单记录：主管部门=河南省教育厅；办学层次=专科；备注=民办。官网与研究生院链接待逐校官方核验后补充。,1705,active
河南新乡工商职业学院,河南新乡工商职业学院,4141014865,河南省,新乡市,未分类,专科,false,,,教育部全国普通高等学校名单记录：主管部门=河南省教育厅；办学层次=专科；备注=民办。官网与研究生院链接待逐校官方核验后补充。,1706,active
开封工程职业学院,开封工程职业学院,4141014929,河南省,开封市,未分类,专科,false,,,教育部全国普通高等学校名单记录：主管部门=河南省教育厅；办学层次=专科；备注=民办。官网与研究生院链接待逐校官方核验后补充。,1707,active
开封智慧健康职业学院,开封智慧健康职业学院,4141014930,河南省,开封市,未分类,专科,false,,,教育部全国普通高等学校名单记录：主管部门=河南省教育厅；办学层次=专科；备注=民办。官网与研究生院链接待逐校官方核验后补充。,1708,active
周口智慧能源职业学院,周口智慧能源职业学院,4141014931,河南省,周口市,未分类,专科,false,,,教育部全国普通高等学校名单记录：主管部门=河南省教育厅；办学层次=专科；备注=民办。官网与研究生院链接待逐校官方核验后补充。,1709,active
平顶山科技职业学院,平顶山科技职业学院,4141014932,河南省,平顶山市,未分类,专科,false,,,教育部全国普通高等学校名单记录：主管部门=河南省教育厅；办学层次=专科；备注=民办。官网与研究生院链接待逐校官方核验后补充。,1710,active
武汉大学,武汉大学,4142010486,湖北省,武汉市,未分类,本科,false,,,教育部全国普通高等学校名单记录：主管部门=教育部；办学层次=本科。官网与研究生院链接待逐校官方核验后补充。,1711,active
华中科技大学,华中科技大学,4142010487,湖北省,武汉市,未分类,本科,false,,,教育部全国普通高等学校名单记录：主管部门=教育部；办学层次=本科。官网与研究生院链接待逐校官方核验后补充。,1712,active
武汉科技大学,武汉科技大学,4142010488,湖北省,武汉市,未分类,本科,false,,,教育部全国普通高等学校名单记录：主管部门=湖北省；办学层次=本科。官网与研究生院链接待逐校官方核验后补充。,1713,active
长江大学,长江大学,4142010489,湖北省,荆州市,未分类,本科,false,,,教育部全国普通高等学校名单记录：主管部门=湖北省；办学层次=本科。官网与研究生院链接待逐校官方核验后补充。,1714,active
武汉工程大学,武汉工程大学,4142010490,湖北省,武汉市,未分类,本科,false,,,教育部全国普通高等学校名单记录：主管部门=湖北省；办学层次=本科。官网与研究生院链接待逐校官方核验后补充。,1715,active
中国地质大学（武汉）,中国地质大学（武汉）,4142010491,湖北省,武汉市,未分类,本科,false,,,教育部全国普通高等学校名单记录：主管部门=教育部；办学层次=本科。官网与研究生院链接待逐校官方核验后补充。,1716,active
武汉纺织大学,武汉纺织大学,4142010495,湖北省,武汉市,未分类,本科,false,,,教育部全国普通高等学校名单记录：主管部门=湖北省；办学层次=本科。官网与研究生院链接待逐校官方核验后补充。,1717,active
武汉轻工大学,武汉轻工大学,4142010496,湖北省,武汉市,未分类,本科,false,,,教育部全国普通高等学校名单记录：主管部门=湖北省；办学层次=本科。官网与研究生院链接待逐校官方核验后补充。,1718,active
武汉理工大学,武汉理工大学,4142010497,湖北省,武汉市,未分类,本科,false,,,教育部全国普通高等学校名单记录：主管部门=教育部；办学层次=本科。官网与研究生院链接待逐校官方核验后补充。,1719,active
湖北工业大学,湖北工业大学,4142010500,湖北省,武汉市,未分类,本科,false,,,教育部全国普通高等学校名单记录：主管部门=湖北省；办学层次=本科。官网与研究生院链接待逐校官方核验后补充。,1720,active
华中农业大学,华中农业大学,4142010504,湖北省,武汉市,未分类,本科,false,,,教育部全国普通高等学校名单记录：主管部门=教育部；办学层次=本科。官网与研究生院链接待逐校官方核验后补充。,1721,active
湖北中医药大学,湖北中医药大学,4142010507,湖北省,武汉市,未分类,本科,false,,,教育部全国普通高等学校名单记录：主管部门=湖北省；办学层次=本科。官网与研究生院链接待逐校官方核验后补充。,1722,active
华中师范大学,华中师范大学,4142010511,湖北省,武汉市,未分类,本科,false,,,教育部全国普通高等学校名单记录：主管部门=教育部；办学层次=本科。官网与研究生院链接待逐校官方核验后补充。,1723,active
湖北大学,湖北大学,4142010512,湖北省,武汉市,未分类,本科,false,,,教育部全国普通高等学校名单记录：主管部门=湖北省；办学层次=本科。官网与研究生院链接待逐校官方核验后补充。,1724,active
湖北师范大学,湖北师范大学,4142010513,湖北省,黄石市,未分类,本科,false,,,教育部全国普通高等学校名单记录：主管部门=湖北省；办学层次=本科。官网与研究生院链接待逐校官方核验后补充。,1725,active
黄冈师范学院,黄冈师范学院,4142010514,湖北省,黄冈市,未分类,本科,false,,,教育部全国普通高等学校名单记录：主管部门=湖北省；办学层次=本科。官网与研究生院链接待逐校官方核验后补充。,1726,active
湖北民族大学,湖北民族大学,4142010517,湖北省,恩施土家族苗族自治州,未分类,本科,false,,,教育部全国普通高等学校名单记录：主管部门=湖北省；办学层次=本科。官网与研究生院链接待逐校官方核验后补充。,1727,active
汉江师范学院,汉江师范学院,4142010518,湖北省,十堰市,未分类,本科,false,,,教育部全国普通高等学校名单记录：主管部门=湖北省；办学层次=本科。官网与研究生院链接待逐校官方核验后补充。,1728,active
湖北文理学院,湖北文理学院,4142010519,湖北省,襄阳市,未分类,本科,false,,,教育部全国普通高等学校名单记录：主管部门=湖北省；办学层次=本科。官网与研究生院链接待逐校官方核验后补充。,1729,active
中南财经政法大学,中南财经政法大学,4142010520,湖北省,武汉市,未分类,本科,false,,,教育部全国普通高等学校名单记录：主管部门=教育部；办学层次=本科。官网与研究生院链接待逐校官方核验后补充。,1730,active
武汉体育学院,武汉体育学院,4142010522,湖北省,武汉市,未分类,本科,false,,,教育部全国普通高等学校名单记录：主管部门=湖北省；办学层次=本科。官网与研究生院链接待逐校官方核验后补充。,1731,active
湖北美术学院,湖北美术学院,4142010523,湖北省,武汉市,未分类,本科,false,,,教育部全国普通高等学校名单记录：主管部门=湖北省；办学层次=本科。官网与研究生院链接待逐校官方核验后补充。,1732,active
中南民族大学,中南民族大学,4142010524,湖北省,武汉市,未分类,本科,false,,,教育部全国普通高等学校名单记录：主管部门=国家民委；办学层次=本科。官网与研究生院链接待逐校官方核验后补充。,1733,active
湖北汽车工业学院,湖北汽车工业学院,4142010525,湖北省,十堰市,未分类,本科,false,,,教育部全国普通高等学校名单记录：主管部门=湖北省；办学层次=本科。官网与研究生院链接待逐校官方核验后补充。,1734,active
湖北工程学院,湖北工程学院,4142010528,湖北省,孝感市,未分类,本科,false,,,教育部全国普通高等学校名单记录：主管部门=湖北省；办学层次=本科。官网与研究生院链接待逐校官方核验后补充。,1735,active
湖北理工学院,湖北理工学院,4142010920,湖北省,黄石市,未分类,本科,false,,,教育部全国普通高等学校名单记录：主管部门=湖北省；办学层次=本科。官网与研究生院链接待逐校官方核验后补充。,1736,active
湖北科技学院,湖北科技学院,4142010927,湖北省,咸宁市,未分类,本科,false,,,教育部全国普通高等学校名单记录：主管部门=湖北省；办学层次=本科。官网与研究生院链接待逐校官方核验后补充。,1737,active
湖北医药学院,湖北医药学院,4142010929,湖北省,十堰市,未分类,本科,false,,,教育部全国普通高等学校名单记录：主管部门=湖北省；办学层次=本科。官网与研究生院链接待逐校官方核验后补充。,1738,active
江汉大学,江汉大学,4142011072,湖北省,武汉市,未分类,本科,false,,,教育部全国普通高等学校名单记录：主管部门=湖北省；办学层次=本科。官网与研究生院链接待逐校官方核验后补充。,1739,active
三峡大学,三峡大学,4142011075,湖北省,宜昌市,未分类,本科,false,,,教育部全国普通高等学校名单记录：主管部门=湖北省；办学层次=本科。官网与研究生院链接待逐校官方核验后补充。,1740,active
湖北警官学院,湖北警官学院,4142011332,湖北省,武汉市,未分类,本科,false,,,教育部全国普通高等学校名单记录：主管部门=湖北省；办学层次=本科。官网与研究生院链接待逐校官方核验后补充。,1741,active
荆楚理工学院,荆楚理工学院,4142011336,湖北省,荆门市,未分类,本科,false,,,教育部全国普通高等学校名单记录：主管部门=湖北省；办学层次=本科。官网与研究生院链接待逐校官方核验后补充。,1742,active
武汉音乐学院,武汉音乐学院,4142011524,湖北省,武汉市,未分类,本科,false,,,教育部全国普通高等学校名单记录：主管部门=湖北省；办学层次=本科。官网与研究生院链接待逐校官方核验后补充。,1743,active
湖北经济学院,湖北经济学院,4142011600,湖北省,武汉市,未分类,本科,false,,,教育部全国普通高等学校名单记录：主管部门=湖北省；办学层次=本科。官网与研究生院链接待逐校官方核验后补充。,1744,active
武汉商学院,武汉商学院,4142011654,湖北省,武汉市,未分类,本科,false,,,教育部全国普通高等学校名单记录：主管部门=湖北省；办学层次=本科。官网与研究生院链接待逐校官方核验后补充。,1745,active
武汉东湖学院,武汉东湖学院,4142011798,湖北省,武汉市,未分类,本科,false,,,教育部全国普通高等学校名单记录：主管部门=湖北省教育厅；办学层次=本科；备注=民办。官网与研究生院链接待逐校官方核验后补充。,1746,active
汉口学院,汉口学院,4142011800,湖北省,武汉市,未分类,本科,false,,,教育部全国普通高等学校名单记录：主管部门=湖北省教育厅；办学层次=本科；备注=民办。官网与研究生院链接待逐校官方核验后补充。,1747,active
武昌首义学院,武昌首义学院,4142012309,湖北省,武汉市,未分类,本科,false,,,教育部全国普通高等学校名单记录：主管部门=湖北省教育厅；办学层次=本科；备注=民办。官网与研究生院链接待逐校官方核验后补充。,1748,active
武昌理工学院,武昌理工学院,4142012310,湖北省,武汉市,未分类,本科,false,,,教育部全国普通高等学校名单记录：主管部门=湖北省教育厅；办学层次=本科；备注=民办。官网与研究生院链接待逐校官方核验后补充。,1749,active
武汉生物工程学院,武汉生物工程学院,4142012362,湖北省,武汉市,未分类,本科,false,,,教育部全国普通高等学校名单记录：主管部门=湖北省教育厅；办学层次=本科；备注=民办。官网与研究生院链接待逐校官方核验后补充。,1750,active
武汉晴川学院,武汉晴川学院,4142013188,湖北省,武汉市,未分类,本科,false,,,教育部全国普通高等学校名单记录：主管部门=湖北省教育厅；办学层次=本科；备注=民办。官网与研究生院链接待逐校官方核验后补充。,1751,active
湖北大学知行学院,湖北大学知行学院,4142013234,湖北省,武汉市,未分类,本科,false,,,教育部全国普通高等学校名单记录：主管部门=湖北省教育厅；办学层次=本科；备注=民办。官网与研究生院链接待逐校官方核验后补充。,1752,active
武汉城市学院,武汉城市学院,4142013235,湖北省,武汉市,未分类,本科,false,,,教育部全国普通高等学校名单记录：主管部门=湖北省教育厅；办学层次=本科；备注=民办。官网与研究生院链接待逐校官方核验后补充。,1753,active
三峡大学科技学院,三峡大学科技学院,4142013236,湖北省,宜昌市,未分类,本科,false,,,教育部全国普通高等学校名单记录：主管部门=湖北省教育厅；办学层次=本科；备注=民办。官网与研究生院链接待逐校官方核验后补充。,1754,active
武汉文理学院,武汉文理学院,4142013237,湖北省,武汉市,未分类,本科,false,,,教育部全国普通高等学校名单记录：主管部门=湖北省教育厅；办学层次=本科；备注=民办。官网与研究生院链接待逐校官方核验后补充。,1755,active
湖北工业大学工程技术学院,湖北工业大学工程技术学院,4142013238,湖北省,武汉市,未分类,本科,false,,,教育部全国普通高等学校名单记录：主管部门=湖北省教育厅；办学层次=本科；备注=民办。官网与研究生院链接待逐校官方核验后补充。,1756,active
武汉工程大学邮电与信息工程学院,武汉工程大学邮电与信息工程学院,4142013239,湖北省,武汉市,未分类,本科,false,,,教育部全国普通高等学校名单记录：主管部门=湖北省教育厅；办学层次=本科；备注=民办。官网与研究生院链接待逐校官方核验后补充。,1757,active
武汉纺织大学外经贸学院,武汉纺织大学外经贸学院,4142013240,湖北省,武汉市,未分类,本科,false,,,教育部全国普通高等学校名单记录：主管部门=湖北省教育厅；办学层次=本科；备注=民办。官网与研究生院链接待逐校官方核验后补充。,1758,active
武昌工学院,武昌工学院,4142013241,湖北省,武汉市,未分类,本科,false,,,教育部全国普通高等学校名单记录：主管部门=湖北省教育厅；办学层次=本科；备注=民办。官网与研究生院链接待逐校官方核验后补充。,1759,active
武汉工商学院,武汉工商学院,4142013242,湖北省,武汉市,未分类,本科,false,,,教育部全国普通高等学校名单记录：主管部门=湖北省教育厅；办学层次=本科；备注=民办。官网与研究生院链接待逐校官方核验后补充。,1760,active
荆州学院,荆州学院,4142013245,湖北省,荆州市,未分类,本科,false,,,教育部全国普通高等学校名单记录：主管部门=湖北省教育厅；办学层次=本科；备注=民办。官网与研究生院链接待逐校官方核验后补充。,1761,active
长江大学文理学院,长江大学文理学院,4142013246,湖北省,荆州市,未分类,本科,false,,,教育部全国普通高等学校名单记录：主管部门=湖北省教育厅；办学层次=本科；备注=民办。官网与研究生院链接待逐校官方核验后补充。,1762,active
湖北商贸学院,湖北商贸学院,4142013247,湖北省,武汉市,未分类,本科,false,,,教育部全国普通高等学校名单记录：主管部门=湖北省教育厅；办学层次=本科；备注=民办。官网与研究生院链接待逐校官方核验后补充。,1763,active
湖北汽车工业学院科技学院,湖北汽车工业学院科技学院,4142013248,湖北省,十堰市,未分类,本科,false,,,教育部全国普通高等学校名单记录：主管部门=湖北省教育厅；办学层次=本科；备注=民办。官网与研究生院链接待逐校官方核验后补充。,1764,active
湖北医药学院药护学院,湖北医药学院药护学院,4142013249,湖北省,十堰市,未分类,本科,false,,,教育部全国普通高等学校名单记录：主管部门=湖北省教育厅；办学层次=本科；备注=民办。官网与研究生院链接待逐校官方核验后补充。,1765,active
湖北恩施学院,湖北恩施学院,4142013250,湖北省,恩施土家族苗族自治州,未分类,本科,false,,,教育部全国普通高等学校名单记录：主管部门=湖北省教育厅；办学层次=本科；备注=民办。官网与研究生院链接待逐校官方核验后补充。,1766,active
湖北经济学院法商学院,湖北经济学院法商学院,4142013251,湖北省,武汉市,未分类,本科,false,,,教育部全国普通高等学校名单记录：主管部门=湖北省教育厅；办学层次=本科；备注=民办。官网与研究生院链接待逐校官方核验后补充。,1767,active
武汉体育学院体育科技学院,武汉体育学院体育科技学院,4142013253,湖北省,武汉市,未分类,本科,false,,,教育部全国普通高等学校名单记录：主管部门=湖北省教育厅；办学层次=本科；备注=民办。官网与研究生院链接待逐校官方核验后补充。,1768,active
湖北师范大学文理学院,湖北师范大学文理学院,4142013256,湖北省,黄石市,未分类,本科,false,,,教育部全国普通高等学校名单记录：主管部门=湖北省教育厅；办学层次=本科；备注=民办。官网与研究生院链接待逐校官方核验后补充。,1769,active
湖北文理学院理工学院,湖北文理学院理工学院,4142013257,湖北省,襄阳市,未分类,本科,false,,,教育部全国普通高等学校名单记录：主管部门=湖北省教育厅；办学层次=本科；备注=民办。官网与研究生院链接待逐校官方核验后补充。,1770,active
湖北工程学院新技术学院,湖北工程学院新技术学院,4142013258,湖北省,孝感市,未分类,本科,false,,,教育部全国普通高等学校名单记录：主管部门=湖北省教育厅；办学层次=本科；备注=民办。官网与研究生院链接待逐校官方核验后补充。,1771,active
文华学院,文华学院,4142013262,湖北省,武汉市,未分类,本科,false,,,教育部全国普通高等学校名单记录：主管部门=湖北省教育厅；办学层次=本科；备注=民办。官网与研究生院链接待逐校官方核验后补充。,1772,active
武汉学院,武汉学院,4142013634,湖北省,武汉市,未分类,本科,false,,,教育部全国普通高等学校名单记录：主管部门=湖北省教育厅；办学层次=本科；备注=民办。官网与研究生院链接待逐校官方核验后补充。,1773,active
武汉工程科技学院,武汉工程科技学院,4142013664,湖北省,武汉市,未分类,本科,false,,,教育部全国普通高等学校名单记录：主管部门=湖北省教育厅；办学层次=本科；备注=民办。官网与研究生院链接待逐校官方核验后补充。,1774,active
武汉华夏理工学院,武汉华夏理工学院,4142013666,湖北省,武汉市,未分类,本科,false,,,教育部全国普通高等学校名单记录：主管部门=湖北省教育厅；办学层次=本科；备注=民办。官网与研究生院链接待逐校官方核验后补充。,1775,active
武汉传媒学院,武汉传媒学院,4142013686,湖北省,武汉市,未分类,本科,false,,,教育部全国普通高等学校名单记录：主管部门=湖北省教育厅；办学层次=本科；备注=民办。官网与研究生院链接待逐校官方核验后补充。,1776,active
武汉设计工程学院,武汉设计工程学院,4142014035,湖北省,武汉市,未分类,本科,false,,,教育部全国普通高等学校名单记录：主管部门=湖北省教育厅；办学层次=本科；备注=民办。官网与研究生院链接待逐校官方核验后补充。,1777,active
湖北第二师范学院,湖北第二师范学院,4142014099,湖北省,武汉市,未分类,本科,false,,,教育部全国普通高等学校名单记录：主管部门=湖北省；办学层次=本科。官网与研究生院链接待逐校官方核验后补充。,1778,active
武汉职业技术大学,武汉职业技术大学,4142010834,湖北省,武汉市,未分类,本科,false,,,教育部全国普通高等学校名单记录：主管部门=湖北省；办学层次=本科。官网与研究生院链接待逐校官方核验后补充。,1779,active
湖北三峡航空学院,湖北三峡航空学院,4142014899,湖北省,宜昌市,未分类,本科,false,,,教育部全国普通高等学校名单记录：主管部门=湖北省教育厅；办学层次=本科；备注=民办。官网与研究生院链接待逐校官方核验后补充。,1780,active
黄冈职业技术学院,黄冈职业技术学院,4142010955,湖北省,黄冈市,未分类,专科,false,,,教育部全国普通高等学校名单记录：主管部门=湖北省；办学层次=专科。官网与研究生院链接待逐校官方核验后补充。,1781,active
长江职业学院,长江职业学院,4142010956,湖北省,武汉市,未分类,专科,false,,,教育部全国普通高等学校名单记录：主管部门=湖北省；办学层次=专科。官网与研究生院链接待逐校官方核验后补充。,1782,active
荆州理工职业学院,荆州理工职业学院,4142011074,湖北省,荆州市,未分类,专科,false,,,教育部全国普通高等学校名单记录：主管部门=湖北省；办学层次=专科。官网与研究生院链接待逐校官方核验后补充。,1783,active
湖北工业职业技术学院,湖北工业职业技术学院,4142011334,湖北省,十堰市,未分类,专科,false,,,教育部全国普通高等学校名单记录：主管部门=湖北省；办学层次=专科。官网与研究生院链接待逐校官方核验后补充。,1784,active
鄂州职业大学,鄂州职业大学,4142011335,湖北省,鄂州市,未分类,专科,false,,,教育部全国普通高等学校名单记录：主管部门=湖北省；办学层次=专科。官网与研究生院链接待逐校官方核验后补充。,1785,active
武汉城市职业学院,武汉城市职业学院,4142011796,湖北省,武汉市,未分类,专科,false,,,教育部全国普通高等学校名单记录：主管部门=湖北省；办学层次=专科。官网与研究生院链接待逐校官方核验后补充。,1786,active
湖北职业技术学院,湖北职业技术学院,4142012051,湖北省,孝感市,未分类,专科,false,,,教育部全国普通高等学校名单记录：主管部门=湖北省；办学层次=专科。官网与研究生院链接待逐校官方核验后补充。,1787,active
武汉船舶职业技术学院,武汉船舶职业技术学院,4142012052,湖北省,武汉市,未分类,专科,false,,,教育部全国普通高等学校名单记录：主管部门=湖北省；办学层次=专科。官网与研究生院链接待逐校官方核验后补充。,1788,active
恩施职业技术学院,恩施职业技术学院,4142012347,湖北省,恩施土家族苗族自治州,未分类,专科,false,,,教育部全国普通高等学校名单记录：主管部门=湖北省；办学层次=专科。官网与研究生院链接待逐校官方核验后补充。,1789,active
襄阳职业技术学院,襄阳职业技术学院,4142012354,湖北省,襄阳市,未分类,专科,false,,,教育部全国普通高等学校名单记录：主管部门=湖北省；办学层次=专科。官网与研究生院链接待逐校官方核验后补充。,1790,active
武汉工贸职业学院,武汉工贸职业学院,4142012369,湖北省,武汉市,未分类,专科,false,,,教育部全国普通高等学校名单记录：主管部门=湖北省教育厅；办学层次=专科；备注=民办。官网与研究生院链接待逐校官方核验后补充。,1791,active
荆州职业技术学院,荆州职业技术学院,4142012737,湖北省,荆州市,未分类,专科,false,,,教育部全国普通高等学校名单记录：主管部门=湖北省；办学层次=专科。官网与研究生院链接待逐校官方核验后补充。,1792,active
武汉工程职业技术学院,武汉工程职业技术学院,4142012738,湖北省,武汉市,未分类,专科,false,,,教育部全国普通高等学校名单记录：主管部门=湖北省；办学层次=专科。官网与研究生院链接待逐校官方核验后补充。,1793,active
仙桃职业学院,仙桃职业学院,4142012740,湖北省,仙桃市,未分类,专科,false,,,教育部全国普通高等学校名单记录：主管部门=湖北省；办学层次=专科。官网与研究生院链接待逐校官方核验后补充。,1794,active
湖北轻工职业技术学院,湖北轻工职业技术学院,4142012744,湖北省,武汉市,未分类,专科,false,,,教育部全国普通高等学校名单记录：主管部门=湖北省；办学层次=专科。官网与研究生院链接待逐校官方核验后补充。,1795,active
湖北交通职业技术学院,湖北交通职业技术学院,4142012752,湖北省,武汉市,未分类,专科,false,,,教育部全国普通高等学校名单记录：主管部门=湖北省；办学层次=专科。官网与研究生院链接待逐校官方核验后补充。,1796,active
湖北中医药高等专科学校,湖北中医药高等专科学校,4142012951,湖北省,荆州市,未分类,专科,false,,,教育部全国普通高等学校名单记录：主管部门=湖北省；办学层次=专科。官网与研究生院链接待逐校官方核验后补充。,1797,active
武汉航海职业技术学院,武汉航海职业技术学院,4142012952,湖北省,武汉市,未分类,专科,false,,,教育部全国普通高等学校名单记录：主管部门=湖北省；办学层次=专科。官网与研究生院链接待逐校官方核验后补充。,1798,active
武汉铁路职业技术学院,武汉铁路职业技术学院,4142012977,湖北省,武汉市,未分类,专科,false,,,教育部全国普通高等学校名单记录：主管部门=湖北省；办学层次=专科。官网与研究生院链接待逐校官方核验后补充。,1799,active
武汉软件工程职业学院,武汉软件工程职业学院,4142012978,湖北省,武汉市,未分类,专科,false,,,教育部全国普通高等学校名单记录：主管部门=湖北省；办学层次=专科。官网与研究生院链接待逐校官方核验后补充。,1800,active
湖北三峡职业技术学院,湖北三峡职业技术学院,4142012979,湖北省,宜昌市,未分类,专科,false,,,教育部全国普通高等学校名单记录：主管部门=湖北省；办学层次=专科。官网与研究生院链接待逐校官方核验后补充。,1801,active
随州职业技术学院,随州职业技术学院,4142012980,湖北省,随州市,未分类,专科,false,,,教育部全国普通高等学校名单记录：主管部门=湖北省；办学层次=专科。官网与研究生院链接待逐校官方核验后补充。,1802,active
武汉电力职业技术学院,武汉电力职业技术学院,4142012981,湖北省,武汉市,未分类,专科,false,,,教育部全国普通高等学校名单记录：主管部门=湖北省；办学层次=专科。官网与研究生院链接待逐校官方核验后补充。,1803,active
湖北水利水电职业技术学院,湖北水利水电职业技术学院,4142012982,湖北省,武汉市,未分类,专科,false,,,教育部全国普通高等学校名单记录：主管部门=湖北省；办学层次=专科。官网与研究生院链接待逐校官方核验后补充。,1804,active
湖北城市建设职业技术学院,湖北城市建设职业技术学院,4142012983,湖北省,武汉市,未分类,专科,false,,,教育部全国普通高等学校名单记录：主管部门=湖北省；办学层次=专科。官网与研究生院链接待逐校官方核验后补充。,1805,active
武汉警官职业学院,武汉警官职业学院,4142012984,湖北省,武汉市,未分类,专科,false,,,教育部全国普通高等学校名单记录：主管部门=湖北省；办学层次=专科。官网与研究生院链接待逐校官方核验后补充。,1806,active
湖北生物科技职业学院,湖北生物科技职业学院,4142012985,湖北省,武汉市,未分类,专科,false,,,教育部全国普通高等学校名单记录：主管部门=湖北省；办学层次=专科。官网与研究生院链接待逐校官方核验后补充。,1807,active
湖北开放职业学院,湖北开放职业学院,4142012986,湖北省,武汉市,未分类,专科,false,,,教育部全国普通高等学校名单记录：主管部门=湖北省教育厅；办学层次=专科；备注=民办。官网与研究生院链接待逐校官方核验后补充。,1808,active
武汉科技职业学院,武汉科技职业学院,4142012987,湖北省,武汉市,未分类,专科,false,,,教育部全国普通高等学校名单记录：主管部门=湖北省教育厅；办学层次=专科；备注=民办。官网与研究生院链接待逐校官方核验后补充。,1809,active
武汉外语外事职业学院,武汉外语外事职业学院,4142012988,湖北省,武汉市,未分类,专科,false,,,教育部全国普通高等学校名单记录：主管部门=湖北省教育厅；办学层次=专科；备注=民办。官网与研究生院链接待逐校官方核验后补充。,1810,active
武汉信息传播职业技术学院,武汉信息传播职业技术学院,4142012989,湖北省,武汉市,未分类,专科,false,,,教育部全国普通高等学校名单记录：主管部门=湖北省教育厅；办学层次=专科；备注=民办。官网与研究生院链接待逐校官方核验后补充。,1811,active
武昌职业学院,武昌职业学院,4142012990,湖北省,武汉市,未分类,专科,false,,,教育部全国普通高等学校名单记录：主管部门=湖北省教育厅；办学层次=专科；备注=民办。官网与研究生院链接待逐校官方核验后补充。,1812,active
武汉商贸职业学院,武汉商贸职业学院,4142012991,湖北省,武汉市,未分类,专科,false,,,教育部全国普通高等学校名单记录：主管部门=湖北省教育厅；办学层次=专科；备注=民办。官网与研究生院链接待逐校官方核验后补充。,1813,active
湖北艺术职业学院,湖北艺术职业学院,4142013263,湖北省,武汉市,未分类,专科,false,,,教育部全国普通高等学校名单记录：主管部门=湖北省；办学层次=专科。官网与研究生院链接待逐校官方核验后补充。,1814,active
武汉交通职业学院,武汉交通职业学院,4142013264,湖北省,武汉市,未分类,专科,false,,,教育部全国普通高等学校名单记录：主管部门=湖北省；办学层次=专科。官网与研究生院链接待逐校官方核验后补充。,1815,active
咸宁职业技术学院,咸宁职业技术学院,4142013265,湖北省,咸宁市,未分类,专科,false,,,教育部全国普通高等学校名单记录：主管部门=湖北省；办学层次=专科。官网与研究生院链接待逐校官方核验后补充。,1816,active
长江工程职业技术学院,长江工程职业技术学院,4142013266,湖北省,武汉市,未分类,专科,false,,,教育部全国普通高等学校名单记录：主管部门=湖北省；办学层次=专科。官网与研究生院链接待逐校官方核验后补充。,1817,active
江汉艺术职业学院,江汉艺术职业学院,4142013793,湖北省,潜江市,未分类,专科,false,,,教育部全国普通高等学校名单记录：主管部门=湖北省；办学层次=专科。官网与研究生院链接待逐校官方核验后补充。,1818,active
武汉民政职业学院,武汉民政职业学院,4142013796,湖北省,武汉市,未分类,专科,false,,,教育部全国普通高等学校名单记录：主管部门=湖北省；办学层次=专科。官网与研究生院链接待逐校官方核验后补充。,1819,active
湖北黄冈应急管理职业技术学院,湖北黄冈应急管理职业技术学院,4142013797,湖北省,黄冈市,未分类,专科,false,,,教育部全国普通高等学校名单记录：主管部门=湖北省；办学层次=专科。官网与研究生院链接待逐校官方核验后补充。,1820,active
湖北财税职业学院,湖北财税职业学院,4142013798,湖北省,武汉市,未分类,专科,false,,,教育部全国普通高等学校名单记录：主管部门=湖北省；办学层次=专科。官网与研究生院链接待逐校官方核验后补充。,1821,active
黄冈科技职业学院,黄冈科技职业学院,4142013799,湖北省,黄冈市,未分类,专科,false,,,教育部全国普通高等学校名单记录：主管部门=湖北省教育厅；办学层次=专科；备注=民办。官网与研究生院链接待逐校官方核验后补充。,1822,active
湖北国土资源职业学院,湖北国土资源职业学院,4142013800,湖北省,武汉市,未分类,专科,false,,,教育部全国普通高等学校名单记录：主管部门=湖北省；办学层次=专科。官网与研究生院链接待逐校官方核验后补充。,1823,active
湖北生态工程职业技术学院,湖北生态工程职业技术学院,4142013801,湖北省,武汉市,未分类,专科,false,,,教育部全国普通高等学校名单记录：主管部门=湖北省；办学层次=专科。官网与研究生院链接待逐校官方核验后补充。,1824,active
三峡电力职业学院,三峡电力职业学院,4142014061,湖北省,宜昌市,未分类,专科,false,,,教育部全国普通高等学校名单记录：主管部门=湖北省；办学层次=专科。官网与研究生院链接待逐校官方核验后补充。,1825,active
湖北科技职业学院,湖北科技职业学院,4142014119,湖北省,武汉市,未分类,专科,false,,,教育部全国普通高等学校名单记录：主管部门=湖北省；办学层次=专科。官网与研究生院链接待逐校官方核验后补充。,1826,active
湖北青年职业学院,湖北青年职业学院,4142014120,湖北省,武汉市,未分类,专科,false,,,教育部全国普通高等学校名单记录：主管部门=湖北省；办学层次=专科。官网与研究生院链接待逐校官方核验后补充。,1827,active
湖北工程职业学院,湖北工程职业学院,4142014197,湖北省,黄石市,未分类,专科,false,,,教育部全国普通高等学校名单记录：主管部门=湖北省；办学层次=专科。官网与研究生院链接待逐校官方核验后补充。,1828,active
三峡旅游职业技术学院,三峡旅游职业技术学院,4142014258,湖北省,宜昌市,未分类,专科,false,,,教育部全国普通高等学校名单记录：主管部门=湖北省；办学层次=专科。官网与研究生院链接待逐校官方核验后补充。,1829,active
天门职业学院,天门职业学院,4142014355,湖北省,天门市,未分类,专科,false,,,教育部全国普通高等学校名单记录：主管部门=湖北省；办学层次=专科。官网与研究生院链接待逐校官方核验后补充。,1830,active
湖北体育职业学院,湖北体育职业学院,4142014356,湖北省,武汉市,未分类,专科,false,,,教育部全国普通高等学校名单记录：主管部门=湖北省；办学层次=专科。官网与研究生院链接待逐校官方核验后补充。,1831,active
襄阳汽车职业技术学院,襄阳汽车职业技术学院,4142014357,湖北省,襄阳市,未分类,专科,false,,,教育部全国普通高等学校名单记录：主管部门=湖北省；办学层次=专科。官网与研究生院链接待逐校官方核验后补充。,1832,active
湖北幼儿师范高等专科学校,湖北幼儿师范高等专科学校,4142014467,湖北省,武汉市,未分类,专科,false,,,教育部全国普通高等学校名单记录：主管部门=湖北省；办学层次=专科。官网与研究生院链接待逐校官方核验后补充。,1833,active
湖北铁道运输职业学院,湖北铁道运输职业学院,4142014553,湖北省,武汉市,未分类,专科,false,,,教育部全国普通高等学校名单记录：主管部门=湖北省；办学层次=专科。官网与研究生院链接待逐校官方核验后补充。,1834,active
武汉海事职业学院,武汉海事职业学院,4142014554,湖北省,武汉市,未分类,专科,false,,,教育部全国普通高等学校名单记录：主管部门=湖北省；办学层次=专科。官网与研究生院链接待逐校官方核验后补充。,1835,active
长江艺术工程职业学院,长江艺术工程职业学院,4142014555,湖北省,荆州市,未分类,专科,false,,,教育部全国普通高等学校名单记录：主管部门=湖北省教育厅；办学层次=专科；备注=民办。官网与研究生院链接待逐校官方核验后补充。,1836,active
荆门职业学院,荆门职业学院,4142014571,湖北省,荆门市,未分类,专科,false,,,教育部全国普通高等学校名单记录：主管部门=湖北省；办学层次=专科。官网与研究生院链接待逐校官方核验后补充。,1837,active
武汉铁路桥梁职业学院,武汉铁路桥梁职业学院,4142014590,湖北省,武汉市,未分类,专科,false,,,教育部全国普通高等学校名单记录：主管部门=湖北省；办学层次=专科。官网与研究生院链接待逐校官方核验后补充。,1838,active
武汉光谷职业学院,武汉光谷职业学院,4142014591,湖北省,武汉市,未分类,专科,false,,,教育部全国普通高等学校名单记录：主管部门=湖北省教育厅；办学层次=专科；备注=民办。官网与研究生院链接待逐校官方核验后补充。,1839,active
湖北健康职业学院,湖北健康职业学院,4142014721,湖北省,咸宁市,未分类,专科,false,,,教育部全国普通高等学校名单记录：主管部门=湖北省教育厅；办学层次=专科；备注=民办。官网与研究生院链接待逐校官方核验后补充。,1840,active
湖北孝感美珈职业学院,湖北孝感美珈职业学院,4142014755,湖北省,孝感市,未分类,专科,false,,,教育部全国普通高等学校名单记录：主管部门=湖北省教育厅；办学层次=专科；备注=民办。官网与研究生院链接待逐校官方核验后补充。,1841,active
襄阳科技职业学院,襄阳科技职业学院,4142014832,湖北省,襄阳市,未分类,专科,false,,,教育部全国普通高等学校名单记录：主管部门=湖北省；办学层次=专科。官网与研究生院链接待逐校官方核验后补充。,1842,active
宜昌科技职业学院,宜昌科技职业学院,4142014833,湖北省,宜昌市,未分类,专科,false,,,教育部全国普通高等学校名单记录：主管部门=湖北省；办学层次=专科。官网与研究生院链接待逐校官方核验后补充。,1843,active
荆门通用航空职业技术学院,荆门通用航空职业技术学院,4142014866,湖北省,荆门市,未分类,专科,false,,,教育部全国普通高等学校名单记录：主管部门=湖北省；办学层次=专科。官网与研究生院链接待逐校官方核验后补充。,1844,active
湘潭大学,湘潭大学,4143010530,湖南省,湘潭市,未分类,本科,false,,,教育部全国普通高等学校名单记录：主管部门=湖南省；办学层次=本科。官网与研究生院链接待逐校官方核验后补充。,1845,active
吉首大学,吉首大学,4143010531,湖南省,湘西土家族苗族自治州,未分类,本科,false,,,教育部全国普通高等学校名单记录：主管部门=湖南省；办学层次=本科。官网与研究生院链接待逐校官方核验后补充。,1846,active
湖南大学,湖南大学,4143010532,湖南省,长沙市,未分类,本科,false,,,教育部全国普通高等学校名单记录：主管部门=教育部；办学层次=本科。官网与研究生院链接待逐校官方核验后补充。,1847,active
中南大学,中南大学,4143010533,湖南省,长沙市,未分类,本科,false,,,教育部全国普通高等学校名单记录：主管部门=教育部；办学层次=本科。官网与研究生院链接待逐校官方核验后补充。,1848,active
湖南科技大学,湖南科技大学,4143010534,湖南省,湘潭市,未分类,本科,false,,,教育部全国普通高等学校名单记录：主管部门=湖南省；办学层次=本科。官网与研究生院链接待逐校官方核验后补充。,1849,active
长沙理工大学,长沙理工大学,4143010536,湖南省,长沙市,未分类,本科,false,,,教育部全国普通高等学校名单记录：主管部门=湖南省；办学层次=本科。官网与研究生院链接待逐校官方核验后补充。,1850,active
湖南农业大学,湖南农业大学,4143010537,湖南省,长沙市,未分类,本科,false,,,教育部全国普通高等学校名单记录：主管部门=湖南省；办学层次=本科。官网与研究生院链接待逐校官方核验后补充。,1851,active
中南林业科技大学,中南林业科技大学,4143010538,湖南省,长沙市,未分类,本科,false,,,教育部全国普通高等学校名单记录：主管部门=湖南省；办学层次=本科。官网与研究生院链接待逐校官方核验后补充。,1852,active
湖南中医药大学,湖南中医药大学,4143010541,湖南省,长沙市,未分类,本科,false,,,教育部全国普通高等学校名单记录：主管部门=湖南省；办学层次=本科。官网与研究生院链接待逐校官方核验后补充。,1853,active
湖南师范大学,湖南师范大学,4143010542,湖南省,长沙市,未分类,本科,false,,,教育部全国普通高等学校名单记录：主管部门=湖南省；办学层次=本科。官网与研究生院链接待逐校官方核验后补充。,1854,active
湖南理工学院,湖南理工学院,4143010543,湖南省,岳阳市,未分类,本科,false,,,教育部全国普通高等学校名单记录：主管部门=湖南省；办学层次=本科。官网与研究生院链接待逐校官方核验后补充。,1855,active
湘南学院,湘南学院,4143010545,湖南省,郴州市,未分类,本科,false,,,教育部全国普通高等学校名单记录：主管部门=湖南省；办学层次=本科。官网与研究生院链接待逐校官方核验后补充。,1856,active
衡阳师范学院,衡阳师范学院,4143010546,湖南省,衡阳市,未分类,本科,false,,,教育部全国普通高等学校名单记录：主管部门=湖南省；办学层次=本科。官网与研究生院链接待逐校官方核验后补充。,1857,active
邵阳学院,邵阳学院,4143010547,湖南省,邵阳市,未分类,本科,false,,,教育部全国普通高等学校名单记录：主管部门=湖南省；办学层次=本科。官网与研究生院链接待逐校官方核验后补充。,1858,active
怀化学院,怀化学院,4143010548,湖南省,怀化市,未分类,本科,false,,,教育部全国普通高等学校名单记录：主管部门=湖南省；办学层次=本科。官网与研究生院链接待逐校官方核验后补充。,1859,active
湖南文理学院,湖南文理学院,4143010549,湖南省,常德市,未分类,本科,false,,,教育部全国普通高等学校名单记录：主管部门=湖南省；办学层次=本科。官网与研究生院链接待逐校官方核验后补充。,1860,active
湖南科技学院,湖南科技学院,4143010551,湖南省,永州市,未分类,本科,false,,,教育部全国普通高等学校名单记录：主管部门=湖南省；办学层次=本科。官网与研究生院链接待逐校官方核验后补充。,1861,active
湖南人文科技学院,湖南人文科技学院,4143010553,湖南省,娄底市,未分类,本科,false,,,教育部全国普通高等学校名单记录：主管部门=湖南省；办学层次=本科。官网与研究生院链接待逐校官方核验后补充。,1862,active
湖南工商大学,湖南工商大学,4143010554,湖南省,长沙市,未分类,本科,false,,,教育部全国普通高等学校名单记录：主管部门=湖南省；办学层次=本科。官网与研究生院链接待逐校官方核验后补充。,1863,active
南华大学,南华大学,4143010555,湖南省,衡阳市,未分类,本科,false,,,教育部全国普通高等学校名单记录：主管部门=湖南省；办学层次=本科。官网与研究生院链接待逐校官方核验后补充。,1864,active
长沙医学院,长沙医学院,4143010823,湖南省,长沙市,未分类,本科,false,,,教育部全国普通高等学校名单记录：主管部门=湖南省教育厅；办学层次=本科；备注=民办。官网与研究生院链接待逐校官方核验后补充。,1865,active
长沙学院,长沙学院,4143011077,湖南省,长沙市,未分类,本科,false,,,教育部全国普通高等学校名单记录：主管部门=湖南省；办学层次=本科。官网与研究生院链接待逐校官方核验后补充。,1866,active
湖南工程学院,湖南工程学院,4143011342,湖南省,湘潭市,未分类,本科,false,,,教育部全国普通高等学校名单记录：主管部门=湖南省；办学层次=本科。官网与研究生院链接待逐校官方核验后补充。,1867,active
湖南城市学院,湖南城市学院,4143011527,湖南省,益阳市,未分类,本科,false,,,教育部全国普通高等学校名单记录：主管部门=湖南省；办学层次=本科。官网与研究生院链接待逐校官方核验后补充。,1868,active
湖南工学院,湖南工学院,4143011528,湖南省,衡阳市,未分类,本科,false,,,教育部全国普通高等学校名单记录：主管部门=湖南省；办学层次=本科。官网与研究生院链接待逐校官方核验后补充。,1869,active
湖南财政经济学院,湖南财政经济学院,4143011532,湖南省,长沙市,未分类,本科,false,,,教育部全国普通高等学校名单记录：主管部门=湖南省；办学层次=本科。官网与研究生院链接待逐校官方核验后补充。,1870,active
湖南警察学院,湖南警察学院,4143011534,湖南省,长沙市,未分类,本科,false,,,教育部全国普通高等学校名单记录：主管部门=湖南省；办学层次=本科。官网与研究生院链接待逐校官方核验后补充。,1871,active
湖南工业大学,湖南工业大学,4143011535,湖南省,株洲市,未分类,本科,false,,,教育部全国普通高等学校名单记录：主管部门=湖南省；办学层次=本科。官网与研究生院链接待逐校官方核验后补充。,1872,active
湖南女子学院,湖南女子学院,4143011538,湖南省,长沙市,未分类,本科,false,,,教育部全国普通高等学校名单记录：主管部门=湖南省；办学层次=本科。官网与研究生院链接待逐校官方核验后补充。,1873,active
湖南第一师范学院,湖南第一师范学院,4143012034,湖南省,长沙市,未分类,本科,false,,,教育部全国普通高等学校名单记录：主管部门=湖南省；办学层次=本科。官网与研究生院链接待逐校官方核验后补充。,1874,active
湖南医药学院,湖南医药学院,4143012214,湖南省,怀化市,未分类,本科,false,,,教育部全国普通高等学校名单记录：主管部门=湖南省；办学层次=本科。官网与研究生院链接待逐校官方核验后补充。,1875,active
湖南涉外经济学院,湖南涉外经济学院,4143012303,湖南省,长沙市,未分类,本科,false,,,教育部全国普通高等学校名单记录：主管部门=湖南省教育厅；办学层次=本科；备注=民办。官网与研究生院链接待逐校官方核验后补充。,1876,active
湘潭大学兴湘学院,湘潭大学兴湘学院,4143012599,湖南省,湘潭市,未分类,本科,false,,,教育部全国普通高等学校名单记录：主管部门=湖南省教育厅；办学层次=本科；备注=民办。官网与研究生院链接待逐校官方核验后补充。,1877,active
湖南工业大学科技学院,湖南工业大学科技学院,4143012604,湖南省,株洲市,未分类,本科,false,,,教育部全国普通高等学校名单记录：主管部门=湖南省教育厅；办学层次=本科；备注=民办。官网与研究生院链接待逐校官方核验后补充。,1878,active
湖南科技大学潇湘学院,湖南科技大学潇湘学院,4143012649,湖南省,湘潭市,未分类,本科,false,,,教育部全国普通高等学校名单记录：主管部门=湖南省教育厅；办学层次=本科；备注=民办。官网与研究生院链接待逐校官方核验后补充。,1879,active
南华大学船山学院,南华大学船山学院,4143012650,湖南省,衡阳市,未分类,本科,false,,,教育部全国普通高等学校名单记录：主管部门=湖南省教育厅；办学层次=本科；备注=民办。官网与研究生院链接待逐校官方核验后补充。,1880,active
湘潭理工学院,湘潭理工学院,4143012651,湖南省,湘潭市,未分类,本科,false,,,教育部全国普通高等学校名单记录：主管部门=湖南省教育厅；办学层次=本科；备注=民办。官网与研究生院链接待逐校官方核验后补充。,1881,active
长沙工业学院,长沙工业学院,4143012652,湖南省,长沙市,未分类,本科,false,,,教育部全国普通高等学校名单记录：主管部门=湖南省；办学层次=本科。官网与研究生院链接待逐校官方核验后补充。,1882,active
湖南农业大学东方科技学院,湖南农业大学东方科技学院,4143012653,湖南省,长沙市,未分类,本科,false,,,教育部全国普通高等学校名单记录：主管部门=湖南省教育厅；办学层次=本科；备注=民办。官网与研究生院链接待逐校官方核验后补充。,1883,active
中南林业科技大学涉外学院,中南林业科技大学涉外学院,4143012656,湖南省,长沙市,未分类,本科,false,,,教育部全国普通高等学校名单记录：主管部门=湖南省教育厅；办学层次=本科；备注=民办。官网与研究生院链接待逐校官方核验后补充。,1884,active
常德学院,常德学院,4143012657,湖南省,常德市,未分类,本科,false,,,教育部全国普通高等学校名单记录：主管部门=湖南省教育厅；办学层次=本科；备注=民办。官网与研究生院链接待逐校官方核验后补充。,1885,active
岳阳学院,岳阳学院,4143012658,湖南省,岳阳市,未分类,本科,false,,,教育部全国普通高等学校名单记录：主管部门=湖南省教育厅；办学层次=本科；备注=民办。官网与研究生院链接待逐校官方核验后补充。,1886,active
衡阳师范学院南岳学院,衡阳师范学院南岳学院,4143012659,湖南省,衡阳市,未分类,本科,false,,,教育部全国普通高等学校名单记录：主管部门=湖南省教育厅；办学层次=本科；备注=民办。官网与研究生院链接待逐校官方核验后补充。,1887,active
湖南工程学院应用技术学院,湖南工程学院应用技术学院,4143012660,湖南省,湘潭市,未分类,本科,false,,,教育部全国普通高等学校名单记录：主管部门=湖南省教育厅；办学层次=本科；备注=民办。官网与研究生院链接待逐校官方核验后补充。,1888,active
湖南中医药大学湘杏学院,湖南中医药大学湘杏学院,4143012661,湖南省,长沙市,未分类,本科,false,,,教育部全国普通高等学校名单记录：主管部门=湖南省教育厅；办学层次=本科；备注=民办。官网与研究生院链接待逐校官方核验后补充。,1889,active
张家界学院,张家界学院,4143012662,湖南省,张家界市,未分类,本科,false,,,教育部全国普通高等学校名单记录：主管部门=湖南省教育厅；办学层次=本科；备注=民办。官网与研究生院链接待逐校官方核验后补充。,1890,active
长沙理工大学城南学院,长沙理工大学城南学院,4143013635,湖南省,长沙市,未分类,本科,false,,,教育部全国普通高等学校名单记录：主管部门=湖南省教育厅；办学层次=本科；备注=民办。官网与研究生院链接待逐校官方核验后补充。,1891,active
长沙师范学院,长沙师范学院,4143013806,湖南省,长沙市,未分类,本科,false,,,教育部全国普通高等学校名单记录：主管部门=湖南省；办学层次=本科。官网与研究生院链接待逐校官方核验后补充。,1892,active
湖南应用技术学院,湖南应用技术学院,4143013809,湖南省,常德市,未分类,本科,false,,,教育部全国普通高等学校名单记录：主管部门=湖南省教育厅；办学层次=本科；备注=民办。官网与研究生院链接待逐校官方核验后补充。,1893,active
湖南信息学院,湖南信息学院,4143013836,湖南省,长沙市,未分类,本科,false,,,教育部全国普通高等学校名单记录：主管部门=湖南省教育厅；办学层次=本科；备注=民办。官网与研究生院链接待逐校官方核验后补充。,1894,active
湖南交通工程学院,湖南交通工程学院,4143013924,湖南省,衡阳市,未分类,本科,false,,,教育部全国普通高等学校名单记录：主管部门=湖南省教育厅；办学层次=本科；备注=民办。官网与研究生院链接待逐校官方核验后补充。,1895,active
湖南软件职业技术大学,湖南软件职业技术大学,4143013925,湖南省,湘潭市,未分类,本科,false,,,教育部全国普通高等学校名单记录：主管部门=湖南省教育厅；办学层次=本科；备注=民办。官网与研究生院链接待逐校官方核验后补充。,1896,active
湖南汽车工程职业大学,湖南汽车工程职业大学,4143013937,湖南省,株洲市,未分类,本科,false,,,教育部全国普通高等学校名单记录：主管部门=湖南省；办学层次=本科。官网与研究生院链接待逐校官方核验后补充。,1897,active
长沙科技学院,长沙科技学院,4143014900,湖南省,长沙市,未分类,本科,false,,,教育部全国普通高等学校名单记录：主管部门=湖南省教育厅；办学层次=本科；备注=民办。官网与研究生院链接待逐校官方核验后补充。,1898,active
湘中幼儿师范高等专科学校,湘中幼儿师范高等专科学校,3643000496,湖南省,邵阳市,未分类,专科,false,,,教育部全国普通高等学校名单记录：主管部门=湖南省；办学层次=专科。官网与研究生院链接待逐校官方核验后补充。,1899,active
长沙民政职业技术学院,长沙民政职业技术学院,4143010827,湖南省,长沙市,未分类,专科,false,,,教育部全国普通高等学校名单记录：主管部门=湖南省；办学层次=专科。官网与研究生院链接待逐校官方核验后补充。,1900,active
湖南工业职业技术学院,湖南工业职业技术学院,4143010830,湖南省,长沙市,未分类,专科,false,,,教育部全国普通高等学校名单记录：主管部门=湖南省；办学层次=专科。官网与研究生院链接待逐校官方核验后补充。,1901,active
株洲师范高等专科学校,株洲师范高等专科学校,4143010836,湖南省,株洲市,未分类,专科,false,,,教育部全国普通高等学校名单记录：主管部门=湖南省；办学层次=专科。官网与研究生院链接待逐校官方核验后补充。,1902,active
湖南信息职业技术学院,湖南信息职业技术学院,4143010865,湖南省,长沙市,未分类,专科,false,,,教育部全国普通高等学校名单记录：主管部门=湖南省；办学层次=专科。官网与研究生院链接待逐校官方核验后补充。,1903,active
湖南税务高等专科学校,湖南税务高等专科学校,4143011601,湖南省,长沙市,未分类,专科,false,,,教育部全国普通高等学校名单记录：主管部门=湖南省；办学层次=专科。官网与研究生院链接待逐校官方核验后补充。,1904,active
湖南冶金职业技术学院,湖南冶金职业技术学院,4143011604,湖南省,株洲市,未分类,专科,false,,,教育部全国普通高等学校名单记录：主管部门=湖南省；办学层次=专科。官网与研究生院链接待逐校官方核验后补充。,1905,active
长沙航空职业技术学院,长沙航空职业技术学院,4143012055,湖南省,长沙市,未分类,专科,false,,,教育部全国普通高等学校名单记录：主管部门=空军装备部；办学层次=专科。官网与研究生院链接待逐校官方核验后补充。,1906,active
湖南大众传媒职业技术学院,湖南大众传媒职业技术学院,4143012300,湖南省,长沙市,未分类,专科,false,,,教育部全国普通高等学校名单记录：主管部门=湖南省；办学层次=专科。官网与研究生院链接待逐校官方核验后补充。,1907,active
永州职业技术学院,永州职业技术学院,4143012301,湖南省,永州市,未分类,专科,false,,,教育部全国普通高等学校名单记录：主管部门=湖南省；办学层次=专科。官网与研究生院链接待逐校官方核验后补充。,1908,active
湖南铁道职业技术学院,湖南铁道职业技术学院,4143012302,湖南省,株洲市,未分类,专科,false,,,教育部全国普通高等学校名单记录：主管部门=湖南省；办学层次=专科。官网与研究生院链接待逐校官方核验后补充。,1909,active
湖南科技职业学院,湖南科技职业学院,4143012304,湖南省,长沙市,未分类,专科,false,,,教育部全国普通高等学校名单记录：主管部门=湖南省；办学层次=专科。官网与研究生院链接待逐校官方核验后补充。,1910,active
湖南生物机电职业技术学院,湖南生物机电职业技术学院,4143012343,湖南省,长沙市,未分类,专科,false,,,教育部全国普通高等学校名单记录：主管部门=湖南省；办学层次=专科。官网与研究生院链接待逐校官方核验后补充。,1911,active
湖南交通职业技术学院,湖南交通职业技术学院,4143012397,湖南省,长沙市,未分类,专科,false,,,教育部全国普通高等学校名单记录：主管部门=湖南省；办学层次=专科。官网与研究生院链接待逐校官方核验后补充。,1912,active
湖南商务职业技术学院,湖南商务职业技术学院,4143012401,湖南省,长沙市,未分类,专科,false,,,教育部全国普通高等学校名单记录：主管部门=湖南省；办学层次=专科。官网与研究生院链接待逐校官方核验后补充。,1913,active
湖南体育职业学院,湖南体育职业学院,4143012423,湖南省,长沙市,未分类,专科,false,,,教育部全国普通高等学校名单记录：主管部门=湖南省；办学层次=专科。官网与研究生院链接待逐校官方核验后补充。,1914,active
湖南工程职业技术学院,湖南工程职业技术学院,4143012425,湖南省,长沙市,未分类,专科,false,,,教育部全国普通高等学校名单记录：主管部门=湖南省；办学层次=专科。官网与研究生院链接待逐校官方核验后补充。,1915,active
保险职业学院,保险职业学院,4143012596,湖南省,长沙市,未分类,专科,false,,,教育部全国普通高等学校名单记录：主管部门=湖南省；办学层次=专科。官网与研究生院链接待逐校官方核验后补充。,1916,active
湖南外贸职业学院,湖南外贸职业学院,4143012597,湖南省,长沙市,未分类,专科,false,,,教育部全国普通高等学校名单记录：主管部门=湖南省；办学层次=专科。官网与研究生院链接待逐校官方核验后补充。,1917,active
湖南网络工程职业学院,湖南网络工程职业学院,4143012598,湖南省,长沙市,未分类,专科,false,,,教育部全国普通高等学校名单记录：主管部门=湖南省；办学层次=专科。官网与研究生院链接待逐校官方核验后补充。,1918,active
邵阳职业技术学院,邵阳职业技术学院,4143012600,湖南省,邵阳市,未分类,专科,false,,,教育部全国普通高等学校名单记录：主管部门=湖南省；办学层次=专科。官网与研究生院链接待逐校官方核验后补充。,1919,active
湖南司法警官职业学院,湖南司法警官职业学院,4143012601,湖南省,长沙市,未分类,专科,false,,,教育部全国普通高等学校名单记录：主管部门=湖南省；办学层次=专科。官网与研究生院链接待逐校官方核验后补充。,1920,active
长沙商贸旅游职业技术学院,长沙商贸旅游职业技术学院,4143012603,湖南省,长沙市,未分类,专科,false,,,教育部全国普通高等学校名单记录：主管部门=湖南省；办学层次=专科。官网与研究生院链接待逐校官方核验后补充。,1921,active
湖南环境生物职业技术学院,湖南环境生物职业技术学院,4143012739,湖南省,衡阳市,未分类,专科,false,,,教育部全国普通高等学校名单记录：主管部门=湖南省；办学层次=专科。官网与研究生院链接待逐校官方核验后补充。,1922,active
湖南邮电职业技术学院,湖南邮电职业技术学院,4143012845,湖南省,长沙市,未分类,专科,false,,,教育部全国普通高等学校名单记录：主管部门=湖南省；办学层次=专科。官网与研究生院链接待逐校官方核验后补充。,1923,active
湘潭医卫职业技术学院,湘潭医卫职业技术学院,4143012846,湖南省,湘潭市,未分类,专科,false,,,教育部全国普通高等学校名单记录：主管部门=湖南省；办学层次=专科。官网与研究生院链接待逐校官方核验后补充。,1924,active
郴州职业技术学院,郴州职业技术学院,4143012847,湖南省,郴州市,未分类,专科,false,,,教育部全国普通高等学校名单记录：主管部门=湖南省；办学层次=专科。官网与研究生院链接待逐校官方核验后补充。,1925,active
娄底职业技术学院,娄底职业技术学院,4143012848,湖南省,娄底市,未分类,专科,false,,,教育部全国普通高等学校名单记录：主管部门=湖南省；办学层次=专科。官网与研究生院链接待逐校官方核验后补充。,1926,active
张家界航空工业职业技术学院,张家界航空工业职业技术学院,4143012849,湖南省,张家界市,未分类,专科,false,,,教育部全国普通高等学校名单记录：主管部门=湖南省；办学层次=专科。官网与研究生院链接待逐校官方核验后补充。,1927,active
长沙环境保护职业技术学院,长沙环境保护职业技术学院,4143013031,湖南省,长沙市,未分类,专科,false,,,教育部全国普通高等学校名单记录：主管部门=湖南省；办学层次=专科。官网与研究生院链接待逐校官方核验后补充。,1928,active
湖南艺术职业学院,湖南艺术职业学院,4143013032,湖南省,长沙市,未分类,专科,false,,,教育部全国普通高等学校名单记录：主管部门=湖南省；办学层次=专科。官网与研究生院链接待逐校官方核验后补充。,1929,active
湖南机电职业技术学院,湖南机电职业技术学院,4143013033,湖南省,长沙市,未分类,专科,false,,,教育部全国普通高等学校名单记录：主管部门=湖南省；办学层次=专科。官网与研究生院链接待逐校官方核验后补充。,1930,active
长沙职业技术学院,长沙职业技术学院,4143013036,湖南省,长沙市,未分类,专科,false,,,教育部全国普通高等学校名单记录：主管部门=湖南省；办学层次=专科。官网与研究生院链接待逐校官方核验后补充。,1931,active
怀化职业技术学院,怀化职业技术学院,4143013037,湖南省,怀化市,未分类,专科,false,,,教育部全国普通高等学校名单记录：主管部门=湖南省；办学层次=专科。官网与研究生院链接待逐校官方核验后补充。,1932,active
岳阳职业技术学院,岳阳职业技术学院,4143013038,湖南省,岳阳市,未分类,专科,false,,,教育部全国普通高等学校名单记录：主管部门=湖南省；办学层次=专科。官网与研究生院链接待逐校官方核验后补充。,1933,active
常德职业技术学院,常德职业技术学院,4143013039,湖南省,常德市,未分类,专科,false,,,教育部全国普通高等学校名单记录：主管部门=湖南省；办学层次=专科。官网与研究生院链接待逐校官方核验后补充。,1934,active
长沙南方职业学院,长沙南方职业学院,4143013041,湖南省,长沙市,未分类,专科,false,,,教育部全国普通高等学校名单记录：主管部门=湖南省教育厅；办学层次=专科；备注=民办。官网与研究生院链接待逐校官方核验后补充。,1935,active
潇湘职业学院,潇湘职业学院,4143013042,湖南省,娄底市,未分类,专科,false,,,教育部全国普通高等学校名单记录：主管部门=湖南省教育厅；办学层次=专科；备注=民办。官网与研究生院链接待逐校官方核验后补充。,1936,active
湖南化工职业技术学院,湖南化工职业技术学院,4143013043,湖南省,株洲市,未分类,专科,false,,,教育部全国普通高等学校名单记录：主管部门=湖南省；办学层次=专科。官网与研究生院链接待逐校官方核验后补充。,1937,active
湖南城建职业技术学院,湖南城建职业技术学院,4143013044,湖南省,湘潭市,未分类,专科,false,,,教育部全国普通高等学校名单记录：主管部门=湖南省；办学层次=专科。官网与研究生院链接待逐校官方核验后补充。,1938,active
湖南石油化工职业技术学院,湖南石油化工职业技术学院,4143013045,湖南省,岳阳市,未分类,专科,false,,,教育部全国普通高等学校名单记录：主管部门=湖南省；办学层次=专科。官网与研究生院链接待逐校官方核验后补充。,1939,active
湖南中医药高等专科学校,湖南中医药高等专科学校,4143013802,湖南省,株洲市,未分类,专科,false,,,教育部全国普通高等学校名单记录：主管部门=湖南省；办学层次=专科。官网与研究生院链接待逐校官方核验后补充。,1940,active
湖南民族职业学院,湖南民族职业学院,4143013804,湖南省,岳阳市,未分类,专科,false,,,教育部全国普通高等学校名单记录：主管部门=湖南省；办学层次=专科。官网与研究生院链接待逐校官方核验后补充。,1941,active
湘西民族职业技术学院,湘西民族职业技术学院,4143013805,湖南省,湘西土家族苗族自治州,未分类,专科,false,,,教育部全国普通高等学校名单记录：主管部门=湖南省；办学层次=专科。官网与研究生院链接待逐校官方核验后补充。,1942,active
湖南财经工业职业技术学院,湖南财经工业职业技术学院,4143013807,湖南省,衡阳市,未分类,专科,false,,,教育部全国普通高等学校名单记录：主管部门=湖南省；办学层次=专科。官网与研究生院链接待逐校官方核验后补充。,1943,active
益阳职业技术学院,益阳职业技术学院,4143013808,湖南省,益阳市,未分类,专科,false,,,教育部全国普通高等学校名单记录：主管部门=湖南省；办学层次=专科。官网与研究生院链接待逐校官方核验后补充。,1944,active
湖南工艺美术职业学院,湖南工艺美术职业学院,4143013921,湖南省,益阳市,未分类,专科,false,,,教育部全国普通高等学校名单记录：主管部门=湖南省；办学层次=专科。官网与研究生院链接待逐校官方核验后补充。,1945,active
湖南九嶷职业技术学院,湖南九嶷职业技术学院,4143013922,湖南省,永州市,未分类,专科,false,,,教育部全国普通高等学校名单记录：主管部门=湖南省；办学层次=专科。官网与研究生院链接待逐校官方核验后补充。,1946,active
湖南理工职业技术学院,湖南理工职业技术学院,4143013923,湖南省,湘潭市,未分类,专科,false,,,教育部全国普通高等学校名单记录：主管部门=湖南省；办学层次=专科。官网与研究生院链接待逐校官方核验后补充。,1947,active
长沙电力职业技术学院,长沙电力职业技术学院,4143013938,湖南省,长沙市,未分类,专科,false,,,教育部全国普通高等学校名单记录：主管部门=湖南省；办学层次=专科。官网与研究生院链接待逐校官方核验后补充。,1948,active
湖南水利水电职业技术学院,湖南水利水电职业技术学院,4143013939,湖南省,长沙市,未分类,专科,false,,,教育部全国普通高等学校名单记录：主管部门=湖南省；办学层次=专科。官网与研究生院链接待逐校官方核验后补充。,1949,active
湖南现代物流职业技术学院,湖南现代物流职业技术学院,4143013940,湖南省,长沙市,未分类,专科,false,,,教育部全国普通高等学校名单记录：主管部门=湖南省；办学层次=专科。官网与研究生院链接待逐校官方核验后补充。,1950,active
湖南高速铁路职业技术学院,湖南高速铁路职业技术学院,4143013941,湖南省,衡阳市,未分类,专科,false,,,教育部全国普通高等学校名单记录：主管部门=湖南省；办学层次=专科。官网与研究生院链接待逐校官方核验后补充。,1951,active
湖南铁路科技职业技术学院,湖南铁路科技职业技术学院,4143013942,湖南省,株洲市,未分类,专科,false,,,教育部全国普通高等学校名单记录：主管部门=湖南省；办学层次=专科。官网与研究生院链接待逐校官方核验后补充。,1952,active
湖南安全技术职业学院,湖南安全技术职业学院,4143014025,湖南省,长沙市,未分类,专科,false,,,教育部全国普通高等学校名单记录：主管部门=湖南省；办学层次=专科。官网与研究生院链接待逐校官方核验后补充。,1953,active
湖南电气职业技术学院,湖南电气职业技术学院,4143014071,湖南省,湘潭市,未分类,专科,false,,,教育部全国普通高等学校名单记录：主管部门=湖南省；办学层次=专科。官网与研究生院链接待逐校官方核验后补充。,1954,active
湖南外国语职业学院,湖南外国语职业学院,4143014072,湖南省,长沙市,未分类,专科,false,,,教育部全国普通高等学校名单记录：主管部门=湖南省教育厅；办学层次=专科；备注=民办。官网与研究生院链接待逐校官方核验后补充。,1955,active
益阳医学高等专科学校,益阳医学高等专科学校,4143014097,湖南省,益阳市,未分类,专科,false,,,教育部全国普通高等学校名单记录：主管部门=湖南省；办学层次=专科。官网与研究生院链接待逐校官方核验后补充。,1956,active
湖南都市职业学院,湖南都市职业学院,4143014121,湖南省,长沙市,未分类,专科,false,,,教育部全国普通高等学校名单记录：主管部门=湖南省教育厅；办学层次=专科；备注=民办。官网与研究生院链接待逐校官方核验后补充。,1957,active
湖南电子科技职业学院,湖南电子科技职业学院,4143014122,湖南省,长沙市,未分类,专科,false,,,教育部全国普通高等学校名单记录：主管部门=湖南省教育厅；办学层次=专科；备注=民办。官网与研究生院链接待逐校官方核验后补充。,1958,active
湖南国防工业职业技术学院,湖南国防工业职业技术学院,4143014182,湖南省,湘潭市,未分类,专科,false,,,教育部全国普通高等学校名单记录：主管部门=湖南省；办学层次=专科。官网与研究生院链接待逐校官方核验后补充。,1959,active
湖南高尔夫旅游职业学院,湖南高尔夫旅游职业学院,4143014309,湖南省,常德市,未分类,专科,false,,,教育部全国普通高等学校名单记录：主管部门=湖南省教育厅；办学层次=专科；备注=民办。官网与研究生院链接待逐校官方核验后补充。,1960,active
湖南工商职业学院,湖南工商职业学院,4143014310,湖南省,衡阳市,未分类,专科,false,,,教育部全国普通高等学校名单记录：主管部门=湖南省教育厅；办学层次=专科；备注=民办。官网与研究生院链接待逐校官方核验后补充。,1961,active
湖南三一工业职业技术学院,湖南三一工业职业技术学院,4143014322,湖南省,长沙市,未分类,专科,false,,,教育部全国普通高等学校名单记录：主管部门=湖南省教育厅；办学层次=专科；备注=民办。官网与研究生院链接待逐校官方核验后补充。,1962,active
长沙卫生职业学院,长沙卫生职业学院,4143014358,湖南省,长沙市,未分类,专科,false,,,教育部全国普通高等学校名单记录：主管部门=湖南省；办学层次=专科。官网与研究生院链接待逐校官方核验后补充。,1963,active
湖南食品药品职业学院,湖南食品药品职业学院,4143014359,湖南省,长沙市,未分类,专科,false,,,教育部全国普通高等学校名单记录：主管部门=湖南省；办学层次=专科。官网与研究生院链接待逐校官方核验后补充。,1964,active
湖南有色金属职业技术学院,湖南有色金属职业技术学院,4143014360,湖南省,株洲市,未分类,专科,false,,,教育部全国普通高等学校名单记录：主管部门=湖南省；办学层次=专科。官网与研究生院链接待逐校官方核验后补充。,1965,active
湖南吉利汽车职业技术学院,湖南吉利汽车职业技术学院,4143014406,湖南省,湘潭市,未分类,专科,false,,,教育部全国普通高等学校名单记录：主管部门=湖南省教育厅；办学层次=专科；备注=民办。官网与研究生院链接待逐校官方核验后补充。,1966,active
湖南幼儿师范高等专科学校,湖南幼儿师范高等专科学校,4143014468,湖南省,常德市,未分类,专科,false,,,教育部全国普通高等学校名单记录：主管部门=湖南省；办学层次=专科。官网与研究生院链接待逐校官方核验后补充。,1967,active
湘南幼儿师范高等专科学校,湘南幼儿师范高等专科学校,4143014495,湖南省,郴州市,未分类,专科,false,,,教育部全国普通高等学校名单记录：主管部门=湖南省；办学层次=专科。官网与研究生院链接待逐校官方核验后补充。,1968,active
湖南劳动人事职业学院,湖南劳动人事职业学院,4143014508,湖南省,长沙市,未分类,专科,false,,,教育部全国普通高等学校名单记录：主管部门=湖南省；办学层次=专科。官网与研究生院链接待逐校官方核验后补充。,1969,active
怀化师范高等专科学校,怀化师范高等专科学校,4143014663,湖南省,怀化市,未分类,专科,false,,,教育部全国普通高等学校名单记录：主管部门=湖南省；办学层次=专科。官网与研究生院链接待逐校官方核验后补充。,1970,active
永州师范高等专科学校,永州师范高等专科学校,4143014690,湖南省,永州市,未分类,专科,false,,,教育部全国普通高等学校名单记录：主管部门=湖南省；办学层次=专科。官网与研究生院链接待逐校官方核验后补充。,1971,active
衡阳幼儿师范高等专科学校,衡阳幼儿师范高等专科学校,4143014691,湖南省,衡阳市,未分类,专科,false,,,教育部全国普通高等学校名单记录：主管部门=湖南省；办学层次=专科。官网与研究生院链接待逐校官方核验后补充。,1972,active
长沙幼儿师范高等专科学校,长沙幼儿师范高等专科学校,4143014692,湖南省,长沙市,未分类,专科,false,,,教育部全国普通高等学校名单记录：主管部门=湖南省；办学层次=专科。官网与研究生院链接待逐校官方核验后补充。,1973,active
益阳师范高等专科学校,益阳师范高等专科学校,4143014774,湖南省,益阳市,未分类,专科,false,,,教育部全国普通高等学校名单记录：主管部门=湖南省；办学层次=专科。官网与研究生院链接待逐校官方核验后补充。,1974,active
娄底幼儿师范高等专科学校,娄底幼儿师范高等专科学校,4143014775,湖南省,娄底市,未分类,专科,false,,,教育部全国普通高等学校名单记录：主管部门=湖南省；办学层次=专科。官网与研究生院链接待逐校官方核验后补充。,1975,active
常德科技职业技术学院,常德科技职业技术学院,4143014814,湖南省,常德市,未分类,专科,false,,,教育部全国普通高等学校名单记录：主管部门=湖南省；办学层次=专科。官网与研究生院链接待逐校官方核验后补充。,1976,active
邵阳工业职业技术学院,邵阳工业职业技术学院,4143014815,湖南省,邵阳市,未分类,专科,false,,,教育部全国普通高等学校名单记录：主管部门=湖南省；办学层次=专科。官网与研究生院链接待逐校官方核验后补充。,1977,active
长沙轨道交通职业学院,长沙轨道交通职业学院,4143014816,湖南省,长沙市,未分类,专科,false,,,教育部全国普通高等学校名单记录：主管部门=湖南省教育厅；办学层次=专科；备注=民办。官网与研究生院链接待逐校官方核验后补充。,1978,active
长沙文创艺术职业学院,长沙文创艺术职业学院,4143014817,湖南省,长沙市,未分类,专科,false,,,教育部全国普通高等学校名单记录：主管部门=湖南省教育厅；办学层次=专科；备注=民办。官网与研究生院链接待逐校官方核验后补充。,1979,active
岳阳现代服务职业学院,岳阳现代服务职业学院,4143014818,湖南省,岳阳市,未分类,专科,false,,,教育部全国普通高等学校名单记录：主管部门=湖南省教育厅；办学层次=专科；备注=民办。官网与研究生院链接待逐校官方核验后补充。,1980,active
郴州思科职业学院,郴州思科职业学院,4143014819,湖南省,郴州市,未分类,专科,false,,,教育部全国普通高等学校名单记录：主管部门=湖南省教育厅；办学层次=专科；备注=民办。官网与研究生院链接待逐校官方核验后补充。,1981,active
衡阳科技职业学院,衡阳科技职业学院,4143014820,湖南省,衡阳市,未分类,专科,false,,,教育部全国普通高等学校名单记录：主管部门=湖南省教育厅；办学层次=专科；备注=民办。官网与研究生院链接待逐校官方核验后补充。,1982,active
怀化工商职业技术学院,怀化工商职业技术学院,4143014867,湖南省,怀化市,未分类,专科,false,,,教育部全国普通高等学校名单记录：主管部门=湖南省；办学层次=专科。官网与研究生院链接待逐校官方核验后补充。,1983,active
湘潭科技职业学院,湘潭科技职业学院,4243050812,湖南省,湘潭市,未分类,专科,false,,,教育部全国普通高等学校名单记录：主管部门=湖南省；办学层次=专科。官网与研究生院链接待逐校官方核验后补充。,1984,active
长沙医药健康职业学院,长沙医药健康职业学院,4143014892,湖南省,长沙市,未分类,专科,false,,,教育部全国普通高等学校名单记录：主管部门=湖南省教育厅；办学层次=专科；备注=民办。官网与研究生院链接待逐校官方核验后补充。,1985,active
长沙科技职业学院,长沙科技职业学院,4143014902,湖南省,长沙市,未分类,专科,false,,,教育部全国普通高等学校名单记录：主管部门=湖南省教育厅；办学层次=专科；备注=民办。官网与研究生院链接待逐校官方核验后补充。,1986,active
株洲科技职业学院,株洲科技职业学院,4143014903,湖南省,株洲市,未分类,专科,false,,,教育部全国普通高等学校名单记录：主管部门=湖南省教育厅；办学层次=专科；备注=民办。官网与研究生院链接待逐校官方核验后补充。,1987,active
衡阳理工职业学院,衡阳理工职业学院,4143014904,湖南省,衡阳市,未分类,专科,false,,,教育部全国普通高等学校名单记录：主管部门=湖南省教育厅；办学层次=专科；备注=民办。官网与研究生院链接待逐校官方核验后补充。,1988,active
郴州智能科技职业学院,郴州智能科技职业学院,4143014905,湖南省,郴州市,未分类,专科,false,,,教育部全国普通高等学校名单记录：主管部门=湖南省教育厅；办学层次=专科；备注=民办。官网与研究生院链接待逐校官方核验后补充。,1989,active
岳阳科技职业学院,岳阳科技职业学院,4143014933,湖南省,岳阳市,未分类,专科,false,,,教育部全国普通高等学校名单记录：主管部门=湖南省教育厅；办学层次=专科；备注=民办。官网与研究生院链接待逐校官方核验后补充。,1990,active
邵阳通航职业技术学院,邵阳通航职业技术学院,4143014934,湖南省,邵阳市,未分类,专科,false,,,教育部全国普通高等学校名单记录：主管部门=湖南省教育厅；办学层次=专科；备注=民办。官网与研究生院链接待逐校官方核验后补充。,1991,active
中山大学,中山大学,4144010558,广东省,广州市,未分类,本科,false,,,教育部全国普通高等学校名单记录：主管部门=教育部；办学层次=本科。官网与研究生院链接待逐校官方核验后补充。,1992,active
暨南大学,暨南大学,4144010559,广东省,广州市,未分类,本科,false,,,教育部全国普通高等学校名单记录：主管部门=中央统战部；办学层次=本科。官网与研究生院链接待逐校官方核验后补充。,1993,active
汕头大学,汕头大学,4144010560,广东省,汕头市,未分类,本科,false,,,教育部全国普通高等学校名单记录：主管部门=广东省；办学层次=本科。官网与研究生院链接待逐校官方核验后补充。,1994,active
华南理工大学,华南理工大学,4144010561,广东省,广州市,未分类,本科,false,,,教育部全国普通高等学校名单记录：主管部门=教育部；办学层次=本科。官网与研究生院链接待逐校官方核验后补充。,1995,active
华南农业大学,华南农业大学,4144010564,广东省,广州市,未分类,本科,false,,,教育部全国普通高等学校名单记录：主管部门=广东省；办学层次=本科。官网与研究生院链接待逐校官方核验后补充。,1996,active
广东海洋大学,广东海洋大学,4144010566,广东省,湛江市,未分类,本科,false,,,教育部全国普通高等学校名单记录：主管部门=广东省；办学层次=本科。官网与研究生院链接待逐校官方核验后补充。,1997,active
广州医科大学,广州医科大学,4144010570,广东省,广州市,未分类,本科,false,,,教育部全国普通高等学校名单记录：主管部门=广东省；办学层次=本科。官网与研究生院链接待逐校官方核验后补充。,1998,active
广东医科大学,广东医科大学,4144010571,广东省,湛江市,未分类,本科,false,,,教育部全国普通高等学校名单记录：主管部门=广东省；办学层次=本科。官网与研究生院链接待逐校官方核验后补充。,1999,active
广州中医药大学,广州中医药大学,4144010572,广东省,广州市,未分类,本科,false,,,教育部全国普通高等学校名单记录：主管部门=广东省；办学层次=本科。官网与研究生院链接待逐校官方核验后补充。,2000,active
广东药科大学,广东药科大学,4144010573,广东省,广州市,未分类,本科,false,,,教育部全国普通高等学校名单记录：主管部门=广东省；办学层次=本科。官网与研究生院链接待逐校官方核验后补充。,2001,active
华南师范大学,华南师范大学,4144010574,广东省,广州市,未分类,本科,false,,,教育部全国普通高等学校名单记录：主管部门=广东省；办学层次=本科。官网与研究生院链接待逐校官方核验后补充。,2002,active
韶关学院,韶关学院,4144010576,广东省,韶关市,未分类,本科,false,,,教育部全国普通高等学校名单记录：主管部门=广东省；办学层次=本科。官网与研究生院链接待逐校官方核验后补充。,2003,active
惠州学院,惠州学院,4144010577,广东省,惠州市,未分类,本科,false,,,教育部全国普通高等学校名单记录：主管部门=广东省；办学层次=本科。官网与研究生院链接待逐校官方核验后补充。,2004,active
韩山师范学院,韩山师范学院,4144010578,广东省,潮州市,未分类,本科,false,,,教育部全国普通高等学校名单记录：主管部门=广东省；办学层次=本科。官网与研究生院链接待逐校官方核验后补充。,2005,active
岭南师范学院,岭南师范学院,4144010579,广东省,湛江市,未分类,本科,false,,,教育部全国普通高等学校名单记录：主管部门=广东省；办学层次=本科。官网与研究生院链接待逐校官方核验后补充。,2006,active
肇庆学院,肇庆学院,4144010580,广东省,肇庆市,未分类,本科,false,,,教育部全国普通高等学校名单记录：主管部门=广东省；办学层次=本科。官网与研究生院链接待逐校官方核验后补充。,2007,active
嘉应学院,嘉应学院,4144010582,广东省,梅州市,未分类,本科,false,,,教育部全国普通高等学校名单记录：主管部门=广东省；办学层次=本科。官网与研究生院链接待逐校官方核验后补充。,2008,active
广州体育学院,广州体育学院,4144010585,广东省,广州市,未分类,本科,false,,,教育部全国普通高等学校名单记录：主管部门=广东省；办学层次=本科。官网与研究生院链接待逐校官方核验后补充。,2009,active
广州美术学院,广州美术学院,4144010586,广东省,广州市,未分类,本科,false,,,教育部全国普通高等学校名单记录：主管部门=广东省；办学层次=本科。官网与研究生院链接待逐校官方核验后补充。,2010,active
星海音乐学院,星海音乐学院,4144010587,广东省,广州市,未分类,本科,false,,,教育部全国普通高等学校名单记录：主管部门=广东省；办学层次=本科。官网与研究生院链接待逐校官方核验后补充。,2011,active
广东技术师范大学,广东技术师范大学,4144010588,广东省,广州市,未分类,本科,false,,,教育部全国普通高等学校名单记录：主管部门=广东省；办学层次=本科。官网与研究生院链接待逐校官方核验后补充。,2012,active
深圳大学,深圳大学,4144010590,广东省,深圳市,未分类,本科,false,,,教育部全国普通高等学校名单记录：主管部门=广东省；办学层次=本科。官网与研究生院链接待逐校官方核验后补充。,2013,active
广东财经大学,广东财经大学,4144010592,广东省,广州市,未分类,本科,false,,,教育部全国普通高等学校名单记录：主管部门=广东省；办学层次=本科。官网与研究生院链接待逐校官方核验后补充。,2014,active
广东白云学院,广东白云学院,4144010822,广东省,广州市,未分类,本科,false,,,教育部全国普通高等学校名单记录：主管部门=广东省教育厅；办学层次=本科；备注=民办。官网与研究生院链接待逐校官方核验后补充。,2015,active
广州大学,广州大学,4144011078,广东省,广州市,未分类,本科,false,,,教育部全国普通高等学校名单记录：主管部门=广东省；办学层次=本科。官网与研究生院链接待逐校官方核验后补充。,2016,active
广州航海学院,广州航海学院,4144011106,广东省,广州市,未分类,本科,false,,,教育部全国普通高等学校名单记录：主管部门=广东省；办学层次=本科。官网与研究生院链接待逐校官方核验后补充。,2017,active
广东警官学院,广东警官学院,4144011110,广东省,广州市,未分类,本科,false,,,教育部全国普通高等学校名单记录：主管部门=广东省；办学层次=本科。官网与研究生院链接待逐校官方核验后补充。,2018,active
仲恺农业工程学院,仲恺农业工程学院,4144011347,广东省,广州市,未分类,本科,false,,,教育部全国普通高等学校名单记录：主管部门=广东省；办学层次=本科。官网与研究生院链接待逐校官方核验后补充。,2019,active
五邑大学,五邑大学,4144011349,广东省,江门市,未分类,本科,false,,,教育部全国普通高等学校名单记录：主管部门=广东省；办学层次=本科。官网与研究生院链接待逐校官方核验后补充。,2020,active
广东金融学院,广东金融学院,4144011540,广东省,广州市,未分类,本科,false,,,教育部全国普通高等学校名单记录：主管部门=广东省；办学层次=本科。官网与研究生院链接待逐校官方核验后补充。,2021,active
电子科技大学中山学院,电子科技大学中山学院,4144011545,广东省,中山市,未分类,本科,false,,,教育部全国普通高等学校名单记录：主管部门=广东省教育厅；办学层次=本科；备注=民办。官网与研究生院链接待逐校官方核验后补充。,2022,active
广东石油化工学院,广东石油化工学院,4144011656,广东省,茂名市,未分类,本科,false,,,教育部全国普通高等学校名单记录：主管部门=广东省；办学层次=本科。官网与研究生院链接待逐校官方核验后补充。,2023,active
东莞理工学院,东莞理工学院,4144011819,广东省,东莞市,未分类,本科,false,,,教育部全国普通高等学校名单记录：主管部门=广东省；办学层次=本科。官网与研究生院链接待逐校官方核验后补充。,2024,active
广东工业大学,广东工业大学,4144011845,广东省,广州市,未分类,本科,false,,,教育部全国普通高等学校名单记录：主管部门=广东省；办学层次=本科。官网与研究生院链接待逐校官方核验后补充。,2025,active
广东外语外贸大学,广东外语外贸大学,4144011846,广东省,广州市,未分类,本科,false,,,教育部全国普通高等学校名单记录：主管部门=广东省；办学层次=本科。官网与研究生院链接待逐校官方核验后补充。,2026,active
佛山大学,佛山大学,4144011847,广东省,佛山市,未分类,本科,false,,,教育部全国普通高等学校名单记录：主管部门=广东省；办学层次=本科。官网与研究生院链接待逐校官方核验后补充。,2027,active
广东培正学院,广东培正学院,4144012059,广东省,广州市,未分类,本科,false,,,教育部全国普通高等学校名单记录：主管部门=广东省教育厅；办学层次=本科；备注=民办。官网与研究生院链接待逐校官方核验后补充。,2028,active
南方医科大学,南方医科大学,4144012121,广东省,广州市,未分类,本科,false,,,教育部全国普通高等学校名单记录：主管部门=广东省；办学层次=本科。官网与研究生院链接待逐校官方核验后补充。,2029,active
广东东软学院,广东东软学院,4144012574,广东省,佛山市,未分类,本科,false,,,教育部全国普通高等学校名单记录：主管部门=广东省教育厅；办学层次=本科；备注=民办。官网与研究生院链接待逐校官方核验后补充。,2030,active
广州城市理工学院,广州城市理工学院,4144012617,广东省,广州市,未分类,本科,false,,,教育部全国普通高等学校名单记录：主管部门=广东省教育厅；办学层次=本科；备注=民办。官网与研究生院链接待逐校官方核验后补充。,2031,active
广州软件学院,广州软件学院,4144012618,广东省,广州市,未分类,本科,false,,,教育部全国普通高等学校名单记录：主管部门=广东省教育厅；办学层次=本科；备注=民办。官网与研究生院链接待逐校官方核验后补充。,2032,active
广州南方学院,广州南方学院,4144012619,广东省,广州市,未分类,本科,false,,,教育部全国普通高等学校名单记录：主管部门=广东省教育厅；办学层次=本科；备注=民办。官网与研究生院链接待逐校官方核验后补充。,2033,active
广东外语外贸大学南国商学院,广东外语外贸大学南国商学院,4144012620,广东省,广州市,未分类,本科,false,,,教育部全国普通高等学校名单记录：主管部门=广东省教育厅；办学层次=本科；备注=民办。官网与研究生院链接待逐校官方核验后补充。,2034,active
广州华商学院,广州华商学院,4144012621,广东省,广州市,未分类,本科,false,,,教育部全国普通高等学校名单记录：主管部门=广东省教育厅；办学层次=本科；备注=民办。官网与研究生院链接待逐校官方核验后补充。,2035,active
湛江科技学院,湛江科技学院,4144012622,广东省,湛江市,未分类,本科,false,,,教育部全国普通高等学校名单记录：主管部门=广东省教育厅；办学层次=本科；备注=民办。官网与研究生院链接待逐校官方核验后补充。,2036,active
华南农业大学珠江学院,华南农业大学珠江学院,4144012623,广东省,广州市,未分类,本科,false,,,教育部全国普通高等学校名单记录：主管部门=广东省教育厅；办学层次=本科；备注=民办。官网与研究生院链接待逐校官方核验后补充。,2037,active
广州理工学院,广州理工学院,4144012668,广东省,广州市,未分类,本科,false,,,教育部全国普通高等学校名单记录：主管部门=广东省教育厅；办学层次=本科；备注=民办。官网与研究生院链接待逐校官方核验后补充。,2038,active
北京师范大学珠海分校,北京师范大学珠海分校,4144013177,广东省,珠海市,未分类,本科,false,,,教育部全国普通高等学校名单记录：主管部门=广东省教育厅；办学层次=本科；备注=民办。官网与研究生院链接待逐校官方核验后补充。,2039,active
广州华立学院,广州华立学院,4144013656,广东省,广州市,未分类,本科,false,,,教育部全国普通高等学校名单记录：主管部门=广东省教育厅；办学层次=本科；备注=民办。官网与研究生院链接待逐校官方核验后补充。,2040,active
广州应用科技学院,广州应用科技学院,4144013657,广东省,广州市,未分类,本科,false,,,教育部全国普通高等学校名单记录：主管部门=广东省教育厅；办学层次=本科；备注=民办。官网与研究生院链接待逐校官方核验后补充。,2041,active
广州商学院,广州商学院,4144013667,广东省,广州市,未分类,本科,false,,,教育部全国普通高等学校名单记录：主管部门=广东省教育厅；办学层次=本科；备注=民办。官网与研究生院链接待逐校官方核验后补充。,2042,active
北京理工大学珠海学院,北京理工大学珠海学院,4144013675,广东省,珠海市,未分类,本科,false,,,教育部全国普通高等学校名单记录：主管部门=广东省教育厅；办学层次=本科；备注=民办。官网与研究生院链接待逐校官方核验后补充。,2043,active
珠海科技学院,珠海科技学院,4144013684,广东省,珠海市,未分类,本科,false,,,教育部全国普通高等学校名单记录：主管部门=广东省教育厅；办学层次=本科；备注=民办。官网与研究生院链接待逐校官方核验后补充。,2044,active
广州工商学院,广州工商学院,4144013714,广东省,广州市,未分类,本科,false,,,教育部全国普通高等学校名单记录：主管部门=广东省教育厅；办学层次=本科；备注=民办。官网与研究生院链接待逐校官方核验后补充。,2045,active
广州科技职业技术大学,广州科技职业技术大学,4144013717,广东省,广州市,未分类,本科,false,,,教育部全国普通高等学校名单记录：主管部门=广东省教育厅；办学层次=本科；备注=民办。官网与研究生院链接待逐校官方核验后补充。,2046,active
广东科技学院,广东科技学院,4144013719,广东省,东莞市,未分类,本科,false,,,教育部全国普通高等学校名单记录：主管部门=广东省教育厅；办学层次=本科；备注=民办。官网与研究生院链接待逐校官方核验后补充。,2047,active
广东理工学院,广东理工学院,4144013720,广东省,肇庆市,未分类,本科,false,,,教育部全国普通高等学校名单记录：主管部门=广东省教育厅；办学层次=本科；备注=民办。官网与研究生院链接待逐校官方核验后补充。,2048,active
广东工商职业技术大学,广东工商职业技术大学,4144013721,广东省,肇庆市,未分类,本科,false,,,教育部全国普通高等学校名单记录：主管部门=广东省教育厅；办学层次=本科；备注=民办。官网与研究生院链接待逐校官方核验后补充。,2049,active
东莞城市学院,东莞城市学院,4144013844,广东省,东莞市,未分类,本科,false,,,教育部全国普通高等学校名单记录：主管部门=广东省教育厅；办学层次=本科；备注=民办。官网与研究生院链接待逐校官方核验后补充。,2050,active
广州新华学院,广州新华学院,4144013902,广东省,广州市,未分类,本科,false,,,教育部全国普通高等学校名单记录：主管部门=广东省教育厅；办学层次=本科；备注=民办。官网与研究生院链接待逐校官方核验后补充。,2051,active
广东第二师范学院,广东第二师范学院,4144014278,广东省,广州市,未分类,本科,false,,,教育部全国普通高等学校名单记录：主管部门=广东省；办学层次=本科。官网与研究生院链接待逐校官方核验后补充。,2052,active
南方科技大学,南方科技大学,4144014325,广东省,深圳市,未分类,本科,false,,,教育部全国普通高等学校名单记录：主管部门=广东省；办学层次=本科。官网与研究生院链接待逐校官方核验后补充。,2053,active
深圳技术大学,深圳技术大学,4144014655,广东省,深圳市,未分类,本科,false,,,教育部全国普通高等学校名单记录：主管部门=广东省；办学层次=本科。官网与研究生院链接待逐校官方核验后补充。,2054,active
北京师范大学-香港浸会大学联合国际学院,北京师范大学-香港浸会大学联合国际学院,4144016401,广东省,珠海市,未分类,本科,false,,,教育部全国普通高等学校名单记录：主管部门=广东省教育厅；办学层次=本科；备注=中外合作办学及内地与港澳合作办学。官网与研究生院链接待逐校官方核验后补充。,2055,active
香港科技大学（广州）,香港科技大学（广州）,4144016412,广东省,广州市,未分类,本科,false,,,教育部全国普通高等学校名单记录：主管部门=广东省教育厅；办学层次=本科；备注=中外合作办学及内地与港澳合作办学。官网与研究生院链接待逐校官方核验后补充。,2056,active
香港中文大学（深圳）,香港中文大学（深圳）,4144016407,广东省,深圳市,未分类,本科,false,,,教育部全国普通高等学校名单记录：主管部门=广东省教育厅；办学层次=本科；备注=中外合作办学及内地与港澳合作办学。官网与研究生院链接待逐校官方核验后补充。,2057,active
深圳北理莫斯科大学,深圳北理莫斯科大学,4144016409,广东省,深圳市,未分类,本科,false,,,教育部全国普通高等学校名单记录：主管部门=广东省教育厅；办学层次=本科；备注=中外合作办学及内地与港澳合作办学。官网与研究生院链接待逐校官方核验后补充。,2058,active
广东以色列理工学院,广东以色列理工学院,4144016410,广东省,汕头市,未分类,本科,false,,,教育部全国普通高等学校名单记录：主管部门=广东省教育厅；办学层次=本科；备注=中外合作办学及内地与港澳合作办学。官网与研究生院链接待逐校官方核验后补充。,2059,active
香港城市大学（东莞）,香港城市大学（东莞）,4144014851,广东省,东莞市,未分类,本科,false,,,教育部全国普通高等学校名单记录：主管部门=广东省教育厅；办学层次=本科；备注=中外合作办学及内地与港澳合作办学。官网与研究生院链接待逐校官方核验后补充。,2060,active
深圳职业技术大学,深圳职业技术大学,4144011113,广东省,深圳市,未分类,本科,false,,,教育部全国普通高等学校名单记录：主管部门=广东省；办学层次=本科。官网与研究生院链接待逐校官方核验后补充。,2061,active
深圳理工大学,深圳理工大学,4144014880,广东省,深圳市,未分类,本科,false,,,教育部全国普通高等学校名单记录：主管部门=广东省；办学层次=本科。官网与研究生院链接待逐校官方核验后补充。,2062,active
肇庆医学院,肇庆医学院,4144013810,广东省,肇庆市,未分类,本科,false,,,教育部全国普通高等学校名单记录：主管部门=广东省；办学层次=本科。官网与研究生院链接待逐校官方核验后补充。,2063,active
广东轻工职业技术大学,广东轻工职业技术大学,4144010833,广东省,广州市,未分类,本科,false,,,教育部全国普通高等学校名单记录：主管部门=广东省；办学层次=本科。官网与研究生院链接待逐校官方核验后补充。,2064,active
顺德职业技术大学,顺德职业技术大学,4144010831,广东省,佛山市,未分类,本科,false,,,教育部全国普通高等学校名单记录：主管部门=广东省；办学层次=本科。官网与研究生院链接待逐校官方核验后补充。,2065,active
广州职业技术大学,广州职业技术大学,4144012046,广东省,广州市,未分类,本科,false,,,教育部全国普通高等学校名单记录：主管部门=广东省；办学层次=本科。官网与研究生院链接待逐校官方核验后补充。,2066,active
深圳信息职业技术大学,深圳信息职业技术大学,4144012957,广东省,深圳市,未分类,本科,false,,,教育部全国普通高等学校名单记录：主管部门=广东省；办学层次=本科。官网与研究生院链接待逐校官方核验后补充。,2067,active
大湾区大学,大湾区大学,4144014942,广东省,东莞市,未分类,本科,false,,,教育部全国普通高等学校名单记录：主管部门=广东省；办学层次=本科。官网与研究生院链接待逐校官方核验后补充。,2068,active
广东交通职业技术学院,广东交通职业技术学院,4144010861,广东省,广州市,未分类,专科,false,,,教育部全国普通高等学校名单记录：主管部门=广东省；办学层次=专科。官网与研究生院链接待逐校官方核验后补充。,2069,active
广东水利电力职业技术学院,广东水利电力职业技术学院,4144010862,广东省,广州市,未分类,专科,false,,,教育部全国普通高等学校名单记录：主管部门=广东省；办学层次=专科。官网与研究生院链接待逐校官方核验后补充。,2070,active
潮汕职业技术学院,潮汕职业技术学院,4144010965,广东省,揭阳市,未分类,专科,false,,,教育部全国普通高等学校名单记录：主管部门=广东省教育厅；办学层次=专科；备注=民办。官网与研究生院链接待逐校官方核验后补充。,2071,active
广东南华工商职业学院,广东南华工商职业学院,4144011114,广东省,广州市,未分类,专科,false,,,教育部全国普通高等学校名单记录：主管部门=广东省；办学层次=专科。官网与研究生院链接待逐校官方核验后补充。,2072,active
私立华联学院,私立华联学院,4144011121,广东省,广州市,未分类,专科,false,,,教育部全国普通高等学校名单记录：主管部门=广东省教育厅；办学层次=专科；备注=民办。官网与研究生院链接待逐校官方核验后补充。,2073,active
广州民航职业技术学院,广州民航职业技术学院,4144012040,广东省,广州市,未分类,专科,false,,,教育部全国普通高等学校名单记录：主管部门=交通运输部（中国民用航空局）；办学层次=专科。官网与研究生院链接待逐校官方核验后补充。,2074,active
广东松山职业技术学院,广东松山职业技术学院,4144012060,广东省,韶关市,未分类,专科,false,,,教育部全国普通高等学校名单记录：主管部门=广东省；办学层次=专科。官网与研究生院链接待逐校官方核验后补充。,2075,active
广东农工商职业技术学院,广东农工商职业技术学院,4144012322,广东省,广州市,未分类,专科,false,,,教育部全国普通高等学校名单记录：主管部门=广东省；办学层次=专科。官网与研究生院链接待逐校官方核验后补充。,2076,active
广东新安职业技术学院,广东新安职业技术学院,4144012325,广东省,深圳市,未分类,专科,false,,,教育部全国普通高等学校名单记录：主管部门=广东省教育厅；办学层次=专科；备注=民办。官网与研究生院链接待逐校官方核验后补充。,2077,active
佛山职业技术学院,佛山职业技术学院,4144012327,广东省,佛山市,未分类,专科,false,,,教育部全国普通高等学校名单记录：主管部门=广东省；办学层次=专科。官网与研究生院链接待逐校官方核验后补充。,2078,active
广东科学技术职业学院,广东科学技术职业学院,4144012572,广东省,广州市,未分类,专科,false,,,教育部全国普通高等学校名单记录：主管部门=广东省；办学层次=专科。官网与研究生院链接待逐校官方核验后补充。,2079,active
广东食品药品职业学院,广东食品药品职业学院,4144012573,广东省,广州市,未分类,专科,false,,,教育部全国普通高等学校名单记录：主管部门=广东省；办学层次=专科。官网与研究生院链接待逐校官方核验后补充。,2080,active
广州康大职业技术学院,广州康大职业技术学院,4144012575,广东省,广州市,未分类,专科,false,,,教育部全国普通高等学校名单记录：主管部门=广东省教育厅；办学层次=专科；备注=民办。官网与研究生院链接待逐校官方核验后补充。,2081,active
珠海艺术职业学院,珠海艺术职业学院,4144012576,广东省,珠海市,未分类,专科,false,,,教育部全国普通高等学校名单记录：主管部门=广东省教育厅；办学层次=专科；备注=民办。官网与研究生院链接待逐校官方核验后补充。,2082,active
广东行政职业学院,广东行政职业学院,4144012577,广东省,广州市,未分类,专科,false,,,教育部全国普通高等学校名单记录：主管部门=广东省；办学层次=专科。官网与研究生院链接待逐校官方核验后补充。,2083,active
广东体育职业技术学院,广东体育职业技术学院,4144012578,广东省,广州市,未分类,专科,false,,,教育部全国普通高等学校名单记录：主管部门=广东省；办学层次=专科。官网与研究生院链接待逐校官方核验后补充。,2084,active
广东职业技术学院,广东职业技术学院,4144012736,广东省,佛山市,未分类,专科,false,,,教育部全国普通高等学校名单记录：主管部门=广东省；办学层次=专科。官网与研究生院链接待逐校官方核验后补充。,2085,active
广东建设职业技术学院,广东建设职业技术学院,4144012741,广东省,广州市,未分类,专科,false,,,教育部全国普通高等学校名单记录：主管部门=广东省；办学层次=专科。官网与研究生院链接待逐校官方核验后补充。,2086,active
广东女子职业技术学院,广东女子职业技术学院,4144012742,广东省,广州市,未分类,专科,false,,,教育部全国普通高等学校名单记录：主管部门=广东省；办学层次=专科。官网与研究生院链接待逐校官方核验后补充。,2087,active
广东机电职业技术学院,广东机电职业技术学院,4144012743,广东省,广州市,未分类,专科,false,,,教育部全国普通高等学校名单记录：主管部门=广东省；办学层次=专科。官网与研究生院链接待逐校官方核验后补充。,2088,active
广东岭南职业技术学院,广东岭南职业技术学院,4144012749,广东省,广州市,未分类,专科,false,,,教育部全国普通高等学校名单记录：主管部门=广东省教育厅；办学层次=专科；备注=民办。官网与研究生院链接待逐校官方核验后补充。,2089,active
汕尾职业技术学院,汕尾职业技术学院,4144012765,广东省,汕尾市,未分类,专科,false,,,教育部全国普通高等学校名单记录：主管部门=广东省；办学层次=专科。官网与研究生院链接待逐校官方核验后补充。,2090,active
罗定职业技术学院,罗定职业技术学院,4144012770,广东省,云浮市,未分类,专科,false,,,教育部全国普通高等学校名单记录：主管部门=广东省；办学层次=专科。官网与研究生院链接待逐校官方核验后补充。,2091,active
阳江职业技术学院,阳江职业技术学院,4144012771,广东省,阳江市,未分类,专科,false,,,教育部全国普通高等学校名单记录：主管部门=广东省；办学层次=专科。官网与研究生院链接待逐校官方核验后补充。,2092,active
河源职业技术学院,河源职业技术学院,4144012772,广东省,河源市,未分类,专科,false,,,教育部全国普通高等学校名单记录：主管部门=广东省；办学层次=专科。官网与研究生院链接待逐校官方核验后补充。,2093,active
广东邮电职业技术学院,广东邮电职业技术学院,4144012953,广东省,广州市,未分类,专科,false,,,教育部全国普通高等学校名单记录：主管部门=广东省；办学层次=专科。官网与研究生院链接待逐校官方核验后补充。,2094,active
汕头职业技术学院,汕头职业技术学院,4144012954,广东省,汕头市,未分类,专科,false,,,教育部全国普通高等学校名单记录：主管部门=广东省；办学层次=专科。官网与研究生院链接待逐校官方核验后补充。,2095,active
揭阳职业技术学院,揭阳职业技术学院,4144012956,广东省,揭阳市,未分类,专科,false,,,教育部全国普通高等学校名单记录：主管部门=广东省；办学层次=专科。官网与研究生院链接待逐校官方核验后补充。,2096,active
清远职业技术学院,清远职业技术学院,4144012958,广东省,清远市,未分类,专科,false,,,教育部全国普通高等学校名单记录：主管部门=广东省；办学层次=专科。官网与研究生院链接待逐校官方核验后补充。,2097,active
广东工贸职业技术学院,广东工贸职业技术学院,4144012959,广东省,广州市,未分类,专科,false,,,教育部全国普通高等学校名单记录：主管部门=广东省；办学层次=专科。官网与研究生院链接待逐校官方核验后补充。,2098,active
广东司法警官职业学院,广东司法警官职业学院,4144012960,广东省,广州市,未分类,专科,false,,,教育部全国普通高等学校名单记录：主管部门=广东省；办学层次=专科。官网与研究生院链接待逐校官方核验后补充。,2099,active
广东亚视演艺职业学院,广东亚视演艺职业学院,4144012961,广东省,肇庆市,未分类,专科,false,,,教育部全国普通高等学校名单记录：主管部门=广东省教育厅；办学层次=专科；备注=民办。官网与研究生院链接待逐校官方核验后补充。,2100,active
广东省外语艺术职业学院,广东省外语艺术职业学院,4144012962,广东省,广州市,未分类,专科,false,,,教育部全国普通高等学校名单记录：主管部门=广东省；办学层次=专科。官网与研究生院链接待逐校官方核验后补充。,2101,active
广东文艺职业学院,广东文艺职业学院,4144013707,广东省,广州市,未分类,专科,false,,,教育部全国普通高等学校名单记录：主管部门=广东省；办学层次=专科。官网与研究生院链接待逐校官方核验后补充。,2102,active
广州体育职业技术学院,广州体育职业技术学院,4144013708,广东省,广州市,未分类,专科,false,,,教育部全国普通高等学校名单记录：主管部门=广东省；办学层次=专科。官网与研究生院链接待逐校官方核验后补充。,2103,active
广州工程技术职业学院,广州工程技术职业学院,4144013709,广东省,广州市,未分类,专科,false,,,教育部全国普通高等学校名单记录：主管部门=广东省；办学层次=专科。官网与研究生院链接待逐校官方核验后补充。,2104,active
中山火炬职业技术学院,中山火炬职业技术学院,4144013710,广东省,中山市,未分类,专科,false,,,教育部全国普通高等学校名单记录：主管部门=广东省；办学层次=专科。官网与研究生院链接待逐校官方核验后补充。,2105,active
江门职业技术学院,江门职业技术学院,4144013711,广东省,江门市,未分类,专科,false,,,教育部全国普通高等学校名单记录：主管部门=广东省；办学层次=专科。官网与研究生院链接待逐校官方核验后补充。,2106,active
茂名职业技术学院,茂名职业技术学院,4144013712,广东省,茂名市,未分类,专科,false,,,教育部全国普通高等学校名单记录：主管部门=广东省；办学层次=专科。官网与研究生院链接待逐校官方核验后补充。,2107,active
珠海城市职业技术学院,珠海城市职业技术学院,4144013713,广东省,珠海市,未分类,专科,false,,,教育部全国普通高等学校名单记录：主管部门=广东省；办学层次=专科。官网与研究生院链接待逐校官方核验后补充。,2108,active
广州涉外经济职业技术学院,广州涉外经济职业技术学院,4144013715,广东省,广州市,未分类,专科,false,,,教育部全国普通高等学校名单记录：主管部门=广东省教育厅；办学层次=专科；备注=民办。官网与研究生院链接待逐校官方核验后补充。,2109,active
广州南洋理工职业学院,广州南洋理工职业学院,4144013716,广东省,广州市,未分类,专科,false,,,教育部全国普通高等学校名单记录：主管部门=广东省教育厅；办学层次=专科；备注=民办。官网与研究生院链接待逐校官方核验后补充。,2110,active
惠州经济职业技术学院,惠州经济职业技术学院,4144013718,广东省,惠州市,未分类,专科,false,,,教育部全国普通高等学校名单记录：主管部门=广东省教育厅；办学层次=专科；备注=民办。官网与研究生院链接待逐校官方核验后补充。,2111,active
广州现代信息工程职业技术学院,广州现代信息工程职业技术学院,4144013912,广东省,广州市,未分类,专科,false,,,教育部全国普通高等学校名单记录：主管部门=广东省教育厅；办学层次=专科；备注=民办。官网与研究生院链接待逐校官方核验后补充。,2112,active
广东理工职业学院,广东理工职业学院,4144013919,广东省,广州市,未分类,专科,false,,,教育部全国普通高等学校名单记录：主管部门=广东省；办学层次=专科。官网与研究生院链接待逐校官方核验后补充。,2113,active
广州华南商贸职业学院,广州华南商贸职业学院,4144013927,广东省,广州市,未分类,专科,false,,,教育部全国普通高等学校名单记录：主管部门=广东省教育厅；办学层次=专科；备注=民办。官网与研究生院链接待逐校官方核验后补充。,2114,active
广州华立科技职业学院,广州华立科技职业学院,4144013928,广东省,广州市,未分类,专科,false,,,教育部全国普通高等学校名单记录：主管部门=广东省教育厅；办学层次=专科；备注=民办。官网与研究生院链接待逐校官方核验后补充。,2115,active
广州城市职业学院,广州城市职业学院,4144013929,广东省,广州市,未分类,专科,false,,,教育部全国普通高等学校名单记录：主管部门=广东省；办学层次=专科。官网与研究生院链接待逐校官方核验后补充。,2116,active
广东工程职业技术学院,广东工程职业技术学院,4144013930,广东省,广州市,未分类,专科,false,,,教育部全国普通高等学校名单记录：主管部门=广东省；办学层次=专科。官网与研究生院链接待逐校官方核验后补充。,2117,active
广州铁路职业技术学院,广州铁路职业技术学院,4144013943,广东省,广州市,未分类,专科,false,,,教育部全国普通高等学校名单记录：主管部门=广东省；办学层次=专科。官网与研究生院链接待逐校官方核验后补充。,2118,active
广东科贸职业学院,广东科贸职业学院,4144014063,广东省,广州市,未分类,专科,false,,,教育部全国普通高等学校名单记录：主管部门=广东省；办学层次=专科。官网与研究生院链接待逐校官方核验后补充。,2119,active
广州科技贸易职业学院,广州科技贸易职业学院,4144014065,广东省,广州市,未分类,专科,false,,,教育部全国普通高等学校名单记录：主管部门=广东省；办学层次=专科。官网与研究生院链接待逐校官方核验后补充。,2120,active
中山职业技术学院,中山职业技术学院,4144014066,广东省,中山市,未分类,专科,false,,,教育部全国普通高等学校名单记录：主管部门=广东省；办学层次=专科。官网与研究生院链接待逐校官方核验后补充。,2121,active
广州珠江职业技术学院,广州珠江职业技术学院,4144014123,广东省,广州市,未分类,专科,false,,,教育部全国普通高等学校名单记录：主管部门=广东省教育厅；办学层次=专科；备注=民办。官网与研究生院链接待逐校官方核验后补充。,2122,active
广州松田职业学院,广州松田职业学院,4144014125,广东省,广州市,未分类,专科,false,,,教育部全国普通高等学校名单记录：主管部门=广东省教育厅；办学层次=专科；备注=民办。官网与研究生院链接待逐校官方核验后补充。,2123,active
广东文理职业学院,广东文理职业学院,4144014126,广东省,湛江市,未分类,专科,false,,,教育部全国普通高等学校名单记录：主管部门=广东省教育厅；办学层次=专科；备注=民办。官网与研究生院链接待逐校官方核验后补充。,2124,active
广州城建职业学院,广州城建职业学院,4144014136,广东省,广州市,未分类,专科,false,,,教育部全国普通高等学校名单记录：主管部门=广东省教育厅；办学层次=专科；备注=民办。官网与研究生院链接待逐校官方核验后补充。,2125,active
东莞职业技术学院,东莞职业技术学院,4144014263,广东省,东莞市,未分类,专科,false,,,教育部全国普通高等学校名单记录：主管部门=广东省；办学层次=专科。官网与研究生院链接待逐校官方核验后补充。,2126,active
广东南方职业学院,广东南方职业学院,4144014265,广东省,江门市,未分类,专科,false,,,教育部全国普通高等学校名单记录：主管部门=广东省教育厅；办学层次=专科；备注=民办。官网与研究生院链接待逐校官方核验后补充。,2127,active
广州华商职业学院,广州华商职业学院,4144014266,广东省,广州市,未分类,专科,false,,,教育部全国普通高等学校名单记录：主管部门=广东省教育厅；办学层次=专科；备注=民办。官网与研究生院链接待逐校官方核验后补充。,2128,active
广州华夏职业学院,广州华夏职业学院,4144014268,广东省,广州市,未分类,专科,false,,,教育部全国普通高等学校名单记录：主管部门=广东省教育厅；办学层次=专科；备注=民办。官网与研究生院链接待逐校官方核验后补充。,2129,active
广东环境保护工程职业学院,广东环境保护工程职业学院,4144014311,广东省,佛山市,未分类,专科,false,,,教育部全国普通高等学校名单记录：主管部门=广东省；办学层次=专科。官网与研究生院链接待逐校官方核验后补充。,2130,active
广东青年职业学院,广东青年职业学院,4144014361,广东省,广州市,未分类,专科,false,,,教育部全国普通高等学校名单记录：主管部门=广东省；办学层次=专科。官网与研究生院链接待逐校官方核验后补充。,2131,active
广州东华职业学院,广州东华职业学院,4144014362,广东省,广州市,未分类,专科,false,,,教育部全国普通高等学校名单记录：主管部门=广东省教育厅；办学层次=专科；备注=民办。官网与研究生院链接待逐校官方核验后补充。,2132,active
广东创新科技职业学院,广东创新科技职业学院,4144014363,广东省,东莞市,未分类,专科,false,,,教育部全国普通高等学校名单记录：主管部门=广东省教育厅；办学层次=专科；备注=民办。官网与研究生院链接待逐校官方核验后补充。,2133,active
广东艺术职业学院,广东艺术职业学院,4144014407,广东省,广州市,未分类,专科,false,,,教育部全国普通高等学校名单记录：主管部门=广东省；办学层次=专科。官网与研究生院链接待逐校官方核验后补充。,2134,active
惠州卫生职业技术学院,惠州卫生职业技术学院,4144014408,广东省,惠州市,未分类,专科,false,,,教育部全国普通高等学校名单记录：主管部门=广东省；办学层次=专科。官网与研究生院链接待逐校官方核验后补充。,2135,active
广东信息工程职业学院,广东信息工程职业学院,4144014427,广东省,肇庆市,未分类,专科,false,,,教育部全国普通高等学校名单记录：主管部门=广东省教育厅；办学层次=专科；备注=民办。官网与研究生院链接待逐校官方核验后补充。,2136,active
广东生态工程职业学院,广东生态工程职业学院,4144014509,广东省,广州市,未分类,专科,false,,,教育部全国普通高等学校名单记录：主管部门=广东省；办学层次=专科。官网与研究生院链接待逐校官方核验后补充。,2137,active
惠州城市职业学院,惠州城市职业学院,4144014510,广东省,惠州市,未分类,专科,false,,,教育部全国普通高等学校名单记录：主管部门=广东省；办学层次=专科。官网与研究生院链接待逐校官方核验后补充。,2138,active
广东碧桂园职业学院,广东碧桂园职业学院,4144014511,广东省,清远市,未分类,专科,false,,,教育部全国普通高等学校名单记录：主管部门=广东省教育厅；办学层次=专科；备注=民办。官网与研究生院链接待逐校官方核验后补充。,2139,active
广东茂名健康职业学院,广东茂名健康职业学院,4144014556,广东省,茂名市,未分类,专科,false,,,教育部全国普通高等学校名单记录：主管部门=广东省；办学层次=专科。官网与研究生院链接待逐校官方核验后补充。,2140,active
广东酒店管理职业技术学院,广东酒店管理职业技术学院,4144014572,广东省,东莞市,未分类,专科,false,,,教育部全国普通高等学校名单记录：主管部门=广东省教育厅；办学层次=专科；备注=民办。官网与研究生院链接待逐校官方核验后补充。,2141,active
广东茂名幼儿师范专科学校,广东茂名幼儿师范专科学校,4144014587,广东省,茂名市,未分类,专科,false,,,教育部全国普通高等学校名单记录：主管部门=广东省；办学层次=专科。官网与研究生院链接待逐校官方核验后补充。,2142,active
广州卫生职业技术学院,广州卫生职业技术学院,4144014592,广东省,广州市,未分类,专科,false,,,教育部全国普通高等学校名单记录：主管部门=广东省；办学层次=专科。官网与研究生院链接待逐校官方核验后补充。,2143,active
惠州工程职业学院,惠州工程职业学院,4144014609,广东省,惠州市,未分类,专科,false,,,教育部全国普通高等学校名单记录：主管部门=广东省；办学层次=专科。官网与研究生院链接待逐校官方核验后补充。,2144,active
广东江门中医药职业学院,广东江门中医药职业学院,4144014610,广东省,江门市,未分类,专科,false,,,教育部全国普通高等学校名单记录：主管部门=广东省；办学层次=专科。官网与研究生院链接待逐校官方核验后补充。,2145,active
广东茂名农林科技职业学院,广东茂名农林科技职业学院,4144014638,广东省,茂名市,未分类,专科,false,,,教育部全国普通高等学校名单记录：主管部门=广东省；办学层次=专科。官网与研究生院链接待逐校官方核验后补充。,2146,active
广东江门幼儿师范高等专科学校,广东江门幼儿师范高等专科学校,4144014664,广东省,江门市,未分类,专科,false,,,教育部全国普通高等学校名单记录：主管部门=广东省；办学层次=专科。官网与研究生院链接待逐校官方核验后补充。,2147,active
广东财贸职业学院,广东财贸职业学院,4144014667,广东省,清远市,未分类,专科,false,,,教育部全国普通高等学校名单记录：主管部门=广东省；办学层次=专科。官网与研究生院链接待逐校官方核验后补充。,2148,active
广州幼儿师范高等专科学校,广州幼儿师范高等专科学校,4144014756,广东省,广州市,未分类,专科,false,,,教育部全国普通高等学校名单记录：主管部门=广东省；办学层次=专科。官网与研究生院链接待逐校官方核验后补充。,2149,active
广东汕头幼儿师范高等专科学校,广东汕头幼儿师范高等专科学校,4144014757,广东省,汕头市,未分类,专科,false,,,教育部全国普通高等学校名单记录：主管部门=广东省；办学层次=专科。官网与研究生院链接待逐校官方核验后补充。,2150,active
广东梅州职业技术学院,广东梅州职业技术学院,4144014758,广东省,梅州市,未分类,专科,false,,,教育部全国普通高等学校名单记录：主管部门=广东省；办学层次=专科。官网与研究生院链接待逐校官方核验后补充。,2151,active
广东潮州卫生健康职业学院,广东潮州卫生健康职业学院,4144014759,广东省,潮州市,未分类,专科,false,,,教育部全国普通高等学校名单记录：主管部门=广东省；办学层次=专科。官网与研究生院链接待逐校官方核验后补充。,2152,active
广东云浮中医药职业学院,广东云浮中医药职业学院,4144014760,广东省,云浮市,未分类,专科,false,,,教育部全国普通高等学校名单记录：主管部门=广东省；办学层次=专科。官网与研究生院链接待逐校官方核验后补充。,2153,active
广东肇庆航空职业学院,广东肇庆航空职业学院,4144014761,广东省,肇庆市,未分类,专科,false,,,教育部全国普通高等学校名单记录：主管部门=广东省教育厅；办学层次=专科；备注=民办。官网与研究生院链接待逐校官方核验后补充。,2154,active
湛江幼儿师范专科学校,湛江幼儿师范专科学校,4244050853,广东省,湛江市,未分类,专科,false,,,教育部全国普通高等学校名单记录：主管部门=广东省；办学层次=专科。官网与研究生院链接待逐校官方核验后补充。,2155,active
珠海格力职业学院,珠海格力职业学院,4144014798,广东省,珠海市,未分类,专科,false,,,教育部全国普通高等学校名单记录：主管部门=广东省教育厅；办学层次=专科；备注=民办。官网与研究生院链接待逐校官方核验后补充。,2156,active
深圳城市职业学院,深圳城市职业学院,4144014845,广东省,深圳市,未分类,专科,false,,,教育部全国普通高等学校名单记录：主管部门=广东省；办学层次=专科。官网与研究生院链接待逐校官方核验后补充。,2157,active
广西大学,广西大学,4145010593,广西壮族自治区,南宁市,未分类,本科,false,,,教育部全国普通高等学校名单记录：主管部门=广西壮族自治区；办学层次=本科。官网与研究生院链接待逐校官方核验后补充。,2158,active
广西科技大学,广西科技大学,4145010594,广西壮族自治区,柳州市,未分类,本科,false,,,教育部全国普通高等学校名单记录：主管部门=广西壮族自治区；办学层次=本科。官网与研究生院链接待逐校官方核验后补充。,2159,active
桂林电子科技大学,桂林电子科技大学,4145010595,广西壮族自治区,桂林市,未分类,本科,false,,,教育部全国普通高等学校名单记录：主管部门=广西壮族自治区；办学层次=本科。官网与研究生院链接待逐校官方核验后补充。,2160,active
桂林理工大学,桂林理工大学,4145010596,广西壮族自治区,桂林市,未分类,本科,false,,,教育部全国普通高等学校名单记录：主管部门=广西壮族自治区；办学层次=本科。官网与研究生院链接待逐校官方核验后补充。,2161,active
广西医科大学,广西医科大学,4145010598,广西壮族自治区,南宁市,未分类,本科,false,,,教育部全国普通高等学校名单记录：主管部门=广西壮族自治区；办学层次=本科。官网与研究生院链接待逐校官方核验后补充。,2162,active
右江民族医学院,右江民族医学院,4145010599,广西壮族自治区,百色市,未分类,本科,false,,,教育部全国普通高等学校名单记录：主管部门=广西壮族自治区；办学层次=本科。官网与研究生院链接待逐校官方核验后补充。,2163,active
广西中医药大学,广西中医药大学,4145010600,广西壮族自治区,南宁市,未分类,本科,false,,,教育部全国普通高等学校名单记录：主管部门=广西壮族自治区；办学层次=本科。官网与研究生院链接待逐校官方核验后补充。,2164,active
桂林医科大学,桂林医科大学,4145010601,广西壮族自治区,桂林市,未分类,本科,false,,,教育部全国普通高等学校名单记录：主管部门=广西壮族自治区；办学层次=本科。官网与研究生院链接待逐校官方核验后补充。,2165,active
广西师范大学,广西师范大学,4145010602,广西壮族自治区,桂林市,未分类,本科,false,,,教育部全国普通高等学校名单记录：主管部门=广西壮族自治区；办学层次=本科。官网与研究生院链接待逐校官方核验后补充。,2166,active
南宁师范大学,南宁师范大学,4145010603,广西壮族自治区,南宁市,未分类,本科,false,,,教育部全国普通高等学校名单记录：主管部门=广西壮族自治区；办学层次=本科。官网与研究生院链接待逐校官方核验后补充。,2167,active
广西民族师范学院,广西民族师范学院,4145010604,广西壮族自治区,崇左市,未分类,本科,false,,,教育部全国普通高等学校名单记录：主管部门=广西壮族自治区；办学层次=本科。官网与研究生院链接待逐校官方核验后补充。,2168,active
河池学院,河池学院,4145010605,广西壮族自治区,河池市,未分类,本科,false,,,教育部全国普通高等学校名单记录：主管部门=广西壮族自治区；办学层次=本科。官网与研究生院链接待逐校官方核验后补充。,2169,active
玉林师范学院,玉林师范学院,4145010606,广西壮族自治区,玉林市,未分类,本科,false,,,教育部全国普通高等学校名单记录：主管部门=广西壮族自治区；办学层次=本科。官网与研究生院链接待逐校官方核验后补充。,2170,active
广西艺术学院,广西艺术学院,4145010607,广西壮族自治区,南宁市,未分类,本科,false,,,教育部全国普通高等学校名单记录：主管部门=广西壮族自治区；办学层次=本科。官网与研究生院链接待逐校官方核验后补充。,2171,active
广西民族大学,广西民族大学,4145010608,广西壮族自治区,南宁市,未分类,本科,false,,,教育部全国普通高等学校名单记录：主管部门=广西壮族自治区；办学层次=本科。官网与研究生院链接待逐校官方核验后补充。,2172,active
百色学院,百色学院,4145010609,广西壮族自治区,百色市,未分类,本科,false,,,教育部全国普通高等学校名单记录：主管部门=广西壮族自治区；办学层次=本科。官网与研究生院链接待逐校官方核验后补充。,2173,active
梧州学院,梧州学院,4145011354,广西壮族自治区,梧州市,未分类,本科,false,,,教育部全国普通高等学校名单记录：主管部门=广西壮族自治区；办学层次=本科。官网与研究生院链接待逐校官方核验后补充。,2174,active
广西科技师范学院,广西科技师范学院,4145011546,广西壮族自治区,来宾市,未分类,本科,false,,,教育部全国普通高等学校名单记录：主管部门=广西壮族自治区；办学层次=本科。官网与研究生院链接待逐校官方核验后补充。,2175,active
广西财经学院,广西财经学院,4145011548,广西壮族自治区,南宁市,未分类,本科,false,,,教育部全国普通高等学校名单记录：主管部门=广西壮族自治区；办学层次=本科。官网与研究生院链接待逐校官方核验后补充。,2176,active
南宁学院,南宁学院,4145011549,广西壮族自治区,南宁市,未分类,本科,false,,,教育部全国普通高等学校名单记录：主管部门=广西壮族自治区教育厅；办学层次=本科；备注=民办。官网与研究生院链接待逐校官方核验后补充。,2177,active
北部湾大学,北部湾大学,4145011607,广西壮族自治区,钦州市,未分类,本科,false,,,教育部全国普通高等学校名单记录：主管部门=广西壮族自治区；办学层次=本科。官网与研究生院链接待逐校官方核验后补充。,2178,active
桂林航天工业学院,桂林航天工业学院,4145011825,广西壮族自治区,桂林市,未分类,本科,false,,,教育部全国普通高等学校名单记录：主管部门=广西壮族自治区；办学层次=本科。官网与研究生院链接待逐校官方核验后补充。,2179,active
桂林旅游学院,桂林旅游学院,4145011837,广西壮族自治区,桂林市,未分类,本科,false,,,教育部全国普通高等学校名单记录：主管部门=广西壮族自治区；办学层次=本科。官网与研究生院链接待逐校官方核验后补充。,2180,active
贺州学院,贺州学院,4145011838,广西壮族自治区,贺州市,未分类,本科,false,,,教育部全国普通高等学校名单记录：主管部门=广西壮族自治区；办学层次=本科。官网与研究生院链接待逐校官方核验后补充。,2181,active
广西警察学院,广西警察学院,4145013520,广西壮族自治区,南宁市,未分类,本科,false,,,教育部全国普通高等学校名单记录：主管部门=广西壮族自治区；办学层次=本科。官网与研究生院链接待逐校官方核验后补充。,2182,active
北海艺术设计学院,北海艺术设计学院,4145013524,广西壮族自治区,北海市,未分类,本科,false,,,教育部全国普通高等学校名单记录：主管部门=广西壮族自治区教育厅；办学层次=本科；备注=民办。官网与研究生院链接待逐校官方核验后补充。,2183,active
广西农业职业技术大学,广西农业职业技术大学,4145016205,广西壮族自治区,南宁市,未分类,本科,false,,,教育部全国普通高等学校名单记录：主管部门=广西壮族自治区；办学层次=本科。官网与研究生院链接待逐校官方核验后补充。,2184,active
柳州工学院,柳州工学院,4145013639,广西壮族自治区,柳州市,未分类,本科,false,,,教育部全国普通高等学校名单记录：主管部门=广西壮族自治区教育厅；办学层次=本科；备注=民办。官网与研究生院链接待逐校官方核验后补充。,2185,active
广西民族大学相思湖学院,广西民族大学相思湖学院,4145013640,广西壮族自治区,南宁市,未分类,本科,false,,,教育部全国普通高等学校名单记录：主管部门=广西壮族自治区教育厅；办学层次=本科；备注=民办。官网与研究生院链接待逐校官方核验后补充。,2186,active
桂林学院,桂林学院,4145013641,广西壮族自治区,桂林市,未分类,本科,false,,,教育部全国普通高等学校名单记录：主管部门=广西壮族自治区教育厅；办学层次=本科；备注=民办。官网与研究生院链接待逐校官方核验后补充。,2187,active
南宁师范大学师园学院,南宁师范大学师园学院,4145013642,广西壮族自治区,南宁市,未分类,本科,false,,,教育部全国普通高等学校名单记录：主管部门=广西壮族自治区教育厅；办学层次=本科；备注=民办。官网与研究生院链接待逐校官方核验后补充。,2188,active
广西中医药大学赛恩斯新医药学院,广西中医药大学赛恩斯新医药学院,4145013643,广西壮族自治区,南宁市,未分类,本科,false,,,教育部全国普通高等学校名单记录：主管部门=广西壮族自治区教育厅；办学层次=本科；备注=民办。官网与研究生院链接待逐校官方核验后补充。,2189,active
桂林信息科技学院,桂林信息科技学院,4145013644,广西壮族自治区,桂林市,未分类,本科,false,,,教育部全国普通高等学校名单记录：主管部门=广西壮族自治区教育厅；办学层次=本科；备注=民办。官网与研究生院链接待逐校官方核验后补充。,2190,active
南宁理工学院,南宁理工学院,4145013645,广西壮族自治区,桂林市,未分类,本科,false,,,教育部全国普通高等学校名单记录：主管部门=广西壮族自治区教育厅；办学层次=本科；备注=民办。官网与研究生院链接待逐校官方核验后补充。,2191,active
广西外国语学院,广西外国语学院,4145013830,广西壮族自治区,南宁市,未分类,本科,false,,,教育部全国普通高等学校名单记录：主管部门=广西壮族自治区教育厅；办学层次=本科；备注=民办。官网与研究生院链接待逐校官方核验后补充。,2192,active
北京航空航天大学北海学院,北京航空航天大学北海学院,4145013890,广西壮族自治区,北海市,未分类,本科,false,,,教育部全国普通高等学校名单记录：主管部门=广西壮族自治区教育厅；办学层次=本科；备注=民办。官网与研究生院链接待逐校官方核验后补充。,2193,active
广西城市职业大学,广西城市职业大学,4145013920,广西壮族自治区,崇左市,未分类,本科,false,,,教育部全国普通高等学校名单记录：主管部门=广西壮族自治区教育厅；办学层次=本科；备注=民办。官网与研究生院链接待逐校官方核验后补充。,2194,active
广西职业师范学院,广西职业师范学院,4145014684,广西壮族自治区,南宁市,未分类,本科,false,,,教育部全国普通高等学校名单记录：主管部门=广西壮族自治区；办学层次=本科。官网与研究生院链接待逐校官方核验后补充。,2195,active
南宁职业技术大学,南宁职业技术大学,4145011355,广西壮族自治区,南宁市,未分类,本科,false,,,教育部全国普通高等学校名单记录：主管部门=广西壮族自治区；办学层次=本科。官网与研究生院链接待逐校官方核验后补充。,2196,active
柳州职业技术大学,柳州职业技术大学,4145012104,广西壮族自治区,柳州市,未分类,本科,false,,,教育部全国普通高等学校名单记录：主管部门=广西壮族自治区；办学层次=本科。官网与研究生院链接待逐校官方核验后补充。,2197,active
桂林师范学院,桂林师范学院,4145011671,广西壮族自治区,桂林市,未分类,本科,false,,,教育部全国普通高等学校名单记录：主管部门=广西壮族自治区；办学层次=本科。官网与研究生院链接待逐校官方核验后补充。,2198,active
桂林生命与健康职业技术学院,桂林生命与健康职业技术学院,4145010035,广西壮族自治区,桂林市,未分类,专科,false,,,教育部全国普通高等学校名单记录：主管部门=广西壮族自治区教育厅；办学层次=专科；备注=民办。官网与研究生院链接待逐校官方核验后补充。,2199,active
广西机电职业技术学院,广西机电职业技术学院,4145010867,广西壮族自治区,南宁市,未分类,专科,false,,,教育部全国普通高等学校名单记录：主管部门=广西壮族自治区；办学层次=专科。官网与研究生院链接待逐校官方核验后补充。,2200,active
广西体育高等专科学校,广西体育高等专科学校,4145011350,广西壮族自治区,南宁市,未分类,专科,false,,,教育部全国普通高等学校名单记录：主管部门=广西壮族自治区；办学层次=专科。官网与研究生院链接待逐校官方核验后补充。,2201,active
广西水利电力职业技术学院,广西水利电力职业技术学院,4145011608,广西壮族自治区,南宁市,未分类,专科,false,,,教育部全国普通高等学校名单记录：主管部门=广西壮族自治区；办学层次=专科。官网与研究生院链接待逐校官方核验后补充。,2202,active
广西职业技术学院,广西职业技术学院,4145011773,广西壮族自治区,南宁市,未分类,专科,false,,,教育部全国普通高等学校名单记录：主管部门=广西壮族自治区；办学层次=专科。官网与研究生院链接待逐校官方核验后补充。,2203,active
广西生态工程职业技术学院,广西生态工程职业技术学院,4145012344,广西壮族自治区,柳州市,未分类,专科,false,,,教育部全国普通高等学校名单记录：主管部门=广西壮族自治区；办学层次=专科。官网与研究生院链接待逐校官方核验后补充。,2204,active
广西交通职业技术学院,广西交通职业技术学院,4145012356,广西壮族自治区,南宁市,未分类,专科,false,,,教育部全国普通高等学校名单记录：主管部门=广西壮族自治区；办学层次=专科。官网与研究生院链接待逐校官方核验后补充。,2205,active
广西工业职业技术学院,广西工业职业技术学院,4145012364,广西壮族自治区,南宁市,未分类,专科,false,,,教育部全国普通高等学校名单记录：主管部门=广西壮族自治区；办学层次=专科。官网与研究生院链接待逐校官方核验后补充。,2206,active
广西国际商务职业技术学院,广西国际商务职业技术学院,4145012379,广西壮族自治区,南宁市,未分类,专科,false,,,教育部全国普通高等学校名单记录：主管部门=广西壮族自治区；办学层次=专科。官网与研究生院链接待逐校官方核验后补充。,2207,active
柳州铁道职业技术学院,柳州铁道职业技术学院,4145012392,广西壮族自治区,柳州市,未分类,专科,false,,,教育部全国普通高等学校名单记录：主管部门=广西壮族自治区；办学层次=专科。官网与研究生院链接待逐校官方核验后补充。,2208,active
广西建设职业技术学院,广西建设职业技术学院,4145013138,广西壮族自治区,南宁市,未分类,专科,false,,,教育部全国普通高等学校名单记录：主管部门=广西壮族自治区；办学层次=专科。官网与研究生院链接待逐校官方核验后补充。,2209,active
广西现代职业技术学院,广西现代职业技术学院,4145013522,广西壮族自治区,河池市,未分类,专科,false,,,教育部全国普通高等学校名单记录：主管部门=广西壮族自治区；办学层次=专科。官网与研究生院链接待逐校官方核验后补充。,2210,active
北海职业学院,北海职业学院,4145013523,广西壮族自治区,北海市,未分类,专科,false,,,教育部全国普通高等学校名单记录：主管部门=广西壮族自治区；办学层次=专科。官网与研究生院链接待逐校官方核验后补充。,2211,active
桂林山水职业学院,桂林山水职业学院,4145013526,广西壮族自治区,桂林市,未分类,专科,false,,,教育部全国普通高等学校名单记录：主管部门=广西壮族自治区教育厅；办学层次=专科；备注=民办。官网与研究生院链接待逐校官方核验后补充。,2212,active
广西经贸职业技术学院,广西经贸职业技术学院,4145013827,广西壮族自治区,南宁市,未分类,专科,false,,,教育部全国普通高等学校名单记录：主管部门=广西壮族自治区；办学层次=专科。官网与研究生院链接待逐校官方核验后补充。,2213,active
广西工商职业技术学院,广西工商职业技术学院,4145013828,广西壮族自治区,南宁市,未分类,专科,false,,,教育部全国普通高等学校名单记录：主管部门=广西壮族自治区；办学层次=专科。官网与研究生院链接待逐校官方核验后补充。,2214,active
广西演艺职业学院,广西演艺职业学院,4145013829,广西壮族自治区,南宁市,未分类,专科,false,,,教育部全国普通高等学校名单记录：主管部门=广西壮族自治区教育厅；办学层次=专科；备注=民办。官网与研究生院链接待逐校官方核验后补充。,2215,active
广西电力职业技术学院,广西电力职业技术学院,4145013831,广西壮族自治区,南宁市,未分类,专科,false,,,教育部全国普通高等学校名单记录：主管部门=广西壮族自治区；办学层次=专科。官网与研究生院链接待逐校官方核验后补充。,2216,active
广西英华国际职业学院,广西英华国际职业学院,4145014026,广西壮族自治区,钦州市,未分类,专科,false,,,教育部全国普通高等学校名单记录：主管部门=广西壮族自治区教育厅；办学层次=专科；备注=民办。官网与研究生院链接待逐校官方核验后补充。,2217,active
柳州城市职业学院,柳州城市职业学院,4145014067,广西壮族自治区,柳州市,未分类,专科,false,,,教育部全国普通高等学校名单记录：主管部门=广西壮族自治区；办学层次=专科。官网与研究生院链接待逐校官方核验后补充。,2218,active
百色职业学院,百色职业学院,4145014068,广西壮族自治区,百色市,未分类,专科,false,,,教育部全国普通高等学校名单记录：主管部门=广西壮族自治区；办学层次=专科。官网与研究生院链接待逐校官方核验后补充。,2219,active
广西工程职业学院,广西工程职业学院,4145014127,广西壮族自治区,百色市,未分类,专科,false,,,教育部全国普通高等学校名单记录：主管部门=广西壮族自治区教育厅；办学层次=专科；备注=民办。官网与研究生院链接待逐校官方核验后补充。,2220,active
广西理工职业技术学院,广西理工职业技术学院,4145014170,广西壮族自治区,崇左市,未分类,专科,false,,,教育部全国普通高等学校名单记录：主管部门=广西壮族自治区教育厅；办学层次=专科；备注=民办。官网与研究生院链接待逐校官方核验后补充。,2221,active
梧州职业学院,梧州职业学院,4145014171,广西壮族自治区,梧州市,未分类,专科,false,,,教育部全国普通高等学校名单记录：主管部门=广西壮族自治区；办学层次=专科。官网与研究生院链接待逐校官方核验后补充。,2222,active
广西经济职业学院,广西经济职业学院,4145014211,广西壮族自治区,南宁市,未分类,专科,false,,,教育部全国普通高等学校名单记录：主管部门=广西壮族自治区教育厅；办学层次=专科；备注=民办。官网与研究生院链接待逐校官方核验后补充。,2223,active
广西幼儿师范高等专科学校,广西幼儿师范高等专科学校,4145014220,广西壮族自治区,南宁市,未分类,专科,false,,,教育部全国普通高等学校名单记录：主管部门=广西壮族自治区；办学层次=专科。官网与研究生院链接待逐校官方核验后补充。,2224,active
广西科技职业学院,广西科技职业学院,4145014312,广西壮族自治区,崇左市,未分类,专科,false,,,教育部全国普通高等学校名单记录：主管部门=广西壮族自治区教育厅；办学层次=专科；备注=民办。官网与研究生院链接待逐校官方核验后补充。,2225,active
广西卫生职业技术学院,广西卫生职业技术学院,4145014313,广西壮族自治区,南宁市,未分类,专科,false,,,教育部全国普通高等学校名单记录：主管部门=广西壮族自治区；办学层次=专科。官网与研究生院链接待逐校官方核验后补充。,2226,active
广西培贤国际职业学院,广西培贤国际职业学院,4145014481,广西壮族自治区,百色市,未分类,专科,false,,,教育部全国普通高等学校名单记录：主管部门=广西壮族自治区教育厅；办学层次=专科；备注=民办。官网与研究生院链接待逐校官方核验后补充。,2227,active
广西金融职业技术学院,广西金融职业技术学院,4145014512,广西壮族自治区,南宁市,未分类,专科,false,,,教育部全国普通高等学校名单记录：主管部门=广西壮族自治区；办学层次=专科。官网与研究生院链接待逐校官方核验后补充。,2228,active
广西中远职业学院,广西中远职业学院,4145014546,广西壮族自治区,崇左市,未分类,专科,false,,,教育部全国普通高等学校名单记录：主管部门=广西壮族自治区教育厅；办学层次=专科；备注=民办。官网与研究生院链接待逐校官方核验后补充。,2229,active
玉柴职业技术学院,玉柴职业技术学院,4145014573,广西壮族自治区,玉林市,未分类,专科,false,,,教育部全国普通高等学校名单记录：主管部门=广西壮族自治区教育厅；办学层次=专科；备注=民办。官网与研究生院链接待逐校官方核验后补充。,2230,active
广西蓝天航空职业学院,广西蓝天航空职业学院,4145014574,广西壮族自治区,来宾市,未分类,专科,false,,,教育部全国普通高等学校名单记录：主管部门=广西壮族自治区教育厅；办学层次=专科；备注=民办。官网与研究生院链接待逐校官方核验后补充。,2231,active
广西安全工程职业技术学院,广西安全工程职业技术学院,4145014611,广西壮族自治区,南宁市,未分类,专科,false,,,教育部全国普通高等学校名单记录：主管部门=广西壮族自治区；办学层次=专科。官网与研究生院链接待逐校官方核验后补充。,2232,active
广西自然资源职业技术学院,广西自然资源职业技术学院,4145014668,广西壮族自治区,崇左市,未分类,专科,false,,,教育部全国普通高等学校名单记录：主管部门=广西壮族自治区；办学层次=专科。官网与研究生院链接待逐校官方核验后补充。,2233,active
钦州幼儿师范高等专科学校,钦州幼儿师范高等专科学校,4145014693,广西壮族自治区,钦州市,未分类,专科,false,,,教育部全国普通高等学校名单记录：主管部门=广西壮族自治区；办学层次=专科。官网与研究生院链接待逐校官方核验后补充。,2234,active
梧州医学高等专科学校,梧州医学高等专科学校,4145014694,广西壮族自治区,梧州市,未分类,专科,false,,,教育部全国普通高等学校名单记录：主管部门=广西壮族自治区教育厅；办学层次=专科；备注=民办。官网与研究生院链接待逐校官方核验后补充。,2235,active
广西制造工程职业技术学院,广西制造工程职业技术学院,4145014722,广西壮族自治区,南宁市,未分类,专科,false,,,教育部全国普通高等学校名单记录：主管部门=广西壮族自治区；办学层次=专科。官网与研究生院链接待逐校官方核验后补充。,2236,active
广西物流职业技术学院,广西物流职业技术学院,4145014723,广西壮族自治区,贵港市,未分类,专科,false,,,教育部全国普通高等学校名单记录：主管部门=广西壮族自治区；办学层次=专科。官网与研究生院链接待逐校官方核验后补充。,2237,active
防城港职业技术学院,防城港职业技术学院,4145014762,广西壮族自治区,防城港市,未分类,专科,false,,,教育部全国普通高等学校名单记录：主管部门=广西壮族自治区；办学层次=专科。官网与研究生院链接待逐校官方核验后补充。,2238,active
广西信息职业技术学院,广西信息职业技术学院,4145014763,广西壮族自治区,南宁市,未分类,专科,false,,,教育部全国普通高等学校名单记录：主管部门=广西壮族自治区；办学层次=专科。官网与研究生院链接待逐校官方核验后补充。,2239,active
广西农业工程职业技术学院,广西农业工程职业技术学院,4145014764,广西壮族自治区,崇左市,未分类,专科,false,,,教育部全国普通高等学校名单记录：主管部门=广西壮族自治区；办学层次=专科。官网与研究生院链接待逐校官方核验后补充。,2240,active
北海康养职业学院,北海康养职业学院,4145014765,广西壮族自治区,北海市,未分类,专科,false,,,教育部全国普通高等学校名单记录：主管部门=广西壮族自治区教育厅；办学层次=专科；备注=民办。官网与研究生院链接待逐校官方核验后补充。,2241,active
崇左幼儿师范高等专科学校,崇左幼儿师范高等专科学校,4245051675,广西壮族自治区,崇左市,未分类,专科,false,,,教育部全国普通高等学校名单记录：主管部门=广西壮族自治区；办学层次=专科。官网与研究生院链接待逐校官方核验后补充。,2242,active
广西质量工程职业技术学院,广西质量工程职业技术学院,4145014821,广西壮族自治区,南宁市,未分类,专科,false,,,教育部全国普通高等学校名单记录：主管部门=广西壮族自治区；办学层次=专科。官网与研究生院链接待逐校官方核验后补充。,2243,active
桂林信息工程职业学院,桂林信息工程职业学院,4145014822,广西壮族自治区,桂林市,未分类,专科,false,,,教育部全国普通高等学校名单记录：主管部门=广西壮族自治区教育厅；办学层次=专科；备注=民办。官网与研究生院链接待逐校官方核验后补充。,2244,active
玉林职业技术学院,玉林职业技术学院,4145014868,广西壮族自治区,玉林市,未分类,专科,false,,,教育部全国普通高等学校名单记录：主管部门=广西壮族自治区；办学层次=专科。官网与研究生院链接待逐校官方核验后补充。,2245,active
广西智能制造职业技术学院,广西智能制造职业技术学院,4145014869,广西壮族自治区,柳州市,未分类,专科,false,,,教育部全国普通高等学校名单记录：主管部门=广西壮族自治区；办学层次=专科。官网与研究生院链接待逐校官方核验后补充。,2246,active
海南大学,海南大学,4146010589,海南省,海口市,未分类,本科,false,,,教育部全国普通高等学校名单记录：主管部门=海南省；办学层次=本科。官网与研究生院链接待逐校官方核验后补充。,2247,active
海南热带海洋学院,海南热带海洋学院,4146011100,海南省,三亚市,未分类,本科,false,,,教育部全国普通高等学校名单记录：主管部门=海南省；办学层次=本科。官网与研究生院链接待逐校官方核验后补充。,2248,active
海南师范大学,海南师范大学,4146011658,海南省,海口市,未分类,本科,false,,,教育部全国普通高等学校名单记录：主管部门=海南省；办学层次=本科。官网与研究生院链接待逐校官方核验后补充。,2249,active
海南医科大学,海南医科大学,4146011810,海南省,海口市,未分类,本科,false,,,教育部全国普通高等学校名单记录：主管部门=海南省；办学层次=本科。官网与研究生院链接待逐校官方核验后补充。,2250,active
海口经济学院,海口经济学院,4146012308,海南省,海口市,未分类,本科,false,,,教育部全国普通高等学校名单记录：主管部门=海南省教育厅；办学层次=本科；备注=民办。官网与研究生院链接待逐校官方核验后补充。,2251,active
琼台师范学院,琼台师范学院,4146013811,海南省,海口市,未分类,本科,false,,,教育部全国普通高等学校名单记录：主管部门=海南省；办学层次=本科。官网与研究生院链接待逐校官方核验后补充。,2252,active
三亚学院,三亚学院,4146013892,海南省,三亚市,未分类,本科,false,,,教育部全国普通高等学校名单记录：主管部门=海南省教育厅；办学层次=本科；备注=民办。官网与研究生院链接待逐校官方核验后补充。,2253,active
海南科技职业大学,海南科技职业大学,4146014172,海南省,海口市,未分类,本科,false,,,教育部全国普通高等学校名单记录：主管部门=海南省教育厅；办学层次=本科；备注=民办。官网与研究生院链接待逐校官方核验后补充。,2254,active
海南比勒费尔德应用科学大学,海南比勒费尔德应用科学大学,4146014829,海南省,陵水黎族自治县,未分类,本科,false,,,教育部全国普通高等学校名单记录：主管部门=海南省教育厅；办学层次=本科；备注=境外高等教育机构在海南自由贸易港设立的实施理工农医类学科专业教育的学校。官网与研究生院链接待逐校官方核验后补充。,2255,active
海南警察学院,海南警察学院,4146014944,海南省,海口市,未分类,本科,false,,,教育部全国普通高等学校名单记录：主管部门=海南省；办学层次=本科。官网与研究生院链接待逐校官方核验后补充。,2256,active
海南洛桑旅游大学,海南洛桑旅游大学,4146014948,海南省,三亚市,未分类,本科,false,,,教育部全国普通高等学校名单记录：主管部门=海南省；办学层次=本科；备注=境外高等教育机构在海南自由贸易港设立的实施理工农医类学科专业教育的学校。官网与研究生院链接待逐校官方核验后补充。,2257,active
海南职业技术学院,海南职业技术学院,4146011999,海南省,海口市,未分类,专科,false,,,教育部全国普通高等学校名单记录：主管部门=海南省；办学层次=专科。官网与研究生院链接待逐校官方核验后补充。,2258,active
三亚城市职业学院,三亚城市职业学院,4146012717,海南省,三亚市,未分类,专科,false,,,教育部全国普通高等学校名单记录：主管部门=海南省教育厅；办学层次=专科；备注=民办。官网与研究生院链接待逐校官方核验后补充。,2259,active
海南软件职业技术学院,海南软件职业技术学院,4146013575,海南省,琼海市,未分类,专科,false,,,教育部全国普通高等学校名单记录：主管部门=海南省；办学层次=专科。官网与研究生院链接待逐校官方核验后补充。,2260,active
海南政法职业学院,海南政法职业学院,4146013576,海南省,海口市,未分类,专科,false,,,教育部全国普通高等学校名单记录：主管部门=海南省；办学层次=专科。官网与研究生院链接待逐校官方核验后补充。,2261,active
海南外国语职业学院,海南外国语职业学院,4146013577,海南省,文昌市,未分类,专科,false,,,教育部全国普通高等学校名单记录：主管部门=海南省；办学层次=专科。官网与研究生院链接待逐校官方核验后补充。,2262,active
海南经贸职业技术学院,海南经贸职业技术学院,4146013875,海南省,海口市,未分类,专科,false,,,教育部全国普通高等学校名单记录：主管部门=海南省；办学层次=专科。官网与研究生院链接待逐校官方核验后补充。,2263,active
海南工商职业学院,海南工商职业学院,4146013876,海南省,海口市,未分类,专科,false,,,教育部全国普通高等学校名单记录：主管部门=海南省教育厅；办学层次=专科；备注=民办。官网与研究生院链接待逐校官方核验后补充。,2264,active
三亚航空旅游职业学院,三亚航空旅游职业学院,4146013931,海南省,三亚市,未分类,专科,false,,,教育部全国普通高等学校名单记录：主管部门=海南省教育厅；办学层次=专科；备注=民办。官网与研究生院链接待逐校官方核验后补充。,2265,active
三亚理工职业学院,三亚理工职业学院,4146014236,海南省,三亚市,未分类,专科,false,,,教育部全国普通高等学校名单记录：主管部门=海南省教育厅；办学层次=专科；备注=民办。官网与研究生院链接待逐校官方核验后补充。,2266,active
海南体育职业技术学院,海南体育职业技术学院,4146014575,海南省,海口市,未分类,专科,false,,,教育部全国普通高等学校名单记录：主管部门=海南省；办学层次=专科。官网与研究生院链接待逐校官方核验后补充。,2267,active
三亚中瑞酒店管理职业学院,三亚中瑞酒店管理职业学院,4146014612,海南省,三亚市,未分类,专科,false,,,教育部全国普通高等学校名单记录：主管部门=海南省教育厅；办学层次=专科；备注=民办。官网与研究生院链接待逐校官方核验后补充。,2268,active
海南健康管理职业技术学院,海南健康管理职业技术学院,4146014639,海南省,澄迈县,未分类,专科,false,,,教育部全国普通高等学校名单记录：主管部门=海南省教育厅；办学层次=专科；备注=民办。官网与研究生院链接待逐校官方核验后补充。,2269,active
海南卫生健康职业学院,海南卫生健康职业学院,4146014724,海南省,海口市,未分类,专科,false,,,教育部全国普通高等学校名单记录：主管部门=海南省；办学层次=专科。官网与研究生院链接待逐校官方核验后补充。,2270,active
海南东方新丝路职业学院,海南东方新丝路职业学院,4146014846,海南省,东方市,未分类,专科,false,,,教育部全国普通高等学校名单记录：主管部门=海南省教育厅；办学层次=专科；备注=民办。官网与研究生院链接待逐校官方核验后补充。,2271,active
海口旅游职业学院,海口旅游职业学院,4146014890,海南省,海口市,未分类,专科,false,,,教育部全国普通高等学校名单记录：主管部门=海南省；办学层次=专科。官网与研究生院链接待逐校官方核验后补充。,2272,active
海南艺术职业学院,海南艺术职业学院,4146014891,海南省,海口市,未分类,专科,false,,,教育部全国普通高等学校名单记录：主管部门=海南省；办学层次=专科。官网与研究生院链接待逐校官方核验后补充。,2273,active
三亚护理职业学院,三亚护理职业学院,4146014893,海南省,三亚市,未分类,专科,false,,,教育部全国普通高等学校名单记录：主管部门=海南省教育厅；办学层次=专科；备注=民办。官网与研究生院链接待逐校官方核验后补充。,2274,active
重庆大学,重庆大学,4150010611,重庆市,重庆市,未分类,本科,false,,,教育部全国普通高等学校名单记录：主管部门=教育部；办学层次=本科。官网与研究生院链接待逐校官方核验后补充。,2275,active
重庆邮电大学,重庆邮电大学,4150010617,重庆市,重庆市,未分类,本科,false,,,教育部全国普通高等学校名单记录：主管部门=重庆市；办学层次=本科。官网与研究生院链接待逐校官方核验后补充。,2276,active
重庆交通大学,重庆交通大学,4150010618,重庆市,重庆市,未分类,本科,false,,,教育部全国普通高等学校名单记录：主管部门=重庆市；办学层次=本科。官网与研究生院链接待逐校官方核验后补充。,2277,active
重庆医科大学,重庆医科大学,4150010631,重庆市,重庆市,未分类,本科,false,,,教育部全国普通高等学校名单记录：主管部门=重庆市；办学层次=本科。官网与研究生院链接待逐校官方核验后补充。,2278,active
西南大学,西南大学,4150010635,重庆市,重庆市,未分类,本科,false,,,教育部全国普通高等学校名单记录：主管部门=教育部；办学层次=本科。官网与研究生院链接待逐校官方核验后补充。,2279,active
重庆师范大学,重庆师范大学,4150010637,重庆市,重庆市,未分类,本科,false,,,教育部全国普通高等学校名单记录：主管部门=重庆市；办学层次=本科。官网与研究生院链接待逐校官方核验后补充。,2280,active
重庆文理学院,重庆文理学院,4150010642,重庆市,重庆市,未分类,本科,false,,,教育部全国普通高等学校名单记录：主管部门=重庆市；办学层次=本科。官网与研究生院链接待逐校官方核验后补充。,2281,active
重庆三峡学院,重庆三峡学院,4150010643,重庆市,重庆市,未分类,本科,false,,,教育部全国普通高等学校名单记录：主管部门=重庆市；办学层次=本科。官网与研究生院链接待逐校官方核验后补充。,2282,active
长江师范学院,长江师范学院,4150010647,重庆市,重庆市,未分类,本科,false,,,教育部全国普通高等学校名单记录：主管部门=重庆市；办学层次=本科。官网与研究生院链接待逐校官方核验后补充。,2283,active
四川外国语大学,四川外国语大学,4150010650,重庆市,重庆市,未分类,本科,false,,,教育部全国普通高等学校名单记录：主管部门=重庆市；办学层次=本科。官网与研究生院链接待逐校官方核验后补充。,2284,active
西南政法大学,西南政法大学,4150010652,重庆市,重庆市,未分类,本科,false,,,教育部全国普通高等学校名单记录：主管部门=重庆市；办学层次=本科。官网与研究生院链接待逐校官方核验后补充。,2285,active
四川美术学院,四川美术学院,4150010655,重庆市,重庆市,未分类,本科,false,,,教育部全国普通高等学校名单记录：主管部门=重庆市；办学层次=本科。官网与研究生院链接待逐校官方核验后补充。,2286,active
重庆科技大学,重庆科技大学,4150011551,重庆市,重庆市,未分类,本科,false,,,教育部全国普通高等学校名单记录：主管部门=重庆市；办学层次=本科。官网与研究生院链接待逐校官方核验后补充。,2287,active
重庆理工大学,重庆理工大学,4150011660,重庆市,重庆市,未分类,本科,false,,,教育部全国普通高等学校名单记录：主管部门=重庆市；办学层次=本科。官网与研究生院链接待逐校官方核验后补充。,2288,active
重庆工商大学,重庆工商大学,4150011799,重庆市,重庆市,未分类,本科,false,,,教育部全国普通高等学校名单记录：主管部门=重庆市；办学层次=本科。官网与研究生院链接待逐校官方核验后补充。,2289,active
重庆机电职业技术大学,重庆机电职业技术大学,4150012607,重庆市,重庆市,未分类,本科,false,,,教育部全国普通高等学校名单记录：主管部门=重庆市教委；办学层次=本科；备注=民办。官网与研究生院链接待逐校官方核验后补充。,2290,active
重庆工程学院,重庆工程学院,4150012608,重庆市,重庆市,未分类,本科,false,,,教育部全国普通高等学校名单记录：主管部门=重庆市教委；办学层次=本科；备注=民办。官网与研究生院链接待逐校官方核验后补充。,2291,active
重庆城市科技学院,重庆城市科技学院,4150012616,重庆市,重庆市,未分类,本科,false,,,教育部全国普通高等学校名单记录：主管部门=重庆市教委；办学层次=本科；备注=民办。官网与研究生院链接待逐校官方核验后补充。,2292,active
重庆警察学院,重庆警察学院,4150012757,重庆市,重庆市,未分类,本科,false,,,教育部全国普通高等学校名单记录：主管部门=重庆市；办学层次=本科。官网与研究生院链接待逐校官方核验后补充。,2293,active
重庆人文科技学院,重庆人文科技学院,4150013548,重庆市,重庆市,未分类,本科,false,,,教育部全国普通高等学校名单记录：主管部门=重庆市教委；办学层次=本科；备注=民办。官网与研究生院链接待逐校官方核验后补充。,2294,active
重庆外语外事学院,重庆外语外事学院,4150013588,重庆市,重庆市,未分类,本科,false,,,教育部全国普通高等学校名单记录：主管部门=重庆市教委；办学层次=本科；备注=民办。官网与研究生院链接待逐校官方核验后补充。,2295,active
重庆对外经贸学院,重庆对外经贸学院,4150013589,重庆市,重庆市,未分类,本科,false,,,教育部全国普通高等学校名单记录：主管部门=重庆市教委；办学层次=本科；备注=民办。官网与研究生院链接待逐校官方核验后补充。,2296,active
重庆财经学院,重庆财经学院,4150013590,重庆市,重庆市,未分类,本科,false,,,教育部全国普通高等学校名单记录：主管部门=重庆市教委；办学层次=本科；备注=民办。官网与研究生院链接待逐校官方核验后补充。,2297,active
重庆工商大学派斯学院,重庆工商大学派斯学院,4150013591,重庆市,重庆市,未分类,本科,false,,,教育部全国普通高等学校名单记录：主管部门=重庆市教委；办学层次=本科；备注=民办。官网与研究生院链接待逐校官方核验后补充。,2298,active
重庆移通学院,重庆移通学院,4150013627,重庆市,重庆市,未分类,本科,false,,,教育部全国普通高等学校名单记录：主管部门=重庆市教委；办学层次=本科；备注=民办。官网与研究生院链接待逐校官方核验后补充。,2299,active
重庆第二师范学院,重庆第二师范学院,4150014388,重庆市,重庆市,未分类,本科,false,,,教育部全国普通高等学校名单记录：主管部门=重庆市；办学层次=本科。官网与研究生院链接待逐校官方核验后补充。,2300,active
重庆中医药学院,重庆中医药学院,4150014830,重庆市,重庆市,未分类,本科,false,,,教育部全国普通高等学校名单记录：主管部门=重庆市；办学层次=本科。官网与研究生院链接待逐校官方核验后补充。,2301,active
重庆电子科技职业大学,重庆电子科技职业大学,4150012609,重庆市,重庆市,未分类,本科,false,,,教育部全国普通高等学校名单记录：主管部门=重庆市；办学层次=本科。官网与研究生院链接待逐校官方核验后补充。,2302,active
重庆工业职业技术大学,重庆工业职业技术大学,4150012215,重庆市,重庆市,未分类,本科,false,,,教育部全国普通高等学校名单记录：主管部门=重庆市；办学层次=本科。官网与研究生院链接待逐校官方核验后补充。,2303,active
重庆航天职业技术学院,重庆航天职业技术学院,4150010870,重庆市,重庆市,未分类,专科,false,,,教育部全国普通高等学校名单记录：主管部门=重庆市；办学层次=专科。官网与研究生院链接待逐校官方核验后补充。,2304,active
重庆电力高等专科学校,重庆电力高等专科学校,4150011848,重庆市,重庆市,未分类,专科,false,,,教育部全国普通高等学校名单记录：主管部门=重庆市；办学层次=专科。官网与研究生院链接待逐校官方核验后补充。,2305,active
重庆三峡职业学院,重庆三峡职业学院,4150012605,重庆市,重庆市,未分类,专科,false,,,教育部全国普通高等学校名单记录：主管部门=重庆市；办学层次=专科。官网与研究生院链接待逐校官方核验后补充。,2306,active
重庆工贸职业技术学院,重庆工贸职业技术学院,4150012606,重庆市,重庆市,未分类,专科,false,,,教育部全国普通高等学校名单记录：主管部门=重庆市；办学层次=专科。官网与研究生院链接待逐校官方核验后补充。,2307,active
重庆海联职业技术学院,重庆海联职业技术学院,4150012754,重庆市,重庆市,未分类,专科,false,,,教育部全国普通高等学校名单记录：主管部门=重庆市教委；办学层次=专科；备注=民办。官网与研究生院链接待逐校官方核验后补充。,2308,active
重庆信息技术职业学院,重庆信息技术职业学院,4150012755,重庆市,重庆市,未分类,专科,false,,,教育部全国普通高等学校名单记录：主管部门=重庆市教委；办学层次=专科；备注=民办。官网与研究生院链接待逐校官方核验后补充。,2309,active
重庆传媒职业学院,重庆传媒职业学院,4150012756,重庆市,重庆市,未分类,专科,false,,,教育部全国普通高等学校名单记录：主管部门=重庆市教委；办学层次=专科；备注=民办。官网与研究生院链接待逐校官方核验后补充。,2310,active
重庆城市管理职业学院,重庆城市管理职业学院,4150012758,重庆市,重庆市,未分类,专科,false,,,教育部全国普通高等学校名单记录：主管部门=重庆市；办学层次=专科。官网与研究生院链接待逐校官方核验后补充。,2311,active
重庆工程职业技术学院,重庆工程职业技术学院,4150012759,重庆市,重庆市,未分类,专科,false,,,教育部全国普通高等学校名单记录：主管部门=重庆市；办学层次=专科。官网与研究生院链接待逐校官方核验后补充。,2312,active
重庆建筑科技职业学院,重庆建筑科技职业学院,4150012820,重庆市,重庆市,未分类,专科,false,,,教育部全国普通高等学校名单记录：主管部门=重庆市教委；办学层次=专科；备注=民办。官网与研究生院链接待逐校官方核验后补充。,2313,active
重庆城市职业学院,重庆城市职业学院,4150013734,重庆市,重庆市,未分类,专科,false,,,教育部全国普通高等学校名单记录：主管部门=重庆市；办学层次=专科。官网与研究生院链接待逐校官方核验后补充。,2314,active
重庆水利电力职业技术学院,重庆水利电力职业技术学院,4150013735,重庆市,重庆市,未分类,专科,false,,,教育部全国普通高等学校名单记录：主管部门=重庆市；办学层次=专科。官网与研究生院链接待逐校官方核验后补充。,2315,active
重庆工商职业学院,重庆工商职业学院,4150013967,重庆市,重庆市,未分类,专科,false,,,教育部全国普通高等学校名单记录：主管部门=重庆市；办学层次=专科。官网与研究生院链接待逐校官方核验后补充。,2316,active
重庆应用技术职业学院,重庆应用技术职业学院,4150013968,重庆市,重庆市,未分类,专科,false,,,教育部全国普通高等学校名单记录：主管部门=重庆市教委；办学层次=专科；备注=民办。官网与研究生院链接待逐校官方核验后补充。,2317,active
重庆三峡医药高等专科学校,重庆三峡医药高等专科学校,4150014008,重庆市,重庆市,未分类,专科,false,,,教育部全国普通高等学校名单记录：主管部门=重庆市；办学层次=专科。官网与研究生院链接待逐校官方核验后补充。,2318,active
重庆医药高等专科学校,重庆医药高等专科学校,4150014009,重庆市,重庆市,未分类,专科,false,,,教育部全国普通高等学校名单记录：主管部门=重庆市；办学层次=专科。官网与研究生院链接待逐校官方核验后补充。,2319,active
重庆青年职业技术学院,重庆青年职业技术学院,4150014069,重庆市,重庆市,未分类,专科,false,,,教育部全国普通高等学校名单记录：主管部门=重庆市；办学层次=专科。官网与研究生院链接待逐校官方核验后补充。,2320,active
重庆财经职业学院,重庆财经职业学院,4150014128,重庆市,重庆市,未分类,专科,false,,,教育部全国普通高等学校名单记录：主管部门=重庆市；办学层次=专科。官网与研究生院链接待逐校官方核验后补充。,2321,active
重庆科创职业学院,重庆科创职业学院,4150014173,重庆市,重庆市,未分类,专科,false,,,教育部全国普通高等学校名单记录：主管部门=重庆市教委；办学层次=专科；备注=民办。官网与研究生院链接待逐校官方核验后补充。,2322,active
重庆建筑工程职业学院,重庆建筑工程职业学院,4150014183,重庆市,重庆市,未分类,专科,false,,,教育部全国普通高等学校名单记录：主管部门=重庆市；办学层次=专科。官网与研究生院链接待逐校官方核验后补充。,2323,active
重庆电讯职业学院,重庆电讯职业学院,4150014237,重庆市,重庆市,未分类,专科,false,,,教育部全国普通高等学校名单记录：主管部门=重庆市教委；办学层次=专科；备注=民办。官网与研究生院链接待逐校官方核验后补充。,2324,active
重庆能源职业学院,重庆能源职业学院,4150014238,重庆市,重庆市,未分类,专科,false,,,教育部全国普通高等学校名单记录：主管部门=重庆市教委；办学层次=专科；备注=民办。官网与研究生院链接待逐校官方核验后补充。,2325,active
重庆商务职业学院,重庆商务职业学院,4150014246,重庆市,重庆市,未分类,专科,false,,,教育部全国普通高等学校名单记录：主管部门=重庆市；办学层次=专科。官网与研究生院链接待逐校官方核验后补充。,2326,active
重庆交通职业学院,重庆交通职业学院,4150014267,重庆市,重庆市,未分类,专科,false,,,教育部全国普通高等学校名单记录：主管部门=重庆市教委；办学层次=专科；备注=民办。官网与研究生院链接待逐校官方核验后补充。,2327,active
重庆化工职业学院,重庆化工职业学院,4150014315,重庆市,重庆市,未分类,专科,false,,,教育部全国普通高等学校名单记录：主管部门=重庆市；办学层次=专科。官网与研究生院链接待逐校官方核验后补充。,2328,active
重庆旅游职业学院,重庆旅游职业学院,4150014316,重庆市,重庆市,未分类,专科,false,,,教育部全国普通高等学校名单记录：主管部门=重庆市；办学层次=专科。官网与研究生院链接待逐校官方核验后补充。,2329,active
重庆安全技术职业学院,重庆安全技术职业学院,4150014365,重庆市,重庆市,未分类,专科,false,,,教育部全国普通高等学校名单记录：主管部门=重庆市；办学层次=专科。官网与研究生院链接待逐校官方核验后补充。,2330,active
重庆公共运输职业学院,重庆公共运输职业学院,4150014366,重庆市,重庆市,未分类,专科,false,,,教育部全国普通高等学校名单记录：主管部门=重庆市教委；办学层次=专科；备注=民办。官网与研究生院链接待逐校官方核验后补充。,2331,active
重庆艺术工程职业学院,重庆艺术工程职业学院,4150014367,重庆市,重庆市,未分类,专科,false,,,教育部全国普通高等学校名单记录：主管部门=重庆市教委；办学层次=专科；备注=民办。官网与研究生院链接待逐校官方核验后补充。,2332,active
重庆轻工职业学院,重庆轻工职业学院,4150014368,重庆市,重庆市,未分类,专科,false,,,教育部全国普通高等学校名单记录：主管部门=重庆市教委；办学层次=专科；备注=民办。官网与研究生院链接待逐校官方核验后补充。,2333,active
重庆电信职业学院,重庆电信职业学院,4150014369,重庆市,重庆市,未分类,专科,false,,,教育部全国普通高等学校名单记录：主管部门=重庆市教委；办学层次=专科；备注=民办。官网与研究生院链接待逐校官方核验后补充。,2334,active
重庆经贸职业学院,重庆经贸职业学院,4150014370,重庆市,重庆市,未分类,专科,false,,,教育部全国普通高等学校名单记录：主管部门=重庆市教委；办学层次=专科；备注=民办。官网与研究生院链接待逐校官方核验后补充。,2335,active
重庆幼儿师范高等专科学校,重庆幼儿师范高等专科学校,4150014428,重庆市,重庆市,未分类,专科,false,,,教育部全国普通高等学校名单记录：主管部门=重庆市；办学层次=专科。官网与研究生院链接待逐校官方核验后补充。,2336,active
重庆文化艺术职业学院,重庆文化艺术职业学院,4150014482,重庆市,重庆市,未分类,专科,false,,,教育部全国普通高等学校名单记录：主管部门=重庆市；办学层次=专科。官网与研究生院链接待逐校官方核验后补充。,2337,active
重庆科技职业学院,重庆科技职业学院,4150014491,重庆市,重庆市,未分类,专科,false,,,教育部全国普通高等学校名单记录：主管部门=重庆市教委；办学层次=专科；备注=民办。官网与研究生院链接待逐校官方核验后补充。,2338,active
重庆资源与环境保护职业学院,重庆资源与环境保护职业学院,4150014557,重庆市,重庆市,未分类,专科,false,,,教育部全国普通高等学校名单记录：主管部门=重庆市教委；办学层次=专科；备注=民办。官网与研究生院链接待逐校官方核验后补充。,2339,active
重庆护理职业学院,重庆护理职业学院,4150014576,重庆市,重庆市,未分类,专科,false,,,教育部全国普通高等学校名单记录：主管部门=重庆市教委；办学层次=专科；备注=民办。官网与研究生院链接待逐校官方核验后补充。,2340,active
重庆理工职业学院,重庆理工职业学院,4150014725,重庆市,重庆市,未分类,专科,false,,,教育部全国普通高等学校名单记录：主管部门=重庆市教委；办学层次=专科；备注=民办。官网与研究生院链接待逐校官方核验后补充。,2341,active
重庆智能工程职业学院,重庆智能工程职业学院,4150014726,重庆市,重庆市,未分类,专科,false,,,教育部全国普通高等学校名单记录：主管部门=重庆市教委；办学层次=专科；备注=民办。官网与研究生院链接待逐校官方核验后补充。,2342,active
重庆健康职业学院,重庆健康职业学院,4150014727,重庆市,重庆市,未分类,专科,false,,,教育部全国普通高等学校名单记录：主管部门=重庆市教委；办学层次=专科；备注=民办。官网与研究生院链接待逐校官方核验后补充。,2343,active
重庆工信职业学院,重庆工信职业学院,4150014766,重庆市,重庆市,未分类,专科,false,,,教育部全国普通高等学校名单记录：主管部门=重庆市；办学层次=专科。官网与研究生院链接待逐校官方核验后补充。,2344,active
重庆五一职业技术学院,重庆五一职业技术学院,4150014776,重庆市,重庆市,未分类,专科,false,,,教育部全国普通高等学校名单记录：主管部门=重庆市；办学层次=专科。官网与研究生院链接待逐校官方核验后补充。,2345,active
重庆数字产业职业技术学院,重庆数字产业职业技术学院,4150014838,重庆市,重庆市,未分类,专科,false,,,教育部全国普通高等学校名单记录：主管部门=重庆市教委；办学层次=专科；备注=民办。官网与研究生院链接待逐校官方核验后补充。,2346,active
重庆现代制造职业学院,重庆现代制造职业学院,4150014870,重庆市,重庆市,未分类,专科,false,,,教育部全国普通高等学校名单记录：主管部门=重庆市教委；办学层次=专科；备注=民办。官网与研究生院链接待逐校官方核验后补充。,2347,active
重庆农业职业学院,重庆农业职业学院,4150014935,重庆市,重庆市,未分类,专科,false,,,教育部全国普通高等学校名单记录：主管部门=重庆市；办学层次=专科。官网与研究生院链接待逐校官方核验后补充。,2348,active
重庆安防职业学院,重庆安防职业学院,4150014936,重庆市,重庆市,未分类,专科,false,,,教育部全国普通高等学校名单记录：主管部门=重庆市教委；办学层次=专科；备注=民办。官网与研究生院链接待逐校官方核验后补充。,2349,active
四川大学,四川大学,4151010610,四川省,成都市,未分类,本科,false,,,教育部全国普通高等学校名单记录：主管部门=教育部；办学层次=本科。官网与研究生院链接待逐校官方核验后补充。,2350,active
西南交通大学,西南交通大学,4151010613,四川省,成都市,未分类,本科,false,,,教育部全国普通高等学校名单记录：主管部门=教育部；办学层次=本科。官网与研究生院链接待逐校官方核验后补充。,2351,active
电子科技大学,电子科技大学,4151010614,四川省,成都市,未分类,本科,false,,,教育部全国普通高等学校名单记录：主管部门=教育部；办学层次=本科。官网与研究生院链接待逐校官方核验后补充。,2352,active
西南石油大学,西南石油大学,4151010615,四川省,成都市,未分类,本科,false,,,教育部全国普通高等学校名单记录：主管部门=四川省；办学层次=本科。官网与研究生院链接待逐校官方核验后补充。,2353,active
成都理工大学,成都理工大学,4151010616,四川省,成都市,未分类,本科,false,,,教育部全国普通高等学校名单记录：主管部门=四川省；办学层次=本科。官网与研究生院链接待逐校官方核验后补充。,2354,active
西南科技大学,西南科技大学,4151010619,四川省,绵阳市,未分类,本科,false,,,教育部全国普通高等学校名单记录：主管部门=四川省；办学层次=本科。官网与研究生院链接待逐校官方核验后补充。,2355,active
成都信息工程大学,成都信息工程大学,4151010621,四川省,成都市,未分类,本科,false,,,教育部全国普通高等学校名单记录：主管部门=四川省；办学层次=本科。官网与研究生院链接待逐校官方核验后补充。,2356,active
四川轻化工大学,四川轻化工大学,4151010622,四川省,自贡市,未分类,本科,false,,,教育部全国普通高等学校名单记录：主管部门=四川省；办学层次=本科。官网与研究生院链接待逐校官方核验后补充。,2357,active
西华大学,西华大学,4151010623,四川省,成都市,未分类,本科,false,,,教育部全国普通高等学校名单记录：主管部门=四川省；办学层次=本科。官网与研究生院链接待逐校官方核验后补充。,2358,active
中国民用航空飞行学院,中国民用航空飞行学院,4151010624,四川省,德阳市,未分类,本科,false,,,教育部全国普通高等学校名单记录：主管部门=交通运输部（中国民用航空局）；办学层次=本科。官网与研究生院链接待逐校官方核验后补充。,2359,active
四川农业大学,四川农业大学,4151010626,四川省,雅安市,未分类,本科,false,,,教育部全国普通高等学校名单记录：主管部门=四川省；办学层次=本科。官网与研究生院链接待逐校官方核验后补充。,2360,active
西昌学院,西昌学院,4151010628,四川省,凉山彝族自治州,未分类,本科,false,,,教育部全国普通高等学校名单记录：主管部门=四川省；办学层次=本科。官网与研究生院链接待逐校官方核验后补充。,2361,active
西南医科大学,西南医科大学,4151010632,四川省,泸州市,未分类,本科,false,,,教育部全国普通高等学校名单记录：主管部门=四川省；办学层次=本科。官网与研究生院链接待逐校官方核验后补充。,2362,active
成都中医药大学,成都中医药大学,4151010633,四川省,成都市,未分类,本科,false,,,教育部全国普通高等学校名单记录：主管部门=四川省；办学层次=本科。官网与研究生院链接待逐校官方核验后补充。,2363,active
川北医学院,川北医学院,4151010634,四川省,南充市,未分类,本科,false,,,教育部全国普通高等学校名单记录：主管部门=四川省；办学层次=本科。官网与研究生院链接待逐校官方核验后补充。,2364,active
四川师范大学,四川师范大学,4151010636,四川省,成都市,未分类,本科,false,,,教育部全国普通高等学校名单记录：主管部门=四川省；办学层次=本科。官网与研究生院链接待逐校官方核验后补充。,2365,active
西华师范大学,西华师范大学,4151010638,四川省,南充市,未分类,本科,false,,,教育部全国普通高等学校名单记录：主管部门=四川省；办学层次=本科。官网与研究生院链接待逐校官方核验后补充。,2366,active
绵阳师范学院,绵阳师范学院,4151010639,四川省,绵阳市,未分类,本科,false,,,教育部全国普通高等学校名单记录：主管部门=四川省；办学层次=本科。官网与研究生院链接待逐校官方核验后补充。,2367,active
内江师范学院,内江师范学院,4151010640,四川省,内江市,未分类,本科,false,,,教育部全国普通高等学校名单记录：主管部门=四川省；办学层次=本科。官网与研究生院链接待逐校官方核验后补充。,2368,active
宜宾学院,宜宾学院,4151010641,四川省,宜宾市,未分类,本科,false,,,教育部全国普通高等学校名单记录：主管部门=四川省；办学层次=本科。官网与研究生院链接待逐校官方核验后补充。,2369,active
四川文理学院,四川文理学院,4151010644,四川省,达州市,未分类,本科,false,,,教育部全国普通高等学校名单记录：主管部门=四川省；办学层次=本科。官网与研究生院链接待逐校官方核验后补充。,2370,active
阿坝师范学院,阿坝师范学院,4151010646,四川省,阿坝藏族羌族自治州,未分类,本科,false,,,教育部全国普通高等学校名单记录：主管部门=四川省；办学层次=本科。官网与研究生院链接待逐校官方核验后补充。,2371,active
乐山师范学院,乐山师范学院,4151010649,四川省,乐山市,未分类,本科,false,,,教育部全国普通高等学校名单记录：主管部门=四川省；办学层次=本科。官网与研究生院链接待逐校官方核验后补充。,2372,active
西南财经大学,西南财经大学,4151010651,四川省,成都市,未分类,本科,false,,,教育部全国普通高等学校名单记录：主管部门=教育部；办学层次=本科。官网与研究生院链接待逐校官方核验后补充。,2373,active
成都体育学院,成都体育学院,4151010653,四川省,成都市,未分类,本科,false,,,教育部全国普通高等学校名单记录：主管部门=四川省；办学层次=本科。官网与研究生院链接待逐校官方核验后补充。,2374,active
四川音乐学院,四川音乐学院,4151010654,四川省,成都市,未分类,本科,false,,,教育部全国普通高等学校名单记录：主管部门=四川省；办学层次=本科。官网与研究生院链接待逐校官方核验后补充。,2375,active
西南民族大学,西南民族大学,4151010656,四川省,成都市,未分类,本科,false,,,教育部全国普通高等学校名单记录：主管部门=国家民委；办学层次=本科。官网与研究生院链接待逐校官方核验后补充。,2376,active
成都大学,成都大学,4151011079,四川省,成都市,未分类,本科,false,,,教育部全国普通高等学校名单记录：主管部门=四川省；办学层次=本科。官网与研究生院链接待逐校官方核验后补充。,2377,active
成都工业学院,成都工业学院,4151011116,四川省,成都市,未分类,本科,false,,,教育部全国普通高等学校名单记录：主管部门=四川省；办学层次=本科。官网与研究生院链接待逐校官方核验后补充。,2378,active
攀枝花学院,攀枝花学院,4151011360,四川省,攀枝花市,未分类,本科,false,,,教育部全国普通高等学校名单记录：主管部门=四川省；办学层次=本科。官网与研究生院链接待逐校官方核验后补充。,2379,active
四川旅游学院,四川旅游学院,4151011552,四川省,成都市,未分类,本科,false,,,教育部全国普通高等学校名单记录：主管部门=四川省；办学层次=本科。官网与研究生院链接待逐校官方核验后补充。,2380,active
四川民族学院,四川民族学院,4151011661,四川省,甘孜藏族自治州,未分类,本科,false,,,教育部全国普通高等学校名单记录：主管部门=四川省；办学层次=本科。官网与研究生院链接待逐校官方核验后补充。,2381,active
四川警察学院,四川警察学院,4151012212,四川省,泸州市,未分类,本科,false,,,教育部全国普通高等学校名单记录：主管部门=四川省；办学层次=本科。官网与研究生院链接待逐校官方核验后补充。,2382,active
成都东软学院,成都东软学院,4151012636,四川省,成都市,未分类,本科,false,,,教育部全国普通高等学校名单记录：主管部门=四川省教育厅；办学层次=本科；备注=民办。官网与研究生院链接待逐校官方核验后补充。,2383,active
成都艺术职业大学,成都艺术职业大学,4151012969,四川省,成都市,未分类,本科,false,,,教育部全国普通高等学校名单记录：主管部门=四川省教育厅；办学层次=本科；备注=民办。官网与研究生院链接待逐校官方核验后补充。,2384,active
电子科技大学成都学院,电子科技大学成都学院,4151013665,四川省,成都市,未分类,本科,false,,,教育部全国普通高等学校名单记录：主管部门=四川省教育厅；办学层次=本科；备注=民办。官网与研究生院链接待逐校官方核验后补充。,2385,active
成都理工大学工程技术学院,成都理工大学工程技术学院,4151013668,四川省,乐山市,未分类,本科,false,,,教育部全国普通高等学校名单记录：主管部门=四川省教育厅；办学层次=本科；备注=民办。官网与研究生院链接待逐校官方核验后补充。,2386,active
四川传媒学院,四川传媒学院,4151013669,四川省,成都市,未分类,本科,false,,,教育部全国普通高等学校名单记录：主管部门=四川省教育厅；办学层次=本科；备注=民办。官网与研究生院链接待逐校官方核验后补充。,2387,active
成都银杏酒店管理学院,成都银杏酒店管理学院,4151013670,四川省,成都市,未分类,本科,false,,,教育部全国普通高等学校名单记录：主管部门=四川省教育厅；办学层次=本科；备注=民办。官网与研究生院链接待逐校官方核验后补充。,2388,active
成都文理学院,成都文理学院,4151013671,四川省,成都市,未分类,本科,false,,,教育部全国普通高等学校名单记录：主管部门=四川省教育厅；办学层次=本科；备注=民办。官网与研究生院链接待逐校官方核验后补充。,2389,active
四川工商学院,四川工商学院,4151013672,四川省,成都市,未分类,本科,false,,,教育部全国普通高等学校名单记录：主管部门=四川省教育厅；办学层次=本科；备注=民办。官网与研究生院链接待逐校官方核验后补充。,2390,active
成都外国语学院,成都外国语学院,4151013673,四川省,成都市,未分类,本科,false,,,教育部全国普通高等学校名单记录：主管部门=四川省教育厅；办学层次=本科；备注=民办。官网与研究生院链接待逐校官方核验后补充。,2391,active
成都医学院,成都医学院,4151013705,四川省,成都市,未分类,本科,false,,,教育部全国普通高等学校名单记录：主管部门=四川省；办学层次=本科。官网与研究生院链接待逐校官方核验后补充。,2392,active
四川工业科技学院,四川工业科技学院,4151013816,四川省,德阳市,未分类,本科,false,,,教育部全国普通高等学校名单记录：主管部门=四川省教育厅；办学层次=本科；备注=民办。官网与研究生院链接待逐校官方核验后补充。,2393,active
成都锦城学院,成都锦城学院,4151013903,四川省,成都市,未分类,本科,false,,,教育部全国普通高等学校名单记录：主管部门=四川省教育厅；办学层次=本科；备注=民办。官网与研究生院链接待逐校官方核验后补充。,2394,active
西南财经大学天府学院,西南财经大学天府学院,4151014037,四川省,绵阳市,未分类,本科,false,,,教育部全国普通高等学校名单记录：主管部门=四川省教育厅；办学层次=本科；备注=民办。官网与研究生院链接待逐校官方核验后补充。,2395,active
四川大学锦江学院,四川大学锦江学院,4151014039,四川省,眉山市,未分类,本科,false,,,教育部全国普通高等学校名单记录：主管部门=四川省教育厅；办学层次=本科；备注=民办。官网与研究生院链接待逐校官方核验后补充。,2396,active
四川文化艺术学院,四川文化艺术学院,4151014043,四川省,绵阳市,未分类,本科,false,,,教育部全国普通高等学校名单记录：主管部门=四川省教育厅；办学层次=本科；备注=民办。官网与研究生院链接待逐校官方核验后补充。,2397,active
绵阳城市学院,绵阳城市学院,4151014045,四川省,绵阳市,未分类,本科,false,,,教育部全国普通高等学校名单记录：主管部门=四川省教育厅；办学层次=本科；备注=民办。官网与研究生院链接待逐校官方核验后补充。,2398,active
西南交通大学希望学院,西南交通大学希望学院,4151014262,四川省,南充市,未分类,本科,false,,,教育部全国普通高等学校名单记录：主管部门=四川省教育厅；办学层次=本科；备注=民办。官网与研究生院链接待逐校官方核验后补充。,2399,active
成都师范学院,成都师范学院,4151014389,四川省,成都市,未分类,本科,false,,,教育部全国普通高等学校名单记录：主管部门=四川省；办学层次=本科。官网与研究生院链接待逐校官方核验后补充。,2400,active
四川电影电视学院,四川电影电视学院,4151014410,四川省,成都市,未分类,本科,false,,,教育部全国普通高等学校名单记录：主管部门=四川省教育厅；办学层次=本科；备注=民办。官网与研究生院链接待逐校官方核验后补充。,2401,active
吉利学院,吉利学院,4111012802,四川省,成都市,未分类,本科,false,,,教育部全国普通高等学校名单记录：主管部门=四川省教育厅；办学层次=本科；备注=民办。官网与研究生院链接待逐校官方核验后补充。,2402,active
四川工程职业技术大学,四川工程职业技术大学,4151012763,四川省,德阳市,未分类,本科,false,,,教育部全国普通高等学校名单记录：主管部门=四川省；办学层次=本科。官网与研究生院链接待逐校官方核验后补充。,2403,active
成都航空职业技术大学,成都航空职业技术大学,4151012064,四川省,成都市,未分类,本科,false,,,教育部全国普通高等学校名单记录：主管部门=四川省；办学层次=本科。官网与研究生院链接待逐校官方核验后补充。,2404,active
成都纺织高等专科学校,成都纺织高等专科学校,4151011553,四川省,成都市,未分类,专科,false,,,教育部全国普通高等学校名单记录：主管部门=四川省；办学层次=专科。官网与研究生院链接待逐校官方核验后补充。,2405,active
民办四川天一学院,民办四川天一学院,4151011841,四川省,成都市,未分类,专科,false,,,教育部全国普通高等学校名单记录：主管部门=四川省教育厅；办学层次=专科；备注=民办。官网与研究生院链接待逐校官方核验后补充。,2406,active
四川电力职业技术学院,四川电力职业技术学院,4151012065,四川省,成都市,未分类,专科,false,,,教育部全国普通高等学校名单记录：主管部门=四川省；办学层次=专科。官网与研究生院链接待逐校官方核验后补充。,2407,active
成都职业技术学院,成都职业技术学院,4151012635,四川省,成都市,未分类,专科,false,,,教育部全国普通高等学校名单记录：主管部门=四川省；办学层次=专科。官网与研究生院链接待逐校官方核验后补充。,2408,active
四川化工职业技术学院,四川化工职业技术学院,4151012637,四川省,泸州市,未分类,专科,false,,,教育部全国普通高等学校名单记录：主管部门=四川省；办学层次=专科。官网与研究生院链接待逐校官方核验后补充。,2409,active
四川水利职业技术学院,四川水利职业技术学院,4151012638,四川省,成都市,未分类,专科,false,,,教育部全国普通高等学校名单记录：主管部门=四川省；办学层次=专科。官网与研究生院链接待逐校官方核验后补充。,2410,active
南充职业技术学院,南充职业技术学院,4151012639,四川省,南充市,未分类,专科,false,,,教育部全国普通高等学校名单记录：主管部门=四川省；办学层次=专科。官网与研究生院链接待逐校官方核验后补充。,2411,active
内江职业技术学院,内江职业技术学院,4151012640,四川省,内江市,未分类,专科,false,,,教育部全国普通高等学校名单记录：主管部门=四川省；办学层次=专科。官网与研究生院链接待逐校官方核验后补充。,2412,active
四川航天职业技术学院,四川航天职业技术学院,4151012641,四川省,成都市,未分类,专科,false,,,教育部全国普通高等学校名单记录：主管部门=四川省；办学层次=专科。官网与研究生院链接待逐校官方核验后补充。,2413,active
四川邮电职业技术学院,四川邮电职业技术学院,4151012642,四川省,成都市,未分类,专科,false,,,教育部全国普通高等学校名单记录：主管部门=四川省；办学层次=专科。官网与研究生院链接待逐校官方核验后补充。,2414,active
四川机电职业技术学院,四川机电职业技术学院,4151012751,四川省,攀枝花市,未分类,专科,false,,,教育部全国普通高等学校名单记录：主管部门=四川省；办学层次=专科。官网与研究生院链接待逐校官方核验后补充。,2415,active
绵阳职业技术学院,绵阳职业技术学院,4151012753,四川省,绵阳市,未分类,专科,false,,,教育部全国普通高等学校名单记录：主管部门=四川省；办学层次=专科。官网与研究生院链接待逐校官方核验后补充。,2416,active
四川交通职业技术学院,四川交通职业技术学院,4151012761,四川省,成都市,未分类,专科,false,,,教育部全国普通高等学校名单记录：主管部门=四川省；办学层次=专科。官网与研究生院链接待逐校官方核验后补充。,2417,active
四川工商职业技术学院,四川工商职业技术学院,4151012762,四川省,成都市,未分类,专科,false,,,教育部全国普通高等学校名单记录：主管部门=四川省；办学层次=专科。官网与研究生院链接待逐校官方核验后补充。,2418,active
四川建筑职业技术学院,四川建筑职业技术学院,4151012764,四川省,德阳市,未分类,专科,false,,,教育部全国普通高等学校名单记录：主管部门=四川省；办学层次=专科。官网与研究生院链接待逐校官方核验后补充。,2419,active
达州职业技术学院,达州职业技术学院,4151012767,四川省,达州市,未分类,专科,false,,,教育部全国普通高等学校名单记录：主管部门=四川省；办学层次=专科。官网与研究生院链接待逐校官方核验后补充。,2420,active
四川托普信息技术职业学院,四川托普信息技术职业学院,4151012963,四川省,成都市,未分类,专科,false,,,教育部全国普通高等学校名单记录：主管部门=四川省教育厅；办学层次=专科；备注=民办。官网与研究生院链接待逐校官方核验后补充。,2421,active
四川国际标榜职业学院,四川国际标榜职业学院,4151012964,四川省,成都市,未分类,专科,false,,,教育部全国普通高等学校名单记录：主管部门=四川省教育厅；办学层次=专科；备注=民办。官网与研究生院链接待逐校官方核验后补充。,2422,active
成都农业科技职业学院,成都农业科技职业学院,4151012965,四川省,成都市,未分类,专科,false,,,教育部全国普通高等学校名单记录：主管部门=四川省；办学层次=专科。官网与研究生院链接待逐校官方核验后补充。,2423,active
宜宾职业技术学院,宜宾职业技术学院,4151012966,四川省,宜宾市,未分类,专科,false,,,教育部全国普通高等学校名单记录：主管部门=四川省；办学层次=专科。官网与研究生院链接待逐校官方核验后补充。,2424,active
泸州职业技术学院,泸州职业技术学院,4151012967,四川省,泸州市,未分类,专科,false,,,教育部全国普通高等学校名单记录：主管部门=四川省；办学层次=专科。官网与研究生院链接待逐校官方核验后补充。,2425,active
眉山职业技术学院,眉山职业技术学院,4151012968,四川省,眉山市,未分类,专科,false,,,教育部全国普通高等学校名单记录：主管部门=四川省；办学层次=专科。官网与研究生院链接待逐校官方核验后补充。,2426,active
四川职业技术学院,四川职业技术学院,4151012970,四川省,遂宁市,未分类,专科,false,,,教育部全国普通高等学校名单记录：主管部门=四川省；办学层次=专科。官网与研究生院链接待逐校官方核验后补充。,2427,active
乐山职业技术学院,乐山职业技术学院,4151013048,四川省,乐山市,未分类,专科,false,,,教育部全国普通高等学校名单记录：主管部门=四川省；办学层次=专科。官网与研究生院链接待逐校官方核验后补充。,2428,active
雅安职业技术学院,雅安职业技术学院,4151013049,四川省,雅安市,未分类,专科,false,,,教育部全国普通高等学校名单记录：主管部门=四川省；办学层次=专科。官网与研究生院链接待逐校官方核验后补充。,2429,active
四川商务职业学院,四川商务职业学院,4151013812,四川省,成都市,未分类,专科,false,,,教育部全国普通高等学校名单记录：主管部门=四川省；办学层次=专科。官网与研究生院链接待逐校官方核验后补充。,2430,active
四川司法警官职业学院,四川司法警官职业学院,4151013813,四川省,德阳市,未分类,专科,false,,,教育部全国普通高等学校名单记录：主管部门=四川省；办学层次=专科。官网与研究生院链接待逐校官方核验后补充。,2431,active
广安职业技术学院,广安职业技术学院,4151013814,四川省,广安市,未分类,专科,false,,,教育部全国普通高等学校名单记录：主管部门=四川省；办学层次=专科。官网与研究生院链接待逐校官方核验后补充。,2432,active
四川信息职业技术学院,四川信息职业技术学院,4151013815,四川省,广元市,未分类,专科,false,,,教育部全国普通高等学校名单记录：主管部门=四川省；办学层次=专科。官网与研究生院链接待逐校官方核验后补充。,2433,active
四川文化传媒职业学院,四川文化传媒职业学院,4151014004,四川省,成都市,未分类,专科,false,,,教育部全国普通高等学校名单记录：主管部门=四川省教育厅；办学层次=专科；备注=民办。官网与研究生院链接待逐校官方核验后补充。,2434,active
四川华新现代职业学院,四川华新现代职业学院,4151014005,四川省,成都市,未分类,专科,false,,,教育部全国普通高等学校名单记录：主管部门=四川省教育厅；办学层次=专科；备注=民办。官网与研究生院链接待逐校官方核验后补充。,2435,active
四川铁道职业学院,四川铁道职业学院,4151014006,四川省,成都市,未分类,专科,false,,,教育部全国普通高等学校名单记录：主管部门=四川省；办学层次=专科。官网与研究生院链接待逐校官方核验后补充。,2436,active
四川艺术职业学院,四川艺术职业学院,4151014007,四川省,成都市,未分类,专科,false,,,教育部全国普通高等学校名单记录：主管部门=四川省；办学层次=专科。官网与研究生院链接待逐校官方核验后补充。,2437,active
四川中医药高等专科学校,四川中医药高等专科学校,4151014010,四川省,绵阳市,未分类,专科,false,,,教育部全国普通高等学校名单记录：主管部门=四川省；办学层次=专科。官网与研究生院链接待逐校官方核验后补充。,2438,active
四川科技职业学院,四川科技职业学院,4151014070,四川省,成都市,未分类,专科,false,,,教育部全国普通高等学校名单记录：主管部门=四川省教育厅；办学层次=专科；备注=民办。官网与研究生院链接待逐校官方核验后补充。,2439,active
四川文化产业职业学院,四川文化产业职业学院,4151014086,四川省,成都市,未分类,专科,false,,,教育部全国普通高等学校名单记录：主管部门=四川省；办学层次=专科。官网与研究生院链接待逐校官方核验后补充。,2440,active
四川财经职业学院,四川财经职业学院,4151014091,四川省,成都市,未分类,专科,false,,,教育部全国普通高等学校名单记录：主管部门=四川省；办学层次=专科。官网与研究生院链接待逐校官方核验后补充。,2441,active
四川城市职业学院,四川城市职业学院,4151014175,四川省,成都市,未分类,专科,false,,,教育部全国普通高等学校名单记录：主管部门=四川省教育厅；办学层次=专科；备注=民办。官网与研究生院链接待逐校官方核验后补充。,2442,active
四川现代职业学院,四川现代职业学院,4151014176,四川省,成都市,未分类,专科,false,,,教育部全国普通高等学校名单记录：主管部门=四川省教育厅；办学层次=专科；备注=民办。官网与研究生院链接待逐校官方核验后补充。,2443,active
四川幼儿师范高等专科学校,四川幼儿师范高等专科学校,4151014221,四川省,绵阳市,未分类,专科,false,,,教育部全国普通高等学校名单记录：主管部门=四川省；办学层次=专科。官网与研究生院链接待逐校官方核验后补充。,2444,active
四川长江职业学院,四川长江职业学院,4151014323,四川省,成都市,未分类,专科,false,,,教育部全国普通高等学校名单记录：主管部门=四川省教育厅；办学层次=专科；备注=民办。官网与研究生院链接待逐校官方核验后补充。,2445,active
四川三河职业学院,四川三河职业学院,4151014386,四川省,泸州市,未分类,专科,false,,,教育部全国普通高等学校名单记录：主管部门=四川省教育厅；办学层次=专科；备注=民办。官网与研究生院链接待逐校官方核验后补充。,2446,active
川北幼儿师范高等专科学校,川北幼儿师范高等专科学校,4151014393,四川省,广元市,未分类,专科,false,,,教育部全国普通高等学校名单记录：主管部门=四川省；办学层次=专科。官网与研究生院链接待逐校官方核验后补充。,2447,active
四川卫生康复职业学院,四川卫生康复职业学院,4151014409,四川省,自贡市,未分类,专科,false,,,教育部全国普通高等学校名单记录：主管部门=四川省；办学层次=专科。官网与研究生院链接待逐校官方核验后补充。,2448,active
四川汽车职业技术学院,四川汽车职业技术学院,4151014411,四川省,绵阳市,未分类,专科,false,,,教育部全国普通高等学校名单记录：主管部门=四川省教育厅；办学层次=专科；备注=民办。官网与研究生院链接待逐校官方核验后补充。,2449,active
巴中职业技术学院,巴中职业技术学院,4151014483,四川省,巴中市,未分类,专科,false,,,教育部全国普通高等学校名单记录：主管部门=四川省教育厅；办学层次=专科；备注=民办。官网与研究生院链接待逐校官方核验后补充。,2450,active
四川希望汽车职业学院,四川希望汽车职业学院,4151014484,四川省,资阳市,未分类,专科,false,,,教育部全国普通高等学校名单记录：主管部门=四川省教育厅；办学层次=专科；备注=民办。官网与研究生院链接待逐校官方核验后补充。,2451,active
四川电子机械职业技术学院,四川电子机械职业技术学院,4151014485,四川省,绵阳市,未分类,专科,false,,,教育部全国普通高等学校名单记录：主管部门=四川省教育厅；办学层次=专科；备注=民办。官网与研究生院链接待逐校官方核验后补充。,2452,active
四川文轩职业学院,四川文轩职业学院,4151014486,四川省,成都市,未分类,专科,false,,,教育部全国普通高等学校名单记录：主管部门=四川省教育厅；办学层次=专科；备注=民办。官网与研究生院链接待逐校官方核验后补充。,2453,active
川南幼儿师范高等专科学校,川南幼儿师范高等专科学校,4151014496,四川省,内江市,未分类,专科,false,,,教育部全国普通高等学校名单记录：主管部门=四川省；办学层次=专科。官网与研究生院链接待逐校官方核验后补充。,2454,active
四川护理职业学院,四川护理职业学院,4151014513,四川省,德阳市,未分类,专科,false,,,教育部全国普通高等学校名单记录：主管部门=四川省；办学层次=专科。官网与研究生院链接待逐校官方核验后补充。,2455,active
成都工业职业技术学院,成都工业职业技术学院,4151014514,四川省,成都市,未分类,专科,false,,,教育部全国普通高等学校名单记录：主管部门=四川省；办学层次=专科。官网与研究生院链接待逐校官方核验后补充。,2456,active
四川西南航空职业学院,四川西南航空职业学院,4151014515,四川省,成都市,未分类,专科,false,,,教育部全国普通高等学校名单记录：主管部门=四川省教育厅；办学层次=专科；备注=民办。官网与研究生院链接待逐校官方核验后补充。,2457,active
成都工贸职业技术学院,成都工贸职业技术学院,4151014547,四川省,成都市,未分类,专科,false,,,教育部全国普通高等学校名单记录：主管部门=四川省；办学层次=专科。官网与研究生院链接待逐校官方核验后补充。,2458,active
四川应用技术职业学院,四川应用技术职业学院,4151014548,四川省,凉山彝族自治州,未分类,专科,false,,,教育部全国普通高等学校名单记录：主管部门=四川省教育厅；办学层次=专科；备注=民办。官网与研究生院链接待逐校官方核验后补充。,2459,active
西昌民族幼儿师范高等专科学校,西昌民族幼儿师范高等专科学校,4151014629,四川省,凉山彝族自治州,未分类,专科,false,,,教育部全国普通高等学校名单记录：主管部门=四川省；办学层次=专科。官网与研究生院链接待逐校官方核验后补充。,2460,active
眉山药科职业学院,眉山药科职业学院,4151014640,四川省,眉山市,未分类,专科,false,,,教育部全国普通高等学校名单记录：主管部门=四川省教育厅；办学层次=专科；备注=民办。官网与研究生院链接待逐校官方核验后补充。,2461,active
天府新区信息职业学院,天府新区信息职业学院,4151014641,四川省,眉山市,未分类,专科,false,,,教育部全国普通高等学校名单记录：主管部门=四川省教育厅；办学层次=专科；备注=民办。官网与研究生院链接待逐校官方核验后补充。,2462,active
德阳城市轨道交通职业学院,德阳城市轨道交通职业学院,4151014642,四川省,德阳市,未分类,专科,false,,,教育部全国普通高等学校名单记录：主管部门=四川省教育厅；办学层次=专科；备注=民办。官网与研究生院链接待逐校官方核验后补充。,2463,active
德阳科贸职业学院,德阳科贸职业学院,4151014643,四川省,德阳市,未分类,专科,false,,,教育部全国普通高等学校名单记录：主管部门=四川省教育厅；办学层次=专科；备注=民办。官网与研究生院链接待逐校官方核验后补充。,2464,active
江阳城建职业学院,江阳城建职业学院,4151014644,四川省,泸州市,未分类,专科,false,,,教育部全国普通高等学校名单记录：主管部门=四川省教育厅；办学层次=专科；备注=民办。官网与研究生院链接待逐校官方核验后补充。,2465,active
天府新区航空旅游职业学院,天府新区航空旅游职业学院,4151014645,四川省,眉山市,未分类,专科,false,,,教育部全国普通高等学校名单记录：主管部门=四川省教育厅；办学层次=专科；备注=民办。官网与研究生院链接待逐校官方核验后补充。,2466,active
天府新区通用航空职业学院,天府新区通用航空职业学院,4151014646,四川省,眉山市,未分类,专科,false,,,教育部全国普通高等学校名单记录：主管部门=四川省教育厅；办学层次=专科；备注=民办。官网与研究生院链接待逐校官方核验后补充。,2467,active
阿坝职业学院,阿坝职业学院,4151014647,四川省,阿坝藏族羌族自治州,未分类,专科,false,,,教育部全国普通高等学校名单记录：主管部门=四川省；办学层次=专科。官网与研究生院链接待逐校官方核验后补充。,2468,active
达州中医药职业学院,达州中医药职业学院,4151014669,四川省,达州市,未分类,专科,false,,,教育部全国普通高等学校名单记录：主管部门=四川省；办学层次=专科。官网与研究生院链接待逐校官方核验后补充。,2469,active
内江卫生与健康职业学院,内江卫生与健康职业学院,4151014670,四川省,内江市,未分类,专科,false,,,教育部全国普通高等学校名单记录：主管部门=四川省；办学层次=专科。官网与研究生院链接待逐校官方核验后补充。,2470,active
南充科技职业学院,南充科技职业学院,4151014671,四川省,南充市,未分类,专科,false,,,教育部全国普通高等学校名单记录：主管部门=四川省教育厅；办学层次=专科；备注=民办。官网与研究生院链接待逐校官方核验后补充。,2471,active
攀枝花攀西职业学院,攀枝花攀西职业学院,4151014672,四川省,攀枝花市,未分类,专科,false,,,教育部全国普通高等学校名单记录：主管部门=四川省教育厅；办学层次=专科；备注=民办。官网与研究生院链接待逐校官方核验后补充。,2472,active
资阳口腔职业学院,资阳口腔职业学院,4151014673,四川省,资阳市,未分类,专科,false,,,教育部全国普通高等学校名单记录：主管部门=四川省教育厅；办学层次=专科；备注=民办。官网与研究生院链接待逐校官方核验后补充。,2473,active
资阳环境科技职业学院,资阳环境科技职业学院,4151014674,四川省,资阳市,未分类,专科,false,,,教育部全国普通高等学校名单记录：主管部门=四川省教育厅；办学层次=专科；备注=民办。官网与研究生院链接待逐校官方核验后补充。,2474,active
南充文化旅游职业学院,南充文化旅游职业学院,4151014728,四川省,南充市,未分类,专科,false,,,教育部全国普通高等学校名单记录：主管部门=四川省；办学层次=专科。官网与研究生院链接待逐校官方核验后补充。,2475,active
南充电影工业职业学院,南充电影工业职业学院,4151014729,四川省,南充市,未分类,专科,false,,,教育部全国普通高等学校名单记录：主管部门=四川省教育厅；办学层次=专科；备注=民办。官网与研究生院链接待逐校官方核验后补充。,2476,active
绵阳飞行职业学院,绵阳飞行职业学院,4151014730,四川省,绵阳市,未分类,专科,false,,,教育部全国普通高等学校名单记录：主管部门=四川省教育厅；办学层次=专科；备注=民办。官网与研究生院链接待逐校官方核验后补充。,2477,active
德阳农业科技职业学院,德阳农业科技职业学院,4151014731,四川省,德阳市,未分类,专科,false,,,教育部全国普通高等学校名单记录：主管部门=四川省教育厅；办学层次=专科；备注=民办。官网与研究生院链接待逐校官方核验后补充。,2478,active
泸州医疗器械职业学院,泸州医疗器械职业学院,4151014732,四川省,泸州市,未分类,专科,false,,,教育部全国普通高等学校名单记录：主管部门=四川省教育厅；办学层次=专科；备注=民办。官网与研究生院链接待逐校官方核验后补充。,2479,active
甘孜职业学院,甘孜职业学院,4151014767,四川省,甘孜藏族自治州,未分类,专科,false,,,教育部全国普通高等学校名单记录：主管部门=四川省；办学层次=专科。官网与研究生院链接待逐校官方核验后补充。,2480,active
自贡职业技术学院,自贡职业技术学院,4151014768,四川省,自贡市,未分类,专科,false,,,教育部全国普通高等学校名单记录：主管部门=四川省教育厅；办学层次=专科；备注=民办。官网与研究生院链接待逐校官方核验后补充。,2481,active
广元中核职业技术学院,广元中核职业技术学院,4251050881,四川省,广元市,未分类,专科,false,,,教育部全国普通高等学校名单记录：主管部门=四川省教育厅；办学层次=专科；备注=民办。官网与研究生院链接待逐校官方核验后补充。,2482,active
四川体育职业学院,四川体育职业学院,4251051351,四川省,成都市,未分类,专科,false,,,教育部全国普通高等学校名单记录：主管部门=四川省；办学层次=专科。官网与研究生院链接待逐校官方核验后补充。,2483,active
遂宁能源职业学院,遂宁能源职业学院,4151014834,四川省,遂宁市,未分类,专科,false,,,教育部全国普通高等学校名单记录：主管部门=四川省教育厅；办学层次=专科；备注=民办。官网与研究生院链接待逐校官方核验后补充。,2484,active
遂宁工程职业学院,遂宁工程职业学院,4151014835,四川省,遂宁市,未分类,专科,false,,,教育部全国普通高等学校名单记录：主管部门=四川省教育厅；办学层次=专科；备注=民办。官网与研究生院链接待逐校官方核验后补充。,2485,active
遂宁职业学院,遂宁职业学院,4151014836,四川省,遂宁市,未分类,专科,false,,,教育部全国普通高等学校名单记录：主管部门=四川省教育厅；办学层次=专科；备注=民办。官网与研究生院链接待逐校官方核验后补充。,2486,active
西昌医学高等专科学校,西昌医学高等专科学校,4151014871,四川省,西昌市,未分类,专科,false,,,教育部全国普通高等学校名单记录：主管部门=四川省；办学层次=专科。官网与研究生院链接待逐校官方核验后补充。,2487,active
成都轨道交通职业学院,成都轨道交通职业学院,4151014872,四川省,成都市,未分类,专科,false,,,教育部全国普通高等学校名单记录：主管部门=四川省教育厅；办学层次=专科；备注=民办。官网与研究生院链接待逐校官方核验后补充。,2488,active
宜宾工业职业技术学院,宜宾工业职业技术学院,4151014937,四川省,宜宾市,未分类,专科,false,,,教育部全国普通高等学校名单记录：主管部门=四川省；办学层次=专科。官网与研究生院链接待逐校官方核验后补充。,2489,active
宜宾医药健康职业学院,宜宾医药健康职业学院,4151014938,四川省,宜宾市,未分类,专科,false,,,教育部全国普通高等学校名单记录：主管部门=四川省；办学层次=专科。官网与研究生院链接待逐校官方核验后补充。,2490,active
贵州大学,贵州大学,4152010657,贵州省,贵阳市,未分类,本科,false,,,教育部全国普通高等学校名单记录：主管部门=贵州省；办学层次=本科。官网与研究生院链接待逐校官方核验后补充。,2491,active
贵州医科大学,贵州医科大学,4152010660,贵州省,贵阳市,未分类,本科,false,,,教育部全国普通高等学校名单记录：主管部门=贵州省；办学层次=本科。官网与研究生院链接待逐校官方核验后补充。,2492,active
遵义医科大学,遵义医科大学,4152010661,贵州省,遵义市,未分类,本科,false,,,教育部全国普通高等学校名单记录：主管部门=贵州省；办学层次=本科。官网与研究生院链接待逐校官方核验后补充。,2493,active
贵州中医药大学,贵州中医药大学,4152010662,贵州省,贵阳市,未分类,本科,false,,,教育部全国普通高等学校名单记录：主管部门=贵州省；办学层次=本科。官网与研究生院链接待逐校官方核验后补充。,2494,active
贵州师范大学,贵州师范大学,4152010663,贵州省,贵阳市,未分类,本科,false,,,教育部全国普通高等学校名单记录：主管部门=贵州省；办学层次=本科。官网与研究生院链接待逐校官方核验后补充。,2495,active
遵义师范学院,遵义师范学院,4152010664,贵州省,遵义市,未分类,本科,false,,,教育部全国普通高等学校名单记录：主管部门=贵州省；办学层次=本科。官网与研究生院链接待逐校官方核验后补充。,2496,active
铜仁学院,铜仁学院,4152010665,贵州省,铜仁市,未分类,本科,false,,,教育部全国普通高等学校名单记录：主管部门=贵州省；办学层次=本科。官网与研究生院链接待逐校官方核验后补充。,2497,active
兴义民族师范学院,兴义民族师范学院,4152010666,贵州省,黔西南布依族苗族自治州,未分类,本科,false,,,教育部全国普通高等学校名单记录：主管部门=贵州省；办学层次=本科。官网与研究生院链接待逐校官方核验后补充。,2498,active
安顺学院,安顺学院,4152010667,贵州省,安顺市,未分类,本科,false,,,教育部全国普通高等学校名单记录：主管部门=贵州省；办学层次=本科。官网与研究生院链接待逐校官方核验后补充。,2499,active
贵州工程应用技术学院,贵州工程应用技术学院,4152010668,贵州省,毕节市,未分类,本科,false,,,教育部全国普通高等学校名单记录：主管部门=贵州省；办学层次=本科。官网与研究生院链接待逐校官方核验后补充。,2500,active
凯里学院,凯里学院,4152010669,贵州省,黔东南苗族侗族自治州,未分类,本科,false,,,教育部全国普通高等学校名单记录：主管部门=贵州省；办学层次=本科。官网与研究生院链接待逐校官方核验后补充。,2501,active
黔南民族师范学院,黔南民族师范学院,4152010670,贵州省,黔南布依族苗族自治州,未分类,本科,false,,,教育部全国普通高等学校名单记录：主管部门=贵州省；办学层次=本科。官网与研究生院链接待逐校官方核验后补充。,2502,active
贵州财经大学,贵州财经大学,4152010671,贵州省,贵阳市,未分类,本科,false,,,教育部全国普通高等学校名单记录：主管部门=贵州省；办学层次=本科。官网与研究生院链接待逐校官方核验后补充。,2503,active
贵州民族大学,贵州民族大学,4152010672,贵州省,贵阳市,未分类,本科,false,,,教育部全国普通高等学校名单记录：主管部门=贵州省；办学层次=本科。官网与研究生院链接待逐校官方核验后补充。,2504,active
贵阳学院,贵阳学院,4152010976,贵州省,贵阳市,未分类,本科,false,,,教育部全国普通高等学校名单记录：主管部门=贵州省；办学层次=本科。官网与研究生院链接待逐校官方核验后补充。,2505,active
六盘水师范学院,六盘水师范学院,4152010977,贵州省,六盘水市,未分类,本科,false,,,教育部全国普通高等学校名单记录：主管部门=贵州省；办学层次=本科。官网与研究生院链接待逐校官方核验后补充。,2506,active
贵州商学院,贵州商学院,4152011731,贵州省,贵阳市,未分类,本科,false,,,教育部全国普通高等学校名单记录：主管部门=贵州省；办学层次=本科。官网与研究生院链接待逐校官方核验后补充。,2507,active
贵州警察学院,贵州警察学院,4152012107,贵州省,贵阳市,未分类,本科,false,,,教育部全国普通高等学校名单记录：主管部门=贵州省；办学层次=本科。官网与研究生院链接待逐校官方核验后补充。,2508,active
贵州中医药大学时珍学院,贵州中医药大学时珍学院,4152013647,贵州省,贵阳市,未分类,本科,false,,,教育部全国普通高等学校名单记录：主管部门=贵州省教育厅；办学层次=本科；备注=民办。官网与研究生院链接待逐校官方核验后补充。,2509,active
贵州黔南经济学院,贵州黔南经济学院,4152013648,贵州省,黔南布依族苗族自治州,未分类,本科,false,,,教育部全国普通高等学校名单记录：主管部门=贵州省教育厅；办学层次=本科；备注=民办。官网与研究生院链接待逐校官方核验后补充。,2510,active
贵州黔南科技学院,贵州黔南科技学院,4152013649,贵州省,黔南布依族苗族自治州,未分类,本科,false,,,教育部全国普通高等学校名单记录：主管部门=贵州省教育厅；办学层次=本科；备注=民办。官网与研究生院链接待逐校官方核验后补充。,2511,active
贵阳信息科技学院,贵阳信息科技学院,4152013650,贵州省,贵阳市,未分类,本科,false,,,教育部全国普通高等学校名单记录：主管部门=贵州省教育厅；办学层次=本科；备注=民办。官网与研究生院链接待逐校官方核验后补充。,2512,active
贵阳人文科技学院,贵阳人文科技学院,4152013651,贵州省,贵阳市,未分类,本科,false,,,教育部全国普通高等学校名单记录：主管部门=贵州省教育厅；办学层次=本科；备注=民办。官网与研究生院链接待逐校官方核验后补充。,2513,active
贵阳康养职业大学,贵阳康养职业大学,4152016206,贵州省,贵阳市,未分类,本科,false,,,教育部全国普通高等学校名单记录：主管部门=贵州省；办学层次=本科。官网与研究生院链接待逐校官方核验后补充。,2514,active
遵义医科大学医学与科技学院,遵义医科大学医学与科技学院,4152013653,贵州省,遵义市,未分类,本科,false,,,教育部全国普通高等学校名单记录：主管部门=贵州省教育厅；办学层次=本科；备注=民办。官网与研究生院链接待逐校官方核验后补充。,2515,active
贵州医科大学神奇民族医药学院,贵州医科大学神奇民族医药学院,4152013676,贵州省,贵阳市,未分类,本科,false,,,教育部全国普通高等学校名单记录：主管部门=贵州省教育厅；办学层次=本科；备注=民办。官网与研究生院链接待逐校官方核验后补充。,2516,active
贵州师范学院,贵州师范学院,4152014223,贵州省,贵阳市,未分类,本科,false,,,教育部全国普通高等学校名单记录：主管部门=贵州省；办学层次=本科。官网与研究生院链接待逐校官方核验后补充。,2517,active
贵州理工学院,贵州理工学院,4152014440,贵州省,贵阳市,未分类,本科,false,,,教育部全国普通高等学校名单记录：主管部门=贵州省；办学层次=本科。官网与研究生院链接待逐校官方核验后补充。,2518,active
茅台学院,茅台学院,4152014625,贵州省,遵义市,未分类,本科,false,,,教育部全国普通高等学校名单记录：主管部门=贵州省教育厅；办学层次=本科；备注=民办。官网与研究生院链接待逐校官方核验后补充。,2519,active
贵州交通职业大学,贵州交通职业大学,4152012222,贵州省,贵阳市,未分类,本科,false,,,教育部全国普通高等学校名单记录：主管部门=贵州省；办学层次=本科。官网与研究生院链接待逐校官方核验后补充。,2520,active
铜仁职业技术大学,铜仁职业技术大学,4152013055,贵州省,铜仁市,未分类,本科,false,,,教育部全国普通高等学校名单记录：主管部门=贵州省；办学层次=本科。官网与研究生院链接待逐校官方核验后补充。,2521,active
贵州轻工职业大学,贵州轻工职业大学,4152013818,贵州省,贵阳市,未分类,本科,false,,,教育部全国普通高等学校名单记录：主管部门=贵州省；办学层次=本科。官网与研究生院链接待逐校官方核验后补充。,2522,active
黔南民族医学高等专科学校,黔南民族医学高等专科学校,4152011663,贵州省,黔南布依族苗族自治州,未分类,专科,false,,,教育部全国普通高等学校名单记录：主管部门=贵州省；办学层次=专科。官网与研究生院链接待逐校官方核验后补充。,2523,active
贵州航天职业技术学院,贵州航天职业技术学院,4152012223,贵州省,遵义市,未分类,专科,false,,,教育部全国普通高等学校名单记录：主管部门=贵州省；办学层次=专科。官网与研究生院链接待逐校官方核验后补充。,2524,active
贵州电子信息职业技术学院,贵州电子信息职业技术学院,4152012336,贵州省,黔东南苗族侗族自治州,未分类,专科,false,,,教育部全国普通高等学校名单记录：主管部门=贵州省；办学层次=专科。官网与研究生院链接待逐校官方核验后补充。,2525,active
安顺职业技术学院,安顺职业技术学院,4152012821,贵州省,安顺市,未分类,专科,false,,,教育部全国普通高等学校名单记录：主管部门=贵州省；办学层次=专科。官网与研究生院链接待逐校官方核验后补充。,2526,active
黔东南民族职业技术学院,黔东南民族职业技术学院,4152012822,贵州省,黔东南苗族侗族自治州,未分类,专科,false,,,教育部全国普通高等学校名单记录：主管部门=贵州省；办学层次=专科。官网与研究生院链接待逐校官方核验后补充。,2527,active
黔南民族职业技术学院,黔南民族职业技术学院,4152012823,贵州省,黔南布依族苗族自治州,未分类,专科,false,,,教育部全国普通高等学校名单记录：主管部门=贵州省；办学层次=专科。官网与研究生院链接待逐校官方核验后补充。,2528,active
遵义职业技术学院,遵义职业技术学院,4152012824,贵州省,遵义市,未分类,专科,false,,,教育部全国普通高等学校名单记录：主管部门=贵州省；办学层次=专科。官网与研究生院链接待逐校官方核验后补充。,2529,active
贵州城市职业学院,贵州城市职业学院,4152012850,贵州省,贵阳市,未分类,专科,false,,,教育部全国普通高等学校名单记录：主管部门=贵州省教育厅；办学层次=专科；备注=民办。官网与研究生院链接待逐校官方核验后补充。,2530,active
贵州工业职业技术学院,贵州工业职业技术学院,4152013052,贵州省,贵阳市,未分类,专科,false,,,教育部全国普通高等学校名单记录：主管部门=贵州省；办学层次=专科。官网与研究生院链接待逐校官方核验后补充。,2531,active
贵州电力职业技术学院,贵州电力职业技术学院,4152013053,贵州省,贵阳市,未分类,专科,false,,,教育部全国普通高等学校名单记录：主管部门=贵州省；办学层次=专科。官网与研究生院链接待逐校官方核验后补充。,2532,active
六盘水职业技术学院,六盘水职业技术学院,4152013054,贵州省,六盘水市,未分类,专科,false,,,教育部全国普通高等学校名单记录：主管部门=贵州省；办学层次=专科。官网与研究生院链接待逐校官方核验后补充。,2533,active
黔西南民族职业技术学院,黔西南民族职业技术学院,4152013817,贵州省,黔西南布依族苗族自治州,未分类,专科,false,,,教育部全国普通高等学校名单记录：主管部门=贵州省；办学层次=专科。官网与研究生院链接待逐校官方核验后补充。,2534,active
遵义医药高等专科学校,遵义医药高等专科学校,4152014011,贵州省,遵义市,未分类,专科,false,,,教育部全国普通高等学校名单记录：主管部门=贵州省；办学层次=专科。官网与研究生院链接待逐校官方核验后补充。,2535,active
贵阳职业技术学院,贵阳职业技术学院,4152014129,贵州省,贵阳市,未分类,专科,false,,,教育部全国普通高等学校名单记录：主管部门=贵州省；办学层次=专科。官网与研究生院链接待逐校官方核验后补充。,2536,active
毕节职业技术学院,毕节职业技术学院,4152014198,贵州省,毕节市,未分类,专科,false,,,教育部全国普通高等学校名单记录：主管部门=贵州省；办学层次=专科。官网与研究生院链接待逐校官方核验后补充。,2537,active
贵州职业技术学院,贵州职业技术学院,4152014252,贵州省,贵阳市,未分类,专科,false,,,教育部全国普通高等学校名单记录：主管部门=贵州省；办学层次=专科。官网与研究生院链接待逐校官方核验后补充。,2538,active
贵州盛华职业学院,贵州盛华职业学院,4152014371,贵州省,黔南布依族苗族自治州,未分类,专科,false,,,教育部全国普通高等学校名单记录：主管部门=贵州省教育厅；办学层次=专科；备注=民办。官网与研究生院链接待逐校官方核验后补充。,2539,active
贵州工商职业学院,贵州工商职业学院,4152014412,贵州省,贵阳市,未分类,专科,false,,,教育部全国普通高等学校名单记录：主管部门=贵州省教育厅；办学层次=专科；备注=民办。官网与研究生院链接待逐校官方核验后补充。,2540,active
贵阳幼儿师范高等专科学校,贵阳幼儿师范高等专科学校,4152014469,贵州省,贵阳市,未分类,专科,false,,,教育部全国普通高等学校名单记录：主管部门=贵州省；办学层次=专科。官网与研究生院链接待逐校官方核验后补充。,2541,active
铜仁幼儿师范高等专科学校,铜仁幼儿师范高等专科学校,4152014470,贵州省,铜仁市,未分类,专科,false,,,教育部全国普通高等学校名单记录：主管部门=贵州省；办学层次=专科。官网与研究生院链接待逐校官方核验后补充。,2542,active
黔南民族幼儿师范高等专科学校,黔南民族幼儿师范高等专科学校,4152014497,贵州省,黔南布依族苗族自治州,未分类,专科,false,,,教育部全国普通高等学校名单记录：主管部门=贵州省；办学层次=专科。官网与研究生院链接待逐校官方核验后补充。,2543,active
毕节医学高等专科学校,毕节医学高等专科学校,4152014499,贵州省,毕节市,未分类,专科,false,,,教育部全国普通高等学校名单记录：主管部门=贵州省；办学层次=专科。官网与研究生院链接待逐校官方核验后补充。,2544,active
贵州建设职业技术学院,贵州建设职业技术学院,4152014516,贵州省,贵阳市,未分类,专科,false,,,教育部全国普通高等学校名单记录：主管部门=贵州省；办学层次=专科。官网与研究生院链接待逐校官方核验后补充。,2545,active
毕节幼儿师范高等专科学校,毕节幼儿师范高等专科学校,4152014538,贵州省,毕节市,未分类,专科,false,,,教育部全国普通高等学校名单记录：主管部门=贵州省；办学层次=专科。官网与研究生院链接待逐校官方核验后补充。,2546,active
贵州农业职业学院,贵州农业职业学院,4152014549,贵州省,贵阳市,未分类,专科,false,,,教育部全国普通高等学校名单记录：主管部门=贵州省；办学层次=专科。官网与研究生院链接待逐校官方核验后补充。,2547,active
贵州工程职业学院,贵州工程职业学院,4152014558,贵州省,铜仁市,未分类,专科,false,,,教育部全国普通高等学校名单记录：主管部门=贵州省教育厅；办学层次=专科；备注=民办。官网与研究生院链接待逐校官方核验后补充。,2548,active
贵州工贸职业学院,贵州工贸职业学院,4152014559,贵州省,毕节市,未分类,专科,false,,,教育部全国普通高等学校名单记录：主管部门=贵州省教育厅；办学层次=专科；备注=民办。官网与研究生院链接待逐校官方核验后补充。,2549,active
贵州水利水电职业技术学院,贵州水利水电职业技术学院,4152014577,贵州省,贵阳市,未分类,专科,false,,,教育部全国普通高等学校名单记录：主管部门=贵州省；办学层次=专科。官网与研究生院链接待逐校官方核验后补充。,2550,active
贵州电子商务职业技术学院,贵州电子商务职业技术学院,4152014578,贵州省,贵阳市,未分类,专科,false,,,教育部全国普通高等学校名单记录：主管部门=贵州省；办学层次=专科。官网与研究生院链接待逐校官方核验后补充。,2551,active
贵州应用技术职业学院,贵州应用技术职业学院,4152014579,贵州省,黔南布依族苗族自治州,未分类,专科,false,,,教育部全国普通高等学校名单记录：主管部门=贵州省教育厅；办学层次=专科；备注=民办。官网与研究生院链接待逐校官方核验后补充。,2552,active
贵州电子科技职业学院,贵州电子科技职业学院,4152014580,贵州省,贵阳市,未分类,专科,false,,,教育部全国普通高等学校名单记录：主管部门=贵州省；办学层次=专科。官网与研究生院链接待逐校官方核验后补充。,2553,active
贵州装备制造职业学院,贵州装备制造职业学院,4152014613,贵州省,贵阳市,未分类,专科,false,,,教育部全国普通高等学校名单记录：主管部门=贵州省；办学层次=专科。官网与研究生院链接待逐校官方核验后补充。,2554,active
贵州健康职业学院,贵州健康职业学院,4152014614,贵州省,铜仁市,未分类,专科,false,,,教育部全国普通高等学校名单记录：主管部门=贵州省；办学层次=专科。官网与研究生院链接待逐校官方核验后补充。,2555,active
贵州食品工程职业学院,贵州食品工程职业学院,4152014615,贵州省,贵阳市,未分类,专科,false,,,教育部全国普通高等学校名单记录：主管部门=贵州省；办学层次=专科。官网与研究生院链接待逐校官方核验后补充。,2556,active
贵州经贸职业技术学院,贵州经贸职业技术学院,4152014616,贵州省,黔南布依族苗族自治州,未分类,专科,false,,,教育部全国普通高等学校名单记录：主管部门=贵州省；办学层次=专科。官网与研究生院链接待逐校官方核验后补充。,2557,active
贵州护理职业技术学院,贵州护理职业技术学院,4152014617,贵州省,黔南布依族苗族自治州,未分类,专科,false,,,教育部全国普通高等学校名单记录：主管部门=贵州省；办学层次=专科。官网与研究生院链接待逐校官方核验后补充。,2558,active
六盘水幼儿师范高等专科学校,六盘水幼儿师范高等专科学校,4152014630,贵州省,六盘水市,未分类,专科,false,,,教育部全国普通高等学校名单记录：主管部门=贵州省；办学层次=专科。官网与研究生院链接待逐校官方核验后补充。,2559,active
毕节工业职业技术学院,毕节工业职业技术学院,4152014648,贵州省,毕节市,未分类,专科,false,,,教育部全国普通高等学校名单记录：主管部门=贵州省；办学层次=专科。官网与研究生院链接待逐校官方核验后补充。,2560,active
贵州机电职业技术学院,贵州机电职业技术学院,4152014733,贵州省,黔南布依族苗族自治州,未分类,专科,false,,,教育部全国普通高等学校名单记录：主管部门=贵州省；办学层次=专科。官网与研究生院链接待逐校官方核验后补充。,2561,active
贵州财经职业学院,贵州财经职业学院,4152014734,贵州省,贵阳市,未分类,专科,false,,,教育部全国普通高等学校名单记录：主管部门=贵州省；办学层次=专科。官网与研究生院链接待逐校官方核验后补充。,2562,active
贵州民用航空职业学院,贵州民用航空职业学院,4152014735,贵州省,安顺市,未分类,专科,false,,,教育部全国普通高等学校名单记录：主管部门=贵州省教育厅；办学层次=专科；备注=民办。官网与研究生院链接待逐校官方核验后补充。,2563,active
贵州文化旅游职业学院,贵州文化旅游职业学院,4152014769,贵州省,贵阳市,未分类,专科,false,,,教育部全国普通高等学校名单记录：主管部门=贵州省；办学层次=专科。官网与研究生院链接待逐校官方核验后补充。,2564,active
贵州航空职业技术学院,贵州航空职业技术学院,4252050963,贵州省,贵阳市,未分类,专科,false,,,教育部全国普通高等学校名单记录：主管部门=贵州省；办学层次=专科。官网与研究生院链接待逐校官方核验后补充。,2565,active
贵州体育职业学院,贵州体育职业学院,4152014799,贵州省,贵阳市,未分类,专科,false,,,教育部全国普通高等学校名单记录：主管部门=贵州省；办学层次=专科。官网与研究生院链接待逐校官方核验后补充。,2566,active
贵州铜仁数据职业学院,贵州铜仁数据职业学院,4152014800,贵州省,铜仁市,未分类,专科,false,,,教育部全国普通高等学校名单记录：主管部门=贵州省教育厅；办学层次=专科；备注=民办。官网与研究生院链接待逐校官方核验后补充。,2567,active
贵州传媒职业学院,贵州传媒职业学院,4152014848,贵州省,贵阳市,未分类,专科,false,,,教育部全国普通高等学校名单记录：主管部门=贵州省；办学层次=专科。官网与研究生院链接待逐校官方核验后补充。,2568,active
贵州生态能源职业学院,贵州生态能源职业学院,4152014849,贵州省,贵阳市,未分类,专科,false,,,教育部全国普通高等学校名单记录：主管部门=贵州省；办学层次=专科。官网与研究生院链接待逐校官方核验后补充。,2569,active
黔东南理工职业学院,黔东南理工职业学院,4152014850,贵州省,黔东南苗族侗族自治州,未分类,专科,false,,,教育部全国普通高等学校名单记录：主管部门=贵州省；办学层次=专科。官网与研究生院链接待逐校官方核验后补充。,2570,active
云南大学,云南大学,4153010673,云南省,昆明市,未分类,本科,false,,,教育部全国普通高等学校名单记录：主管部门=云南省；办学层次=本科。官网与研究生院链接待逐校官方核验后补充。,2571,active
昆明理工大学,昆明理工大学,4153010674,云南省,昆明市,未分类,本科,false,,,教育部全国普通高等学校名单记录：主管部门=云南省；办学层次=本科。官网与研究生院链接待逐校官方核验后补充。,2572,active
云南农业大学,云南农业大学,4153010676,云南省,昆明市,未分类,本科,false,,,教育部全国普通高等学校名单记录：主管部门=云南省；办学层次=本科。官网与研究生院链接待逐校官方核验后补充。,2573,active
西南林业大学,西南林业大学,4153010677,云南省,昆明市,未分类,本科,false,,,教育部全国普通高等学校名单记录：主管部门=云南省；办学层次=本科。官网与研究生院链接待逐校官方核验后补充。,2574,active
昆明医科大学,昆明医科大学,4153010678,云南省,昆明市,未分类,本科,false,,,教育部全国普通高等学校名单记录：主管部门=云南省；办学层次=本科。官网与研究生院链接待逐校官方核验后补充。,2575,active
大理大学,大理大学,4153010679,云南省,大理白族自治州,未分类,本科,false,,,教育部全国普通高等学校名单记录：主管部门=云南省；办学层次=本科。官网与研究生院链接待逐校官方核验后补充。,2576,active
云南中医药大学,云南中医药大学,4153010680,云南省,昆明市,未分类,本科,false,,,教育部全国普通高等学校名单记录：主管部门=云南省；办学层次=本科。官网与研究生院链接待逐校官方核验后补充。,2577,active
云南师范大学,云南师范大学,4153010681,云南省,昆明市,未分类,本科,false,,,教育部全国普通高等学校名单记录：主管部门=云南省；办学层次=本科。官网与研究生院链接待逐校官方核验后补充。,2578,active
昭通学院,昭通学院,4153010683,云南省,昭通市,未分类,本科,false,,,教育部全国普通高等学校名单记录：主管部门=云南省；办学层次=本科。官网与研究生院链接待逐校官方核验后补充。,2579,active
曲靖师范学院,曲靖师范学院,4153010684,云南省,曲靖市,未分类,本科,false,,,教育部全国普通高等学校名单记录：主管部门=云南省；办学层次=本科。官网与研究生院链接待逐校官方核验后补充。,2580,active
普洱学院,普洱学院,4153010685,云南省,普洱市,未分类,本科,false,,,教育部全国普通高等学校名单记录：主管部门=云南省；办学层次=本科。官网与研究生院链接待逐校官方核验后补充。,2581,active
保山学院,保山学院,4153010686,云南省,保山市,未分类,本科,false,,,教育部全国普通高等学校名单记录：主管部门=云南省；办学层次=本科。官网与研究生院链接待逐校官方核验后补充。,2582,active
红河学院,红河学院,4153010687,云南省,红河哈尼族彝族自治州,未分类,本科,false,,,教育部全国普通高等学校名单记录：主管部门=云南省；办学层次=本科。官网与研究生院链接待逐校官方核验后补充。,2583,active
云南财经大学,云南财经大学,4153010689,云南省,昆明市,未分类,本科,false,,,教育部全国普通高等学校名单记录：主管部门=云南省；办学层次=本科。官网与研究生院链接待逐校官方核验后补充。,2584,active
云南艺术学院,云南艺术学院,4153010690,云南省,昆明市,未分类,本科,false,,,教育部全国普通高等学校名单记录：主管部门=云南省；办学层次=本科。官网与研究生院链接待逐校官方核验后补充。,2585,active
云南民族大学,云南民族大学,4153010691,云南省,昆明市,未分类,本科,false,,,教育部全国普通高等学校名单记录：主管部门=云南省；办学层次=本科。官网与研究生院链接待逐校官方核验后补充。,2586,active
玉溪师范学院,玉溪师范学院,4153011390,云南省,玉溪市,未分类,本科,false,,,教育部全国普通高等学校名单记录：主管部门=云南省；办学层次=本科。官网与研究生院链接待逐校官方核验后补充。,2587,active
楚雄师范学院,楚雄师范学院,4153011391,云南省,楚雄彝族自治州,未分类,本科,false,,,教育部全国普通高等学校名单记录：主管部门=云南省；办学层次=本科。官网与研究生院链接待逐校官方核验后补充。,2588,active
云南警官学院,云南警官学院,4153011392,云南省,昆明市,未分类,本科,false,,,教育部全国普通高等学校名单记录：主管部门=云南省；办学层次=本科。官网与研究生院链接待逐校官方核验后补充。,2589,active
昆明学院,昆明学院,4153011393,云南省,昆明市,未分类,本科,false,,,教育部全国普通高等学校名单记录：主管部门=云南省；办学层次=本科。官网与研究生院链接待逐校官方核验后补充。,2590,active
文山学院,文山学院,4153011556,云南省,文山壮族苗族自治州,未分类,本科,false,,,教育部全国普通高等学校名单记录：主管部门=云南省；办学层次=本科。官网与研究生院链接待逐校官方核验后补充。,2591,active
云南经济管理学院,云南经济管理学院,4153012560,云南省,昆明市,未分类,本科,false,,,教育部全国普通高等学校名单记录：主管部门=云南省教育厅；办学层次=本科；备注=民办。官网与研究生院链接待逐校官方核验后补充。,2592,active
滇池学院,滇池学院,4153013326,云南省,昆明市,未分类,本科,false,,,教育部全国普通高等学校名单记录：主管部门=云南省教育厅；办学层次=本科；备注=民办。官网与研究生院链接待逐校官方核验后补充。,2593,active
丽江文化旅游学院,丽江文化旅游学院,4153013328,云南省,丽江市,未分类,本科,false,,,教育部全国普通高等学校名单记录：主管部门=云南省教育厅；办学层次=本科；备注=民办。官网与研究生院链接待逐校官方核验后补充。,2594,active
昆明理工大学津桥学院,昆明理工大学津桥学院,4153013329,云南省,昆明市,未分类,本科,false,,,教育部全国普通高等学校名单记录：主管部门=云南省教育厅；办学层次=本科；备注=民办。官网与研究生院链接待逐校官方核验后补充。,2595,active
昆明城市学院,昆明城市学院,4153013330,云南省,昆明市,未分类,本科,false,,,教育部全国普通高等学校名单记录：主管部门=云南省教育厅；办学层次=本科；备注=民办。官网与研究生院链接待逐校官方核验后补充。,2596,active
昆明文理学院,昆明文理学院,4153013331,云南省,昆明市,未分类,本科,false,,,教育部全国普通高等学校名单记录：主管部门=云南省教育厅；办学层次=本科；备注=民办。官网与研究生院链接待逐校官方核验后补充。,2597,active
昆明医科大学海源学院,昆明医科大学海源学院,4153013332,云南省,昆明市,未分类,本科,false,,,教育部全国普通高等学校名单记录：主管部门=云南省教育厅；办学层次=本科；备注=民办。官网与研究生院链接待逐校官方核验后补充。,2598,active
昆明传媒学院,昆明传媒学院,4153013333,云南省,昆明市,未分类,本科,false,,,教育部全国普通高等学校名单记录：主管部门=云南省教育厅；办学层次=本科；备注=民办。官网与研究生院链接待逐校官方核验后补充。,2599,active
云南工商学院,云南工商学院,4153013909,云南省,昆明市,未分类,本科,false,,,教育部全国普通高等学校名单记录：主管部门=云南省教育厅；办学层次=本科；备注=民办。官网与研究生院链接待逐校官方核验后补充。,2600,active
滇西科技师范学院,滇西科技师范学院,4153014092,云南省,临沧市,未分类,本科,false,,,教育部全国普通高等学校名单记录：主管部门=云南省；办学层次=本科。官网与研究生院链接待逐校官方核验后补充。,2601,active
滇西应用技术大学,滇西应用技术大学,4153014623,云南省,大理白族自治州,未分类,本科,false,,,教育部全国普通高等学校名单记录：主管部门=云南省；办学层次=本科。官网与研究生院链接待逐校官方核验后补充。,2602,active
丽江师范学院,丽江师范学院,4153014015,云南省,丽江市,未分类,本科,false,,,教育部全国普通高等学校名单记录：主管部门=云南省；办学层次=本科。官网与研究生院链接待逐校官方核验后补充。,2603,active
德宏师范学院,德宏师范学院,4153014016,云南省,德宏傣族景颇族自治州,未分类,本科,false,,,教育部全国普通高等学校名单记录：主管部门=云南省；办学层次=本科。官网与研究生院链接待逐校官方核验后补充。,2604,active
曲靖健康医学院,曲靖健康医学院,4153014012,云南省,曲靖市,未分类,本科,false,,,教育部全国普通高等学校名单记录：主管部门=云南省；办学层次=本科。官网与研究生院链接待逐校官方核验后补充。,2605,active
昆明冶金高等专科学校,昆明冶金高等专科学校,4153011557,云南省,昆明市,未分类,专科,false,,,教育部全国普通高等学校名单记录：主管部门=云南省；办学层次=专科。官网与研究生院链接待逐校官方核验后补充。,2606,active
云南国土资源职业学院,云南国土资源职业学院,4153012349,云南省,昆明市,未分类,专科,false,,,教育部全国普通高等学校名单记录：主管部门=云南省；办学层次=专科。官网与研究生院链接待逐校官方核验后补充。,2607,active
云南交通职业技术学院,云南交通职业技术学院,4153012357,云南省,昆明市,未分类,专科,false,,,教育部全国普通高等学校名单记录：主管部门=云南省；办学层次=专科。官网与研究生院链接待逐校官方核验后补充。,2608,active
昆明工业职业技术学院,昆明工业职业技术学院,4153012393,云南省,昆明市,未分类,专科,false,,,教育部全国普通高等学校名单记录：主管部门=云南省；办学层次=专科。官网与研究生院链接待逐校官方核验后补充。,2609,active
云南农业职业技术学院,云南农业职业技术学院,4153012555,云南省,昆明市,未分类,专科,false,,,教育部全国普通高等学校名单记录：主管部门=云南省；办学层次=专科。官网与研究生院链接待逐校官方核验后补充。,2610,active
云南司法警官职业学院,云南司法警官职业学院,4153012556,云南省,昆明市,未分类,专科,false,,,教育部全国普通高等学校名单记录：主管部门=云南省；办学层次=专科。官网与研究生院链接待逐校官方核验后补充。,2611,active
云南文化艺术职业学院,云南文化艺术职业学院,4153012558,云南省,昆明市,未分类,专科,false,,,教育部全国普通高等学校名单记录：主管部门=云南省；办学层次=专科。官网与研究生院链接待逐校官方核验后补充。,2612,active
云南体育运动职业技术学院,云南体育运动职业技术学院,4153012559,云南省,昆明市,未分类,专科,false,,,教育部全国普通高等学校名单记录：主管部门=云南省；办学层次=专科。官网与研究生院链接待逐校官方核验后补充。,2613,active
云南科技信息职业学院,云南科技信息职业学院,4153012825,云南省,昆明市,未分类,专科,false,,,教育部全国普通高等学校名单记录：主管部门=云南省教育厅；办学层次=专科；备注=民办。官网与研究生院链接待逐校官方核验后补充。,2614,active
西双版纳职业技术学院,西双版纳职业技术学院,4153012826,云南省,西双版纳傣族自治州,未分类,专科,false,,,教育部全国普通高等学校名单记录：主管部门=云南省；办学层次=专科。官网与研究生院链接待逐校官方核验后补充。,2615,active
昆明艺术职业学院,昆明艺术职业学院,4153012851,云南省,昆明市,未分类,专科,false,,,教育部全国普通高等学校名单记录：主管部门=云南省教育厅；办学层次=专科；备注=民办。官网与研究生院链接待逐校官方核验后补充。,2616,active
玉溪农业职业技术学院,玉溪农业职业技术学院,4153012971,云南省,玉溪市,未分类,专科,false,,,教育部全国普通高等学校名单记录：主管部门=云南省；办学层次=专科。官网与研究生院链接待逐校官方核验后补充。,2617,active
云南能源职业技术学院,云南能源职业技术学院,4153013136,云南省,曲靖市,未分类,专科,false,,,教育部全国普通高等学校名单记录：主管部门=云南省；办学层次=专科。官网与研究生院链接待逐校官方核验后补充。,2618,active
云南国防工业职业技术学院,云南国防工业职业技术学院,4153013756,云南省,昆明市,未分类,专科,false,,,教育部全国普通高等学校名单记录：主管部门=云南省；办学层次=专科。官网与研究生院链接待逐校官方核验后补充。,2619,active
云南机电职业技术学院,云南机电职业技术学院,4153013757,云南省,昆明市,未分类,专科,false,,,教育部全国普通高等学校名单记录：主管部门=云南省；办学层次=专科。官网与研究生院链接待逐校官方核验后补充。,2620,active
云南林业职业技术学院,云南林业职业技术学院,4153013758,云南省,昆明市,未分类,专科,false,,,教育部全国普通高等学校名单记录：主管部门=云南省；办学层次=专科。官网与研究生院链接待逐校官方核验后补充。,2621,active
云南城市建设职业学院,云南城市建设职业学院,4153013759,云南省,昆明市,未分类,专科,false,,,教育部全国普通高等学校名单记录：主管部门=云南省教育厅；办学层次=专科；备注=民办。官网与研究生院链接待逐校官方核验后补充。,2622,active
云南工程职业学院,云南工程职业学院,4153013761,云南省,昆明市,未分类,专科,false,,,教育部全国普通高等学校名单记录：主管部门=云南省教育厅；办学层次=专科；备注=民办。官网与研究生院链接待逐校官方核验后补充。,2623,active
楚雄医药高等专科学校,楚雄医药高等专科学校,4153014013,云南省,楚雄彝族自治州,未分类,专科,false,,,教育部全国普通高等学校名单记录：主管部门=云南省；办学层次=专科。官网与研究生院链接待逐校官方核验后补充。,2624,active
保山中医药高等专科学校,保山中医药高等专科学校,4153014014,云南省,保山市,未分类,专科,false,,,教育部全国普通高等学校名单记录：主管部门=云南省；办学层次=专科。官网与研究生院链接待逐校官方核验后补充。,2625,active
云南新兴职业学院,云南新兴职业学院,4153014032,云南省,昆明市,未分类,专科,false,,,教育部全国普通高等学校名单记录：主管部门=云南省教育厅；办学层次=专科；备注=民办。官网与研究生院链接待逐校官方核验后补充。,2626,active
云南锡业职业技术学院,云南锡业职业技术学院,4153014130,云南省,红河哈尼族彝族自治州,未分类,专科,false,,,教育部全国普通高等学校名单记录：主管部门=云南省；办学层次=专科。官网与研究生院链接待逐校官方核验后补充。,2627,active
云南经贸外事职业学院,云南经贸外事职业学院,4153014212,云南省,昆明市,未分类,专科,false,,,教育部全国普通高等学校名单记录：主管部门=云南省教育厅；办学层次=专科；备注=民办。官网与研究生院链接待逐校官方核验后补充。,2628,active
云南三鑫职业技术学院,云南三鑫职业技术学院,4153014239,云南省,文山壮族苗族自治州,未分类,专科,false,,,教育部全国普通高等学校名单记录：主管部门=云南省教育厅；办学层次=专科；备注=民办。官网与研究生院链接待逐校官方核验后补充。,2629,active
德宏职业学院,德宏职业学院,4153014253,云南省,德宏傣族景颇族自治州,未分类,专科,false,,,教育部全国普通高等学校名单记录：主管部门=云南省；办学层次=专科。官网与研究生院链接待逐校官方核验后补充。,2630,active
云南商务职业学院,云南商务职业学院,4153014317,云南省,昆明市,未分类,专科,false,,,教育部全国普通高等学校名单记录：主管部门=云南省教育厅；办学层次=专科；备注=民办。官网与研究生院链接待逐校官方核验后补充。,2631,active
昆明卫生职业学院,昆明卫生职业学院,4153014372,云南省,昆明市,未分类,专科,false,,,教育部全国普通高等学校名单记录：主管部门=云南省教育厅；办学层次=专科；备注=民办。官网与研究生院链接待逐校官方核验后补充。,2632,active
云南现代职业技术学院,云南现代职业技术学院,4153014373,云南省,楚雄彝族自治州,未分类,专科,false,,,教育部全国普通高等学校名单记录：主管部门=云南省；办学层次=专科。官网与研究生院链接待逐校官方核验后补充。,2633,active
云南旅游职业学院,云南旅游职业学院,4153014381,云南省,昆明市,未分类,专科,false,,,教育部全国普通高等学校名单记录：主管部门=云南省；办学层次=专科。官网与研究生院链接待逐校官方核验后补充。,2634,active
红河卫生职业学院,红河卫生职业学院,4153014413,云南省,红河哈尼族彝族自治州,未分类,专科,false,,,教育部全国普通高等学校名单记录：主管部门=云南省；办学层次=专科。官网与研究生院链接待逐校官方核验后补充。,2635,active
云南外事外语职业学院,云南外事外语职业学院,4153014415,云南省,昆明市,未分类,专科,false,,,教育部全国普通高等学校名单记录：主管部门=云南省教育厅；办学层次=专科；备注=民办。官网与研究生院链接待逐校官方核验后补充。,2636,active
大理农林职业技术学院,大理农林职业技术学院,4153014487,云南省,大理白族自治州,未分类,专科,false,,,教育部全国普通高等学校名单记录：主管部门=云南省；办学层次=专科。官网与研究生院链接待逐校官方核验后补充。,2637,active
公安消防部队高等专科学校,公安消防部队高等专科学校,4153014534,云南省,昆明市,未分类,专科,false,,,教育部全国普通高等学校名单记录：主管部门=应急管理部；办学层次=专科。官网与研究生院链接待逐校官方核验后补充。,2638,active
云南财经职业学院,云南财经职业学院,4153014550,云南省,昆明市,未分类,专科,false,,,教育部全国普通高等学校名单记录：主管部门=云南省；办学层次=专科。官网与研究生院链接待逐校官方核验后补充。,2639,active
昆明铁道职业技术学院,昆明铁道职业技术学院,4153014581,云南省,昆明市,未分类,专科,false,,,教育部全国普通高等学校名单记录：主管部门=云南省；办学层次=专科。官网与研究生院链接待逐校官方核验后补充。,2640,active
昭通卫生职业学院,昭通卫生职业学院,4153014582,云南省,昭通市,未分类,专科,false,,,教育部全国普通高等学校名单记录：主管部门=云南省；办学层次=专科。官网与研究生院链接待逐校官方核验后补充。,2641,active
大理护理职业学院,大理护理职业学院,4153014583,云南省,大理白族自治州,未分类,专科,false,,,教育部全国普通高等学校名单记录：主管部门=云南省；办学层次=专科。官网与研究生院链接待逐校官方核验后补充。,2642,active
云南水利水电职业学院,云南水利水电职业学院,4153014584,云南省,昆明市,未分类,专科,false,,,教育部全国普通高等学校名单记录：主管部门=云南省；办学层次=专科。官网与研究生院链接待逐校官方核验后补充。,2643,active
云南轻纺职业学院,云南轻纺职业学院,4153014618,云南省,昆明市,未分类,专科,false,,,教育部全国普通高等学校名单记录：主管部门=云南省；办学层次=专科。官网与研究生院链接待逐校官方核验后补充。,2644,active
云南特殊教育职业学院,云南特殊教育职业学院,4153014619,云南省,昆明市,未分类,专科,false,,,教育部全国普通高等学校名单记录：主管部门=云南省；办学层次=专科。官网与研究生院链接待逐校官方核验后补充。,2645,active
云南工贸职业技术学院,云南工贸职业技术学院,4153014620,云南省,昆明市,未分类,专科,false,,,教育部全国普通高等学校名单记录：主管部门=云南省；办学层次=专科。官网与研究生院链接待逐校官方核验后补充。,2646,active
云南交通运输职业学院,云南交通运输职业学院,4153014621,云南省,昆明市,未分类,专科,false,,,教育部全国普通高等学校名单记录：主管部门=云南省；办学层次=专科。官网与研究生院链接待逐校官方核验后补充。,2647,active
昆明幼儿师范高等专科学校,昆明幼儿师范高等专科学校,4153014631,云南省,昆明市,未分类,专科,false,,,教育部全国普通高等学校名单记录：主管部门=云南省；办学层次=专科。官网与研究生院链接待逐校官方核验后补充。,2648,active
云南医药健康职业学院,云南医药健康职业学院,4153014649,云南省,昆明市,未分类,专科,false,,,教育部全国普通高等学校名单记录：主管部门=云南省教育厅；办学层次=专科；备注=民办。官网与研究生院链接待逐校官方核验后补充。,2649,active
云南理工职业学院,云南理工职业学院,4153014675,云南省,昆明市,未分类,专科,false,,,教育部全国普通高等学校名单记录：主管部门=云南省教育厅；办学层次=专科；备注=民办。官网与研究生院链接待逐校官方核验后补充。,2650,active
曲靖职业技术学院,曲靖职业技术学院,4153014676,云南省,曲靖市,未分类,专科,false,,,教育部全国普通高等学校名单记录：主管部门=云南省；办学层次=专科。官网与研究生院链接待逐校官方核验后补充。,2651,active
红河职业技术学院,红河职业技术学院,4153014736,云南省,红河哈尼族彝族自治州,未分类,专科,false,,,教育部全国普通高等学校名单记录：主管部门=云南省；办学层次=专科。官网与研究生院链接待逐校官方核验后补充。,2652,active
玉溪职业技术学院,玉溪职业技术学院,4153014782,云南省,玉溪市,未分类,专科,false,,,教育部全国普通高等学校名单记录：主管部门=云南省；办学层次=专科。官网与研究生院链接待逐校官方核验后补充。,2653,active
保山职业学院,保山职业学院,4153014783,云南省,保山市,未分类,专科,false,,,教育部全国普通高等学校名单记录：主管部门=云南省；办学层次=专科。官网与研究生院链接待逐校官方核验后补充。,2654,active
昭通职业学院,昭通职业学院,4153014784,云南省,昭通市,未分类,专科,false,,,教育部全国普通高等学校名单记录：主管部门=云南省；办学层次=专科。官网与研究生院链接待逐校官方核验后补充。,2655,active
文山职业技术学院,文山职业技术学院,4153014801,云南省,文山壮族苗族自治州,未分类,专科,false,,,教育部全国普通高等学校名单记录：主管部门=云南省；办学层次=专科。官网与研究生院链接待逐校官方核验后补充。,2656,active
丽江职业技术学院,丽江职业技术学院,4153014802,云南省,丽江市,未分类,专科,false,,,教育部全国普通高等学校名单记录：主管部门=云南省；办学层次=专科。官网与研究生院链接待逐校官方核验后补充。,2657,active
香格里拉职业学院,香格里拉职业学院,4153014803,云南省,迪庆藏族自治州,未分类,专科,false,,,教育部全国普通高等学校名单记录：主管部门=云南省；办学层次=专科。官网与研究生院链接待逐校官方核验后补充。,2658,active
怒江职业技术学院,怒江职业技术学院,4153014873,云南省,怒江傈僳族自治州,未分类,专科,false,,,教育部全国普通高等学校名单记录：主管部门=云南省；办学层次=专科。官网与研究生院链接待逐校官方核验后补充。,2659,active
临沧职业学院,临沧职业学院,4153014874,云南省,临沧市,未分类,专科,false,,,教育部全国普通高等学校名单记录：主管部门=云南省；办学层次=专科。官网与研究生院链接待逐校官方核验后补充。,2660,active
云南工业信息职业学院,云南工业信息职业学院,4153014875,云南省,曲靖市,未分类,专科,false,,,教育部全国普通高等学校名单记录：主管部门=云南省；办学层次=专科。官网与研究生院链接待逐校官方核验后补充。,2661,active
昆明航空职业学院,昆明航空职业学院,4153014939,云南省,昆明市,未分类,专科,false,,,教育部全国普通高等学校名单记录：主管部门=云南省教育厅；办学层次=专科；备注=民办。官网与研究生院链接待逐校官方核验后补充。,2662,active
西藏农牧大学,西藏农牧大学,4154010693,西藏自治区,林芝市,未分类,本科,false,,,教育部全国普通高等学校名单记录：主管部门=西藏自治区；办学层次=本科。官网与研究生院链接待逐校官方核验后补充。,2663,active
西藏大学,西藏大学,4154010694,西藏自治区,拉萨市,未分类,本科,false,,,教育部全国普通高等学校名单记录：主管部门=西藏自治区；办学层次=本科。官网与研究生院链接待逐校官方核验后补充。,2664,active
西藏民族大学,西藏民族大学,4154010695,西藏自治区,咸阳市,未分类,本科,false,,,教育部全国普通高等学校名单记录：主管部门=西藏自治区；办学层次=本科。官网与研究生院链接待逐校官方核验后补充。,2665,active
西藏藏医药大学,西藏藏医药大学,4154010696,西藏自治区,拉萨市,未分类,本科,false,,,教育部全国普通高等学校名单记录：主管部门=西藏自治区；办学层次=本科。官网与研究生院链接待逐校官方核验后补充。,2666,active
西藏警官高等专科学校,西藏警官高等专科学校,4154010692,西藏自治区,拉萨市,未分类,专科,false,,,教育部全国普通高等学校名单记录：主管部门=西藏自治区；办学层次=专科。官网与研究生院链接待逐校官方核验后补充。,2667,active
拉萨师范学院,拉萨师范学院,4154012481,西藏自治区,拉萨市,未分类,本科,false,,,教育部全国普通高等学校名单记录：主管部门=西藏自治区；办学层次=本科。官网与研究生院链接待逐校官方核验后补充。,2668,active
西藏职业技术学院,西藏职业技术学院,4154014085,西藏自治区,拉萨市,未分类,专科,false,,,教育部全国普通高等学校名单记录：主管部门=西藏自治区；办学层次=专科。官网与研究生院链接待逐校官方核验后补充。,2669,active
日喀则职业技术学院,日喀则职业技术学院,4154014940,西藏自治区,日喀则市,未分类,专科,false,,,教育部全国普通高等学校名单记录：主管部门=西藏自治区；办学层次=专科。官网与研究生院链接待逐校官方核验后补充。,2670,active
西北大学,西北大学,4161010697,陕西省,西安市,未分类,本科,false,,,教育部全国普通高等学校名单记录：主管部门=陕西省；办学层次=本科。官网与研究生院链接待逐校官方核验后补充。,2671,active
西安交通大学,西安交通大学,4161010698,陕西省,西安市,未分类,本科,false,,,教育部全国普通高等学校名单记录：主管部门=教育部；办学层次=本科。官网与研究生院链接待逐校官方核验后补充。,2672,active
西北工业大学,西北工业大学,4161010699,陕西省,西安市,未分类,本科,false,,,教育部全国普通高等学校名单记录：主管部门=工业和信息化部；办学层次=本科。官网与研究生院链接待逐校官方核验后补充。,2673,active
西安理工大学,西安理工大学,4161010700,陕西省,西安市,未分类,本科,false,,,教育部全国普通高等学校名单记录：主管部门=陕西省；办学层次=本科。官网与研究生院链接待逐校官方核验后补充。,2674,active
西安电子科技大学,西安电子科技大学,4161010701,陕西省,西安市,未分类,本科,false,,,教育部全国普通高等学校名单记录：主管部门=教育部；办学层次=本科。官网与研究生院链接待逐校官方核验后补充。,2675,active
西安工业大学,西安工业大学,4161010702,陕西省,西安市,未分类,本科,false,,,教育部全国普通高等学校名单记录：主管部门=陕西省；办学层次=本科。官网与研究生院链接待逐校官方核验后补充。,2676,active
西安建筑科技大学,西安建筑科技大学,4161010703,陕西省,西安市,未分类,本科,false,,,教育部全国普通高等学校名单记录：主管部门=陕西省；办学层次=本科。官网与研究生院链接待逐校官方核验后补充。,2677,active
西安科技大学,西安科技大学,4161010704,陕西省,西安市,未分类,本科,false,,,教育部全国普通高等学校名单记录：主管部门=陕西省；办学层次=本科。官网与研究生院链接待逐校官方核验后补充。,2678,active
西安石油大学,西安石油大学,4161010705,陕西省,西安市,未分类,本科,false,,,教育部全国普通高等学校名单记录：主管部门=陕西省；办学层次=本科。官网与研究生院链接待逐校官方核验后补充。,2679,active
陕西科技大学,陕西科技大学,4161010708,陕西省,西安市,未分类,本科,false,,,教育部全国普通高等学校名单记录：主管部门=陕西省；办学层次=本科。官网与研究生院链接待逐校官方核验后补充。,2680,active
西安工程大学,西安工程大学,4161010709,陕西省,西安市,未分类,本科,false,,,教育部全国普通高等学校名单记录：主管部门=陕西省；办学层次=本科。官网与研究生院链接待逐校官方核验后补充。,2681,active
长安大学,长安大学,4161010710,陕西省,西安市,未分类,本科,false,,,教育部全国普通高等学校名单记录：主管部门=教育部；办学层次=本科。官网与研究生院链接待逐校官方核验后补充。,2682,active
西北农林科技大学,西北农林科技大学,4161010712,陕西省,咸阳市,未分类,本科,false,,,教育部全国普通高等学校名单记录：主管部门=教育部；办学层次=本科。官网与研究生院链接待逐校官方核验后补充。,2683,active
陕西中医药大学,陕西中医药大学,4161010716,陕西省,咸阳市,未分类,本科,false,,,教育部全国普通高等学校名单记录：主管部门=陕西省；办学层次=本科。官网与研究生院链接待逐校官方核验后补充。,2684,active
陕西师范大学,陕西师范大学,4161010718,陕西省,西安市,未分类,本科,false,,,教育部全国普通高等学校名单记录：主管部门=教育部；办学层次=本科。官网与研究生院链接待逐校官方核验后补充。,2685,active
延安大学,延安大学,4161010719,陕西省,延安市,未分类,本科,false,,,教育部全国普通高等学校名单记录：主管部门=陕西省；办学层次=本科。官网与研究生院链接待逐校官方核验后补充。,2686,active
陕西理工大学,陕西理工大学,4161010720,陕西省,汉中市,未分类,本科,false,,,教育部全国普通高等学校名单记录：主管部门=陕西省；办学层次=本科。官网与研究生院链接待逐校官方核验后补充。,2687,active
宝鸡文理学院,宝鸡文理学院,4161010721,陕西省,宝鸡市,未分类,本科,false,,,教育部全国普通高等学校名单记录：主管部门=陕西省；办学层次=本科。官网与研究生院链接待逐校官方核验后补充。,2688,active
咸阳师范学院,咸阳师范学院,4161010722,陕西省,咸阳市,未分类,本科,false,,,教育部全国普通高等学校名单记录：主管部门=陕西省；办学层次=本科。官网与研究生院链接待逐校官方核验后补充。,2689,active
渭南师范学院,渭南师范学院,4161010723,陕西省,渭南市,未分类,本科,false,,,教育部全国普通高等学校名单记录：主管部门=陕西省；办学层次=本科。官网与研究生院链接待逐校官方核验后补充。,2690,active
西安外国语大学,西安外国语大学,4161010724,陕西省,西安市,未分类,本科,false,,,教育部全国普通高等学校名单记录：主管部门=陕西省；办学层次=本科。官网与研究生院链接待逐校官方核验后补充。,2691,active
西北政法大学,西北政法大学,4161010726,陕西省,西安市,未分类,本科,false,,,教育部全国普通高等学校名单记录：主管部门=陕西省；办学层次=本科。官网与研究生院链接待逐校官方核验后补充。,2692,active
西安体育学院,西安体育学院,4161010727,陕西省,西安市,未分类,本科,false,,,教育部全国普通高等学校名单记录：主管部门=陕西省；办学层次=本科。官网与研究生院链接待逐校官方核验后补充。,2693,active
西安音乐学院,西安音乐学院,4161010728,陕西省,西安市,未分类,本科,false,,,教育部全国普通高等学校名单记录：主管部门=陕西省；办学层次=本科。官网与研究生院链接待逐校官方核验后补充。,2694,active
西安美术学院,西安美术学院,4161010729,陕西省,西安市,未分类,本科,false,,,教育部全国普通高等学校名单记录：主管部门=陕西省；办学层次=本科。官网与研究生院链接待逐校官方核验后补充。,2695,active
西安文理学院,西安文理学院,4161011080,陕西省,西安市,未分类,本科,false,,,教育部全国普通高等学校名单记录：主管部门=陕西省；办学层次=本科。官网与研究生院链接待逐校官方核验后补充。,2696,active
榆林学院,榆林学院,4161011395,陕西省,榆林市,未分类,本科,false,,,教育部全国普通高等学校名单记录：主管部门=陕西省；办学层次=本科。官网与研究生院链接待逐校官方核验后补充。,2697,active
商洛学院,商洛学院,4161011396,陕西省,商洛市,未分类,本科,false,,,教育部全国普通高等学校名单记录：主管部门=陕西省；办学层次=本科。官网与研究生院链接待逐校官方核验后补充。,2698,active
安康学院,安康学院,4161011397,陕西省,安康市,未分类,本科,false,,,教育部全国普通高等学校名单记录：主管部门=陕西省；办学层次=本科。官网与研究生院链接待逐校官方核验后补充。,2699,active
西安培华学院,西安培华学院,4161011400,陕西省,西安市,未分类,本科,false,,,教育部全国普通高等学校名单记录：主管部门=陕西省教育厅；办学层次=本科；备注=民办。官网与研究生院链接待逐校官方核验后补充。,2700,active
西安财经大学,西安财经大学,4161011560,陕西省,西安市,未分类,本科,false,,,教育部全国普通高等学校名单记录：主管部门=陕西省；办学层次=本科。官网与研究生院链接待逐校官方核验后补充。,2701,active
西安邮电大学,西安邮电大学,4161011664,陕西省,西安市,未分类,本科,false,,,教育部全国普通高等学校名单记录：主管部门=陕西省；办学层次=本科。官网与研究生院链接待逐校官方核验后补充。,2702,active
西安航空学院,西安航空学院,4161011736,陕西省,西安市,未分类,本科,false,,,教育部全国普通高等学校名单记录：主管部门=陕西省；办学层次=本科。官网与研究生院链接待逐校官方核验后补充。,2703,active
西安医学院,西安医学院,4161011840,陕西省,西安市,未分类,本科,false,,,教育部全国普通高等学校名单记录：主管部门=陕西省；办学层次=本科。官网与研究生院链接待逐校官方核验后补充。,2704,active
西安欧亚学院,西安欧亚学院,4161012712,陕西省,西安市,未分类,本科,false,,,教育部全国普通高等学校名单记录：主管部门=陕西省教育厅；办学层次=本科；备注=民办。官网与研究生院链接待逐校官方核验后补充。,2705,active
西安外事学院,西安外事学院,4161012713,陕西省,西安市,未分类,本科,false,,,教育部全国普通高等学校名单记录：主管部门=陕西省教育厅；办学层次=本科；备注=民办。官网与研究生院链接待逐校官方核验后补充。,2706,active
西安翻译学院,西安翻译学院,4161012714,陕西省,西安市,未分类,本科,false,,,教育部全国普通高等学校名单记录：主管部门=陕西省教育厅；办学层次=本科；备注=民办。官网与研究生院链接待逐校官方核验后补充。,2707,active
西京学院,西京学院,4161012715,陕西省,西安市,未分类,本科,false,,,教育部全国普通高等学校名单记录：主管部门=陕西省教育厅；办学层次=本科；备注=民办。官网与研究生院链接待逐校官方核验后补充。,2708,active
西安思源学院,西安思源学院,4161013121,陕西省,西安市,未分类,本科,false,,,教育部全国普通高等学校名单记录：主管部门=陕西省教育厅；办学层次=本科；备注=民办。官网与研究生院链接待逐校官方核验后补充。,2709,active
陕西国际商贸学院,陕西国际商贸学院,4161013123,陕西省,咸阳市,未分类,本科,false,,,教育部全国普通高等学校名单记录：主管部门=陕西省教育厅；办学层次=本科；备注=民办。官网与研究生院链接待逐校官方核验后补充。,2710,active
陕西服装工程学院,陕西服装工程学院,4161013125,陕西省,咸阳市,未分类,本科,false,,,教育部全国普通高等学校名单记录：主管部门=陕西省教育厅；办学层次=本科；备注=民办。官网与研究生院链接待逐校官方核验后补充。,2711,active
西安交通工程学院,西安交通工程学院,4161013569,陕西省,西安市,未分类,本科,false,,,教育部全国普通高等学校名单记录：主管部门=陕西省教育厅；办学层次=本科；备注=民办。官网与研究生院链接待逐校官方核验后补充。,2712,active
西安交通大学城市学院,西安交通大学城市学院,4161013677,陕西省,西安市,未分类,本科,false,,,教育部全国普通高等学校名单记录：主管部门=陕西省教育厅；办学层次=本科；备注=民办。官网与研究生院链接待逐校官方核验后补充。,2713,active
西北大学现代学院,西北大学现代学院,4161013678,陕西省,西安市,未分类,本科,false,,,教育部全国普通高等学校名单记录：主管部门=陕西省教育厅；办学层次=本科；备注=民办。官网与研究生院链接待逐校官方核验后补充。,2714,active
西安建筑科技大学华清学院,西安建筑科技大学华清学院,4161013679,陕西省,西安市,未分类,本科,false,,,教育部全国普通高等学校名单记录：主管部门=陕西省教育厅；办学层次=本科；备注=民办。官网与研究生院链接待逐校官方核验后补充。,2715,active
西安财经大学行知学院,西安财经大学行知学院,4161013680,陕西省,西安市,未分类,本科,false,,,教育部全国普通高等学校名单记录：主管部门=陕西省教育厅；办学层次=本科；备注=民办。官网与研究生院链接待逐校官方核验后补充。,2716,active
陕西科技大学镐京学院,陕西科技大学镐京学院,4161013681,陕西省,咸阳市,未分类,本科,false,,,教育部全国普通高等学校名单记录：主管部门=陕西省教育厅；办学层次=本科；备注=民办。官网与研究生院链接待逐校官方核验后补充。,2717,active
西安工商学院,西安工商学院,4161013682,陕西省,西安市,未分类,本科,false,,,教育部全国普通高等学校名单记录：主管部门=陕西省教育厅；办学层次=本科；备注=民办。官网与研究生院链接待逐校官方核验后补充。,2718,active
延安大学西安创新学院,延安大学西安创新学院,4161013683,陕西省,西安市,未分类,本科,false,,,教育部全国普通高等学校名单记录：主管部门=陕西省教育厅；办学层次=本科；备注=民办。官网与研究生院链接待逐校官方核验后补充。,2719,active
西安电子科技大学长安学院,西安电子科技大学长安学院,4161013685,陕西省,西安市,未分类,本科,false,,,教育部全国普通高等学校名单记录：主管部门=陕西省教育厅；办学层次=本科；备注=民办。官网与研究生院链接待逐校官方核验后补充。,2720,active
西安汽车职业大学,西安汽车职业大学,4161013738,陕西省,西安市,未分类,本科,false,,,教育部全国普通高等学校名单记录：主管部门=陕西省教育厅；办学层次=本科；备注=民办。官网与研究生院链接待逐校官方核验后补充。,2721,active
西安明德理工学院,西安明德理工学院,4161013894,陕西省,西安市,未分类,本科,false,,,教育部全国普通高等学校名单记录：主管部门=陕西省教育厅；办学层次=本科；备注=民办。官网与研究生院链接待逐校官方核验后补充。,2722,active
西安信息职业大学,西安信息职业大学,4161014030,陕西省,西安市,未分类,本科,false,,,教育部全国普通高等学校名单记录：主管部门=陕西省教育厅；办学层次=本科；备注=民办。官网与研究生院链接待逐校官方核验后补充。,2723,active
长安大学兴华学院,长安大学兴华学院,4161014034,陕西省,西安市,未分类,本科,false,,,教育部全国普通高等学校名单记录：主管部门=陕西省教育厅；办学层次=本科；备注=民办。官网与研究生院链接待逐校官方核验后补充。,2724,active
西安理工大学高科学院,西安理工大学高科学院,4161014041,陕西省,西安市,未分类,本科,false,,,教育部全国普通高等学校名单记录：主管部门=陕西省教育厅；办学层次=本科；备注=民办。官网与研究生院链接待逐校官方核验后补充。,2725,active
西安科技大学高新学院,西安科技大学高新学院,4161014042,陕西省,西安市,未分类,本科,false,,,教育部全国普通高等学校名单记录：主管部门=陕西省教育厅；办学层次=本科；备注=民办。官网与研究生院链接待逐校官方核验后补充。,2726,active
陕西学前师范学院,陕西学前师范学院,4161014390,陕西省,西安市,未分类,本科,false,,,教育部全国普通高等学校名单记录：主管部门=陕西省；办学层次=本科。官网与研究生院链接待逐校官方核验后补充。,2727,active
陕西警察学院,陕西警察学院,4161013819,陕西省,西安市,未分类,本科,false,,,教育部全国普通高等学校名单记录：主管部门=陕西省；办学层次=本科。官网与研究生院链接待逐校官方核验后补充。,2728,active
陕西农林职业技术大学,陕西农林职业技术大学,4161010966,陕西省,咸阳市,未分类,本科,false,,,教育部全国普通高等学校名单记录：主管部门=陕西省；办学层次=本科。官网与研究生院链接待逐校官方核验后补充。,2729,active
陕西工业职业技术大学,陕西工业职业技术大学,4161010828,陕西省,咸阳市,未分类,本科,false,,,教育部全国普通高等学校名单记录：主管部门=陕西省；办学层次=本科。官网与研究生院链接待逐校官方核验后补充。,2730,active
西安戏剧学院,西安戏剧学院,4161014945,陕西省,西安市,未分类,本科,false,,,教育部全国普通高等学校名单记录：主管部门=陕西省；办学层次=本科。官网与研究生院链接待逐校官方核验后补充。,2731,active
西安电力高等专科学校,西安电力高等专科学校,4161011826,陕西省,西安市,未分类,专科,false,,,教育部全国普通高等学校名单记录：主管部门=陕西省；办学层次=专科。官网与研究生院链接待逐校官方核验后补充。,2732,active
陕西能源职业技术学院,陕西能源职业技术学院,4161012510,陕西省,咸阳市,未分类,专科,false,,,教育部全国普通高等学校名单记录：主管部门=陕西省；办学层次=专科。官网与研究生院链接待逐校官方核验后补充。,2733,active
陕西国防工业职业技术学院,陕西国防工业职业技术学院,4161012827,陕西省,西安市,未分类,专科,false,,,教育部全国普通高等学校名单记录：主管部门=陕西省；办学层次=专科。官网与研究生院链接待逐校官方核验后补充。,2734,active
西安航空职业技术学院,西安航空职业技术学院,4161012828,陕西省,西安市,未分类,专科,false,,,教育部全国普通高等学校名单记录：主管部门=陕西省；办学层次=专科。官网与研究生院链接待逐校官方核验后补充。,2735,active
陕西财经职业技术学院,陕西财经职业技术学院,4161012829,陕西省,咸阳市,未分类,专科,false,,,教育部全国普通高等学校名单记录：主管部门=陕西省；办学层次=专科。官网与研究生院链接待逐校官方核验后补充。,2736,active
陕西交通职业技术学院,陕西交通职业技术学院,4161012830,陕西省,西安市,未分类,专科,false,,,教育部全国普通高等学校名单记录：主管部门=陕西省；办学层次=专科。官网与研究生院链接待逐校官方核验后补充。,2737,active
陕西职业技术学院,陕西职业技术学院,4161012831,陕西省,西安市,未分类,专科,false,,,教育部全国普通高等学校名单记录：主管部门=陕西省；办学层次=专科。官网与研究生院链接待逐校官方核验后补充。,2738,active
西安高新科技职业学院,西安高新科技职业学院,4161013122,陕西省,西安市,未分类,专科,false,,,教育部全国普通高等学校名单记录：主管部门=陕西省教育厅；办学层次=专科；备注=民办。官网与研究生院链接待逐校官方核验后补充。,2739,active
西安城市建设职业学院,西安城市建设职业学院,4161013124,陕西省,西安市,未分类,专科,false,,,教育部全国普通高等学校名单记录：主管部门=陕西省教育厅；办学层次=专科；备注=民办。官网与研究生院链接待逐校官方核验后补充。,2740,active
陕西铁路工程职业技术学院,陕西铁路工程职业技术学院,4161013566,陕西省,渭南市,未分类,专科,false,,,教育部全国普通高等学校名单记录：主管部门=陕西省；办学层次=专科。官网与研究生院链接待逐校官方核验后补充。,2741,active
宝鸡职业技术学院,宝鸡职业技术学院,4161013567,陕西省,宝鸡市,未分类,专科,false,,,教育部全国普通高等学校名单记录：主管部门=陕西省；办学层次=专科。官网与研究生院链接待逐校官方核验后补充。,2742,active
陕西航空职业技术学院,陕西航空职业技术学院,4161013568,陕西省,汉中市,未分类,专科,false,,,教育部全国普通高等学校名单记录：主管部门=陕西省；办学层次=专科。官网与研究生院链接待逐校官方核验后补充。,2743,active
陕西电子信息职业技术学院,陕西电子信息职业技术学院,4161013570,陕西省,西安市,未分类,专科,false,,,教育部全国普通高等学校名单记录：主管部门=陕西省教育厅；办学层次=专科；备注=民办。官网与研究生院链接待逐校官方核验后补充。,2744,active
陕西邮电职业技术学院,陕西邮电职业技术学院,4161013736,陕西省,咸阳市,未分类,专科,false,,,教育部全国普通高等学校名单记录：主管部门=陕西省；办学层次=专科。官网与研究生院链接待逐校官方核验后补充。,2745,active
西安海棠职业学院,西安海棠职业学院,4161013737,陕西省,西安市,未分类,专科,false,,,教育部全国普通高等学校名单记录：主管部门=陕西省教育厅；办学层次=专科；备注=民办。官网与研究生院链接待逐校官方核验后补充。,2746,active
西安健康工程职业学院,西安健康工程职业学院,4161013739,陕西省,西安市,未分类,专科,false,,,教育部全国普通高等学校名单记录：主管部门=陕西省教育厅；办学层次=专科；备注=民办。官网与研究生院链接待逐校官方核验后补充。,2747,active
陕西经济管理职业技术学院,陕西经济管理职业技术学院,4161013932,陕西省,西安市,未分类,专科,false,,,教育部全国普通高等学校名单记录：主管部门=陕西省；办学层次=专科。官网与研究生院链接待逐校官方核验后补充。,2748,active
西安铁路职业技术学院,西安铁路职业技术学院,4161013945,陕西省,西安市,未分类,专科,false,,,教育部全国普通高等学校名单记录：主管部门=陕西省；办学层次=专科。官网与研究生院链接待逐校官方核验后补充。,2749,active
咸阳职业技术学院,咸阳职业技术学院,4161013946,陕西省,咸阳市,未分类,专科,false,,,教育部全国普通高等学校名单记录：主管部门=陕西省；办学层次=专科。官网与研究生院链接待逐校官方核验后补充。,2750,active
西安职业技术学院,西安职业技术学院,4161013947,陕西省,西安市,未分类,专科,false,,,教育部全国普通高等学校名单记录：主管部门=陕西省；办学层次=专科。官网与研究生院链接待逐校官方核验后补充。,2751,active
商洛职业技术学院,商洛职业技术学院,4161013948,陕西省,商洛市,未分类,专科,false,,,教育部全国普通高等学校名单记录：主管部门=陕西省；办学层次=专科。官网与研究生院链接待逐校官方核验后补充。,2752,active
汉中职业技术学院,汉中职业技术学院,4161013949,陕西省,汉中市,未分类,专科,false,,,教育部全国普通高等学校名单记录：主管部门=陕西省；办学层次=专科。官网与研究生院链接待逐校官方核验后补充。,2753,active
延安职业技术学院,延安职业技术学院,4161013950,陕西省,延安市,未分类,专科,false,,,教育部全国普通高等学校名单记录：主管部门=陕西省；办学层次=专科。官网与研究生院链接待逐校官方核验后补充。,2754,active
渭南职业技术学院,渭南职业技术学院,4161013951,陕西省,渭南市,未分类,专科,false,,,教育部全国普通高等学校名单记录：主管部门=陕西省；办学层次=专科。官网与研究生院链接待逐校官方核验后补充。,2755,active
安康职业技术学院,安康职业技术学院,4161013952,陕西省,安康市,未分类,专科,false,,,教育部全国普通高等学校名单记录：主管部门=陕西省；办学层次=专科。官网与研究生院链接待逐校官方核验后补充。,2756,active
铜川职业技术学院,铜川职业技术学院,4161013953,陕西省,铜川市,未分类,专科,false,,,教育部全国普通高等学校名单记录：主管部门=陕西省；办学层次=专科。官网与研究生院链接待逐校官方核验后补充。,2757,active
陕西青年职业学院,陕西青年职业学院,4161014028,陕西省,西安市,未分类,专科,false,,,教育部全国普通高等学校名单记录：主管部门=陕西省；办学层次=专科。官网与研究生院链接待逐校官方核验后补充。,2758,active
陕西工商职业学院,陕西工商职业学院,4161014029,陕西省,西安市,未分类,专科,false,,,教育部全国普通高等学校名单记录：主管部门=陕西省；办学层次=专科。官网与研究生院链接待逐校官方核验后补充。,2759,active
陕西旅游烹饪职业学院,陕西旅游烹饪职业学院,4161014031,陕西省,西安市,未分类,专科,false,,,教育部全国普通高等学校名单记录：主管部门=陕西省教育厅；办学层次=专科；备注=民办。官网与研究生院链接待逐校官方核验后补充。,2760,active
西安医学高等专科学校,西安医学高等专科学校,4161014222,陕西省,西安市,未分类,专科,false,,,教育部全国普通高等学校名单记录：主管部门=陕西省教育厅；办学层次=专科；备注=民办。官网与研究生院链接待逐校官方核验后补充。,2761,active
榆林职业技术学院,榆林职业技术学院,4161014318,陕西省,榆林市,未分类,专科,false,,,教育部全国普通高等学校名单记录：主管部门=陕西省；办学层次=专科。官网与研究生院链接待逐校官方核验后补充。,2762,active
陕西艺术职业学院,陕西艺术职业学院,4161014488,陕西省,西安市,未分类,专科,false,,,教育部全国普通高等学校名单记录：主管部门=陕西省；办学层次=专科。官网与研究生院链接待逐校官方核验后补充。,2763,active
神木职业技术学院,神木职业技术学院,4161014650,陕西省,榆林市,未分类,专科,false,,,教育部全国普通高等学校名单记录：主管部门=陕西省；办学层次=专科。官网与研究生院链接待逐校官方核验后补充。,2764,active
宝鸡三和职业学院,宝鸡三和职业学院,4161014651,陕西省,宝鸡市,未分类,专科,false,,,教育部全国普通高等学校名单记录：主管部门=陕西省教育厅；办学层次=专科；备注=民办。官网与研究生院链接待逐校官方核验后补充。,2765,active
榆林能源科技职业学院,榆林能源科技职业学院,4161014737,陕西省,榆林市,未分类,专科,false,,,教育部全国普通高等学校名单记录：主管部门=陕西省教育厅；办学层次=专科；备注=民办。官网与研究生院链接待逐校官方核验后补充。,2766,active
宝鸡中北职业学院,宝鸡中北职业学院,4161014770,陕西省,宝鸡市,未分类,专科,false,,,教育部全国普通高等学校名单记录：主管部门=陕西省教育厅；办学层次=专科；备注=民办。官网与研究生院链接待逐校官方核验后补充。,2767,active
陕西机电职业技术学院,陕西机电职业技术学院,4261050084,陕西省,宝鸡市,未分类,专科,false,,,教育部全国普通高等学校名单记录：主管部门=陕西省；办学层次=专科。官网与研究生院链接待逐校官方核验后补充。,2768,active
兰州大学,兰州大学,4162010730,甘肃省,兰州市,未分类,本科,false,,,教育部全国普通高等学校名单记录：主管部门=教育部；办学层次=本科。官网与研究生院链接待逐校官方核验后补充。,2769,active
兰州理工大学,兰州理工大学,4162010731,甘肃省,兰州市,未分类,本科,false,,,教育部全国普通高等学校名单记录：主管部门=甘肃省；办学层次=本科。官网与研究生院链接待逐校官方核验后补充。,2770,active
兰州交通大学,兰州交通大学,4162010732,甘肃省,兰州市,未分类,本科,false,,,教育部全国普通高等学校名单记录：主管部门=甘肃省；办学层次=本科。官网与研究生院链接待逐校官方核验后补充。,2771,active
甘肃农业大学,甘肃农业大学,4162010733,甘肃省,兰州市,未分类,本科,false,,,教育部全国普通高等学校名单记录：主管部门=甘肃省；办学层次=本科。官网与研究生院链接待逐校官方核验后补充。,2772,active
甘肃中医药大学,甘肃中医药大学,4162010735,甘肃省,兰州市,未分类,本科,false,,,教育部全国普通高等学校名单记录：主管部门=甘肃省；办学层次=本科。官网与研究生院链接待逐校官方核验后补充。,2773,active
西北师范大学,西北师范大学,4162010736,甘肃省,兰州市,未分类,本科,false,,,教育部全国普通高等学校名单记录：主管部门=甘肃省；办学层次=本科。官网与研究生院链接待逐校官方核验后补充。,2774,active
兰州城市学院,兰州城市学院,4162010737,甘肃省,兰州市,未分类,本科,false,,,教育部全国普通高等学校名单记录：主管部门=甘肃省；办学层次=本科。官网与研究生院链接待逐校官方核验后补充。,2775,active
陇东学院,陇东学院,4162010738,甘肃省,庆阳市,未分类,本科,false,,,教育部全国普通高等学校名单记录：主管部门=甘肃省；办学层次=本科。官网与研究生院链接待逐校官方核验后补充。,2776,active
天水师范大学,天水师范大学,4162010739,甘肃省,天水市,未分类,本科,false,,,教育部全国普通高等学校名单记录：主管部门=甘肃省；办学层次=本科。官网与研究生院链接待逐校官方核验后补充。,2777,active
河西学院,河西学院,4162010740,甘肃省,张掖市,未分类,本科,false,,,教育部全国普通高等学校名单记录：主管部门=甘肃省；办学层次=本科。官网与研究生院链接待逐校官方核验后补充。,2778,active
兰州财经大学,兰州财经大学,4162010741,甘肃省,兰州市,未分类,本科,false,,,教育部全国普通高等学校名单记录：主管部门=甘肃省；办学层次=本科。官网与研究生院链接待逐校官方核验后补充。,2779,active
西北民族大学,西北民族大学,4162010742,甘肃省,兰州市,未分类,本科,false,,,教育部全国普通高等学校名单记录：主管部门=国家民委；办学层次=本科。官网与研究生院链接待逐校官方核验后补充。,2780,active
甘肃政法大学,甘肃政法大学,4162011406,甘肃省,兰州市,未分类,本科,false,,,教育部全国普通高等学校名单记录：主管部门=甘肃省；办学层次=本科。官网与研究生院链接待逐校官方核验后补充。,2781,active
甘肃民族师范学院,甘肃民族师范学院,4162011561,甘肃省,甘南藏族自治州,未分类,本科,false,,,教育部全国普通高等学校名单记录：主管部门=甘肃省；办学层次=本科。官网与研究生院链接待逐校官方核验后补充。,2782,active
兰州文理学院,兰州文理学院,4162011562,甘肃省,兰州市,未分类,本科,false,,,教育部全国普通高等学校名单记录：主管部门=甘肃省；办学层次=本科。官网与研究生院链接待逐校官方核验后补充。,2783,active
甘肃医学院,甘肃医学院,4162011805,甘肃省,平凉市,未分类,本科,false,,,教育部全国普通高等学校名单记录：主管部门=甘肃省；办学层次=本科。官网与研究生院链接待逐校官方核验后补充。,2784,active
兰州工业学院,兰州工业学院,4162011807,甘肃省,兰州市,未分类,本科,false,,,教育部全国普通高等学校名单记录：主管部门=甘肃省；办学层次=本科。官网与研究生院链接待逐校官方核验后补充。,2785,active
兰州石化职业技术大学,兰州石化职业技术大学,4162016209,甘肃省,兰州市,未分类,本科,false,,,教育部全国普通高等学校名单记录：主管部门=甘肃省；办学层次=本科。官网与研究生院链接待逐校官方核验后补充。,2786,active
兰州工商学院,兰州工商学院,4162013511,甘肃省,兰州市,未分类,本科,false,,,教育部全国普通高等学校名单记录：主管部门=甘肃省教育厅；办学层次=本科；备注=民办。官网与研究生院链接待逐校官方核验后补充。,2787,active
兰州资源环境职业技术大学,兰州资源环境职业技术大学,4162016208,甘肃省,兰州市,未分类,本科,false,,,教育部全国普通高等学校名单记录：主管部门=甘肃省；办学层次=本科。官网与研究生院链接待逐校官方核验后补充。,2788,active
兰州博文科技学院,兰州博文科技学院,4162013514,甘肃省,兰州市,未分类,本科,false,,,教育部全国普通高等学校名单记录：主管部门=甘肃省教育厅；办学层次=本科；备注=民办。官网与研究生院链接待逐校官方核验后补充。,2789,active
兰州信息科技学院,兰州信息科技学院,4162013515,甘肃省,兰州市,未分类,本科,false,,,教育部全国普通高等学校名单记录：主管部门=甘肃省教育厅；办学层次=本科；备注=民办。官网与研究生院链接待逐校官方核验后补充。,2790,active
陇南师范学院,陇南师范学院,4162011806,甘肃省,陇南市,未分类,本科,false,,,教育部全国普通高等学校名单记录：主管部门=甘肃省；办学层次=本科。官网与研究生院链接待逐校官方核验后补充。,2791,active
甘肃警察学院,甘肃警察学院,4162012834,甘肃省,兰州市,未分类,本科,false,,,教育部全国普通高等学校名单记录：主管部门=甘肃省；办学层次=本科。官网与研究生院链接待逐校官方核验后补充。,2792,active
甘肃林业职业技术大学,甘肃林业职业技术大学,4162012835,甘肃省,天水市,未分类,本科,false,,,教育部全国普通高等学校名单记录：主管部门=甘肃省；办学层次=本科。官网与研究生院链接待逐校官方核验后补充。,2793,active
酒泉职业技术大学,酒泉职业技术大学,4162012539,甘肃省,酒泉市,未分类,本科,false,,,教育部全国普通高等学校名单记录：主管部门=甘肃省；办学层次=本科。官网与研究生院链接待逐校官方核验后补充。,2794,active
甘肃工业职业技术大学,甘肃工业职业技术大学,4162012836,甘肃省,天水市,未分类,本科,false,,,教育部全国普通高等学校名单记录：主管部门=甘肃省；办学层次=本科。官网与研究生院链接待逐校官方核验后补充。,2795,active
武威职业技术大学,武威职业技术大学,4162013518,甘肃省,武威市,未分类,本科,false,,,教育部全国普通高等学校名单记录：主管部门=甘肃省；办学层次=本科。官网与研究生院链接待逐校官方核验后补充。,2796,active
定西师范高等专科学校,定西师范高等专科学校,4162011808,甘肃省,定西市,未分类,专科,false,,,教育部全国普通高等学校名单记录：主管部门=甘肃省；办学层次=专科。官网与研究生院链接待逐校官方核验后补充。,2797,active
甘肃建筑职业技术学院,甘肃建筑职业技术学院,4162012511,甘肃省,兰州市,未分类,专科,false,,,教育部全国普通高等学校名单记录：主管部门=甘肃省；办学层次=专科。官网与研究生院链接待逐校官方核验后补充。,2798,active
兰州外语职业学院,兰州外语职业学院,4162012832,甘肃省,兰州市,未分类,专科,false,,,教育部全国普通高等学校名单记录：主管部门=甘肃省教育厅；办学层次=专科；备注=民办。官网与研究生院链接待逐校官方核验后补充。,2799,active
兰州职业技术学院,兰州职业技术学院,4162012833,甘肃省,兰州市,未分类,专科,false,,,教育部全国普通高等学校名单记录：主管部门=甘肃省；办学层次=专科。官网与研究生院链接待逐校官方核验后补充。,2800,active
甘肃交通职业技术学院,甘肃交通职业技术学院,4162013519,甘肃省,兰州市,未分类,专科,false,,,教育部全国普通高等学校名单记录：主管部门=甘肃省；办学层次=专科。官网与研究生院链接待逐校官方核验后补充。,2801,active
甘肃农业职业技术学院,甘肃农业职业技术学院,4162013954,甘肃省,兰州市,未分类,专科,false,,,教育部全国普通高等学校名单记录：主管部门=甘肃省；办学层次=专科。官网与研究生院链接待逐校官方核验后补充。,2802,active
甘肃畜牧工程职业技术学院,甘肃畜牧工程职业技术学院,4162013955,甘肃省,武威市,未分类,专科,false,,,教育部全国普通高等学校名单记录：主管部门=甘肃省；办学层次=专科。官网与研究生院链接待逐校官方核验后补充。,2803,active
甘肃钢铁职业技术学院,甘肃钢铁职业技术学院,4162014131,甘肃省,嘉峪关市,未分类,专科,false,,,教育部全国普通高等学校名单记录：主管部门=甘肃省；办学层次=专科。官网与研究生院链接待逐校官方核验后补充。,2804,active
甘肃有色冶金职业技术学院,甘肃有色冶金职业技术学院,4162014375,甘肃省,金昌市,未分类,专科,false,,,教育部全国普通高等学校名单记录：主管部门=甘肃省；办学层次=专科。官网与研究生院链接待逐校官方核验后补充。,2805,active
白银矿冶职业技术学院,白银矿冶职业技术学院,4162014376,甘肃省,白银市,未分类,专科,false,,,教育部全国普通高等学校名单记录：主管部门=甘肃省；办学层次=专科。官网与研究生院链接待逐校官方核验后补充。,2806,active
甘肃卫生职业学院,甘肃卫生职业学院,4162014517,甘肃省,兰州市,未分类,专科,false,,,教育部全国普通高等学校名单记录：主管部门=甘肃省；办学层次=专科。官网与研究生院链接待逐校官方核验后补充。,2807,active
兰州科技职业学院,兰州科技职业学院,4162014518,甘肃省,兰州市,未分类,专科,false,,,教育部全国普通高等学校名单记录：主管部门=甘肃省教育厅；办学层次=专科；备注=民办。官网与研究生院链接待逐校官方核验后补充。,2808,active
庆阳职业技术学院,庆阳职业技术学院,4162014551,甘肃省,庆阳市,未分类,专科,false,,,教育部全国普通高等学校名单记录：主管部门=甘肃省；办学层次=专科。官网与研究生院链接待逐校官方核验后补充。,2809,active
临夏现代职业学院,临夏现代职业学院,4162014552,甘肃省,临夏州,未分类,专科,false,,,教育部全国普通高等学校名单记录：主管部门=甘肃省；办学层次=专科。官网与研究生院链接待逐校官方核验后补充。,2810,active
兰州现代职业学院,兰州现代职业学院,4162014594,甘肃省,兰州市,未分类,专科,false,,,教育部全国普通高等学校名单记录：主管部门=甘肃省；办学层次=专科。官网与研究生院链接待逐校官方核验后补充。,2811,active
平凉职业技术学院,平凉职业技术学院,4162014595,甘肃省,平凉市,未分类,专科,false,,,教育部全国普通高等学校名单记录：主管部门=甘肃省；办学层次=专科。官网与研究生院链接待逐校官方核验后补充。,2812,active
培黎职业学院,培黎职业学院,4162014738,甘肃省,张掖市,未分类,专科,false,,,教育部全国普通高等学校名单记录：主管部门=甘肃省；办学层次=专科。官网与研究生院链接待逐校官方核验后补充。,2813,active
兰州航空职业技术学院,兰州航空职业技术学院,4162014771,甘肃省,兰州市,未分类,专科,false,,,教育部全国普通高等学校名单记录：主管部门=甘肃省；办学层次=专科。官网与研究生院链接待逐校官方核验后补充。,2814,active
白银希望职业技术学院,白银希望职业技术学院,4162014772,甘肃省,白银市,未分类,专科,false,,,教育部全国普通高等学校名单记录：主管部门=甘肃省教育厅；办学层次=专科；备注=民办。官网与研究生院链接待逐校官方核验后补充。,2815,active
甘肃财贸职业学院,甘肃财贸职业学院,4262051378,甘肃省,兰州市,未分类,专科,false,,,教育部全国普通高等学校名单记录：主管部门=甘肃省；办学层次=专科。官网与研究生院链接待逐校官方核验后补充。,2816,active
定西职业技术学院,定西职业技术学院,4162014823,甘肃省,定西市,未分类,专科,false,,,教育部全国普通高等学校名单记录：主管部门=甘肃省；办学层次=专科。官网与研究生院链接待逐校官方核验后补充。,2817,active
青海大学,青海大学,4163010743,青海省,西宁市,未分类,本科,false,,,教育部全国普通高等学校名单记录：主管部门=青海省；办学层次=本科。官网与研究生院链接待逐校官方核验后补充。,2818,active
青海师范大学,青海师范大学,4163010746,青海省,西宁市,未分类,本科,false,,,教育部全国普通高等学校名单记录：主管部门=青海省；办学层次=本科。官网与研究生院链接待逐校官方核验后补充。,2819,active
青海民族大学,青海民族大学,4163010748,青海省,西宁市,未分类,本科,false,,,教育部全国普通高等学校名单记录：主管部门=青海省；办学层次=本科。官网与研究生院链接待逐校官方核验后补充。,2820,active
青海大学昆仑学院,青海大学昆仑学院,4163013674,青海省,西宁市,未分类,本科,false,,,教育部全国普通高等学校名单记录：主管部门=青海省教育厅；办学层次=本科；备注=民办。官网与研究生院链接待逐校官方核验后补充。,2821,active
青海理工学院,青海理工学院,4163014881,青海省,西宁市,未分类,本科,false,,,教育部全国普通高等学校名单记录：主管部门=青海省；办学层次=本科。官网与研究生院链接待逐校官方核验后补充。,2822,active
青海职业技术大学,青海职业技术大学,4163012973,青海省,西宁市,未分类,本科,false,,,教育部全国普通高等学校名单记录：主管部门=青海省；办学层次=本科。官网与研究生院链接待逐校官方核验后补充。,2823,active
青海卫生职业技术学院,青海卫生职业技术学院,4163012562,青海省,西宁市,未分类,专科,false,,,教育部全国普通高等学校名单记录：主管部门=青海省；办学层次=专科。官网与研究生院链接待逐校官方核验后补充。,2824,active
青海警官职业学院,青海警官职业学院,4163012852,青海省,西宁市,未分类,专科,false,,,教育部全国普通高等学校名单记录：主管部门=青海省；办学层次=专科。官网与研究生院链接待逐校官方核验后补充。,2825,active
青海农牧科技职业学院,青海农牧科技职业学院,4163012972,青海省,西宁市,未分类,专科,false,,,教育部全国普通高等学校名单记录：主管部门=青海省；办学层次=专科。官网与研究生院链接待逐校官方核验后补充。,2826,active
青海建筑职业技术学院,青海建筑职业技术学院,4163012974,青海省,西宁市,未分类,专科,false,,,教育部全国普通高等学校名单记录：主管部门=青海省；办学层次=专科。官网与研究生院链接待逐校官方核验后补充。,2827,active
西宁城市职业技术学院,西宁城市职业技术学院,4163014519,青海省,西宁市,未分类,专科,false,,,教育部全国普通高等学校名单记录：主管部门=青海省；办学层次=专科。官网与研究生院链接待逐校官方核验后补充。,2828,active
青海高等职业技术学院,青海高等职业技术学院,4163014520,青海省,海东市,未分类,专科,false,,,教育部全国普通高等学校名单记录：主管部门=青海省；办学层次=专科。官网与研究生院链接待逐校官方核验后补充。,2829,active
青海柴达木职业技术学院,青海柴达木职业技术学院,4163014521,青海省,海西蒙古族藏族自治州,未分类,专科,false,,,教育部全国普通高等学校名单记录：主管部门=青海省；办学层次=专科。官网与研究生院链接待逐校官方核验后补充。,2830,active
宁夏大学,宁夏大学,4164010749,宁夏回族自治区,银川市,未分类,本科,false,,,教育部全国普通高等学校名单记录：主管部门=宁夏回族自治区；办学层次=本科。官网与研究生院链接待逐校官方核验后补充。,2831,active
宁夏医科大学,宁夏医科大学,4164010752,宁夏回族自治区,银川市,未分类,本科,false,,,教育部全国普通高等学校名单记录：主管部门=宁夏回族自治区；办学层次=本科。官网与研究生院链接待逐校官方核验后补充。,2832,active
宁夏师范大学,宁夏师范大学,4164010753,宁夏回族自治区,固原市,未分类,本科,false,,,教育部全国普通高等学校名单记录：主管部门=宁夏回族自治区；办学层次=本科。官网与研究生院链接待逐校官方核验后补充。,2833,active
北方民族大学,北方民族大学,4164011407,宁夏回族自治区,银川市,未分类,本科,false,,,教育部全国普通高等学校名单记录：主管部门=国家民委；办学层次=本科。官网与研究生院链接待逐校官方核验后补充。,2834,active
宁夏理工学院,宁夏理工学院,4164012544,宁夏回族自治区,石嘴山市,未分类,本科,false,,,教育部全国普通高等学校名单记录：主管部门=宁夏回族自治区教育厅；办学层次=本科；备注=民办。官网与研究生院链接待逐校官方核验后补充。,2835,active
宁夏大学新华学院,宁夏大学新华学院,4164013325,宁夏回族自治区,银川市,未分类,本科,false,,,教育部全国普通高等学校名单记录：主管部门=宁夏回族自治区教育厅；办学层次=本科；备注=民办。官网与研究生院链接待逐校官方核验后补充。,2836,active
银川能源学院,银川能源学院,4164013820,宁夏回族自治区,银川市,未分类,本科,false,,,教育部全国普通高等学校名单记录：主管部门=宁夏回族自治区教育厅；办学层次=本科；备注=民办。官网与研究生院链接待逐校官方核验后补充。,2837,active
银川科技学院,银川科技学院,4164014200,宁夏回族自治区,银川市,未分类,本科,false,,,教育部全国普通高等学校名单记录：主管部门=宁夏回族自治区教育厅；办学层次=本科；备注=民办。官网与研究生院链接待逐校官方核验后补充。,2838,active
宁夏职业技术大学,宁夏职业技术大学,4164013086,宁夏回族自治区,银川市,未分类,本科,false,,,教育部全国普通高等学校名单记录：主管部门=宁夏回族自治区；办学层次=本科。官网与研究生院链接待逐校官方核验后补充。,2839,active
宁夏工商职业技术大学,宁夏工商职业技术大学,4164013087,宁夏回族自治区,银川市,未分类,本科,false,,,教育部全国普通高等学校名单记录：主管部门=宁夏回族自治区；办学层次=本科。官网与研究生院链接待逐校官方核验后补充。,2840,active
宁夏民族职业技术学院,宁夏民族职业技术学院,4164012716,宁夏回族自治区,吴忠市,未分类,专科,false,,,教育部全国普通高等学校名单记录：主管部门=宁夏回族自治区；办学层次=专科。官网与研究生院链接待逐校官方核验后补充。,2841,active
宁夏工业职业学院,宁夏工业职业学院,4164012837,宁夏回族自治区,银川市,未分类,专科,false,,,教育部全国普通高等学校名单记录：主管部门=宁夏回族自治区；办学层次=专科。官网与研究生院链接待逐校官方核验后补充。,2842,active
宁夏财经职业技术学院,宁夏财经职业技术学院,4164013088,宁夏回族自治区,银川市,未分类,专科,false,,,教育部全国普通高等学校名单记录：主管部门=宁夏回族自治区；办学层次=专科。官网与研究生院链接待逐校官方核验后补充。,2843,active
宁夏警官职业学院,宁夏警官职业学院,4164013089,宁夏回族自治区,银川市,未分类,专科,false,,,教育部全国普通高等学校名单记录：主管部门=宁夏回族自治区；办学层次=专科。官网与研究生院链接待逐校官方核验后补充。,2844,active
宁夏建设职业技术学院,宁夏建设职业技术学院,4164013151,宁夏回族自治区,银川市,未分类,专科,false,,,教育部全国普通高等学校名单记录：主管部门=宁夏回族自治区；办学层次=专科。官网与研究生院链接待逐校官方核验后补充。,2845,active
宁夏葡萄酒与防沙治沙职业技术学院,宁夏葡萄酒与防沙治沙职业技术学院,4164014377,宁夏回族自治区,银川市,未分类,专科,false,,,教育部全国普通高等学校名单记录：主管部门=宁夏回族自治区；办学层次=专科。官网与研究生院链接待逐校官方核验后补充。,2846,active
宁夏幼儿师范高等专科学校,宁夏幼儿师范高等专科学校,4164014498,宁夏回族自治区,银川市,未分类,专科,false,,,教育部全国普通高等学校名单记录：主管部门=宁夏回族自治区；办学层次=专科。官网与研究生院链接待逐校官方核验后补充。,2847,active
宁夏艺术职业学院,宁夏艺术职业学院,4164014522,宁夏回族自治区,银川市,未分类,专科,false,,,教育部全国普通高等学校名单记录：主管部门=宁夏回族自治区；办学层次=专科。官网与研究生院链接待逐校官方核验后补充。,2848,active
宁夏体育职业学院,宁夏体育职业学院,4164014624,宁夏回族自治区,银川市,未分类,专科,false,,,教育部全国普通高等学校名单记录：主管部门=宁夏回族自治区；办学层次=专科。官网与研究生院链接待逐校官方核验后补充。,2849,active
石嘴山工贸职业技术学院,石嘴山工贸职业技术学院,4164014739,宁夏回族自治区,石嘴山市,未分类,专科,false,,,教育部全国普通高等学校名单记录：主管部门=宁夏回族自治区；办学层次=专科。官网与研究生院链接待逐校官方核验后补充。,2850,active
宁夏卫生健康职业技术学院,宁夏卫生健康职业技术学院,4164014804,宁夏回族自治区,石嘴山市,未分类,专科,false,,,教育部全国普通高等学校名单记录：主管部门=宁夏回族自治区；办学层次=专科。官网与研究生院链接待逐校官方核验后补充。,2851,active
宁夏交通职业技术学院,宁夏交通职业技术学院,4164014847,宁夏回族自治区,银川市,未分类,专科,false,,,教育部全国普通高等学校名单记录：主管部门=宁夏回族自治区；办学层次=专科。官网与研究生院链接待逐校官方核验后补充。,2852,active
新疆大学,新疆大学,4165010755,新疆维吾尔自治区,乌鲁木齐市,未分类,本科,false,,,教育部全国普通高等学校名单记录：主管部门=新疆维吾尔自治区；办学层次=本科。官网与研究生院链接待逐校官方核验后补充。,2853,active
塔里木大学,塔里木大学,4165010757,新疆维吾尔自治区,阿拉尔市,未分类,本科,false,,,教育部全国普通高等学校名单记录：主管部门=新疆生产建设兵团；办学层次=本科。官网与研究生院链接待逐校官方核验后补充。,2854,active
新疆农业大学,新疆农业大学,4165010758,新疆维吾尔自治区,乌鲁木齐市,未分类,本科,false,,,教育部全国普通高等学校名单记录：主管部门=新疆维吾尔自治区；办学层次=本科。官网与研究生院链接待逐校官方核验后补充。,2855,active
石河子大学,石河子大学,4165010759,新疆维吾尔自治区,石河子市,未分类,本科,false,,,教育部全国普通高等学校名单记录：主管部门=新疆生产建设兵团；办学层次=本科。官网与研究生院链接待逐校官方核验后补充。,2856,active
新疆医科大学,新疆医科大学,4165010760,新疆维吾尔自治区,乌鲁木齐市,未分类,本科,false,,,教育部全国普通高等学校名单记录：主管部门=新疆维吾尔自治区；办学层次=本科。官网与研究生院链接待逐校官方核验后补充。,2857,active
新疆师范大学,新疆师范大学,4165010762,新疆维吾尔自治区,乌鲁木齐市,未分类,本科,false,,,教育部全国普通高等学校名单记录：主管部门=新疆维吾尔自治区；办学层次=本科。官网与研究生院链接待逐校官方核验后补充。,2858,active
喀什大学,喀什大学,4165010763,新疆维吾尔自治区,喀什地区,未分类,本科,false,,,教育部全国普通高等学校名单记录：主管部门=新疆维吾尔自治区；办学层次=本科。官网与研究生院链接待逐校官方核验后补充。,2859,active
伊犁师范大学,伊犁师范大学,4165010764,新疆维吾尔自治区,伊犁哈萨克自治州,未分类,本科,false,,,教育部全国普通高等学校名单记录：主管部门=新疆维吾尔自治区；办学层次=本科。官网与研究生院链接待逐校官方核验后补充。,2860,active
新疆财经大学,新疆财经大学,4165010766,新疆维吾尔自治区,乌鲁木齐市,未分类,本科,false,,,教育部全国普通高等学校名单记录：主管部门=新疆维吾尔自治区；办学层次=本科。官网与研究生院链接待逐校官方核验后补充。,2861,active
新疆艺术学院,新疆艺术学院,4165010768,新疆维吾尔自治区,乌鲁木齐市,未分类,本科,false,,,教育部全国普通高等学校名单记录：主管部门=新疆维吾尔自治区；办学层次=本科。官网与研究生院链接待逐校官方核验后补充。,2862,active
新疆工程学院,新疆工程学院,4165010994,新疆维吾尔自治区,乌鲁木齐市,未分类,本科,false,,,教育部全国普通高等学校名单记录：主管部门=新疆维吾尔自治区；办学层次=本科。官网与研究生院链接待逐校官方核验后补充。,2863,active
昌吉学院,昌吉学院,4165010997,新疆维吾尔自治区,昌吉回族自治州,未分类,本科,false,,,教育部全国普通高等学校名单记录：主管部门=新疆维吾尔自治区；办学层次=本科。官网与研究生院链接待逐校官方核验后补充。,2864,active
新疆警察学院,新疆警察学院,4165012734,新疆维吾尔自治区,乌鲁木齐市,未分类,本科,false,,,教育部全国普通高等学校名单记录：主管部门=新疆维吾尔自治区；办学层次=本科。官网与研究生院链接待逐校官方核验后补充。,2865,active
新疆理工学院,新疆理工学院,4165013558,新疆维吾尔自治区,阿克苏地区,未分类,本科,false,,,教育部全国普通高等学校名单记录：主管部门=新疆维吾尔自治区；办学层次=本科。官网与研究生院链接待逐校官方核验后补充。,2866,active
新疆农业大学科学技术学院,新疆农业大学科学技术学院,4165013559,新疆维吾尔自治区,乌鲁木齐市,未分类,本科,false,,,教育部全国普通高等学校名单记录：主管部门=新疆维吾尔自治区教育厅；办学层次=本科；备注=民办。官网与研究生院链接待逐校官方核验后补充。,2867,active
新疆第二医学院,新疆第二医学院,4165013560,新疆维吾尔自治区,克拉玛依市,未分类,本科,false,,,教育部全国普通高等学校名单记录：主管部门=新疆维吾尔自治区；办学层次=本科。官网与研究生院链接待逐校官方核验后补充。,2868,active
新疆科技学院,新疆科技学院,4165013561,新疆维吾尔自治区,巴音郭楞蒙古自治州,未分类,本科,false,,,教育部全国普通高等学校名单记录：主管部门=新疆维吾尔自治区；办学层次=本科。官网与研究生院链接待逐校官方核验后补充。,2869,active
新疆政法学院,新疆政法学院,4165013628,新疆维吾尔自治区,图木舒克市,未分类,本科,false,,,教育部全国普通高等学校名单记录：主管部门=新疆生产建设兵团；办学层次=本科。官网与研究生院链接待逐校官方核验后补充。,2870,active
新疆天山职业技术大学,新疆天山职业技术大学,4165013727,新疆维吾尔自治区,乌鲁木齐市,未分类,本科,false,,,教育部全国普通高等学校名单记录：主管部门=新疆维吾尔自治区教育厅；办学层次=本科；备注=民办。官网与研究生院链接待逐校官方核验后补充。,2871,active
新疆和田学院,新疆和田学院,4165010765,新疆维吾尔自治区,和田地区,未分类,本科,false,,,教育部全国普通高等学校名单记录：主管部门=新疆维吾尔自治区；办学层次=本科。官网与研究生院链接待逐校官方核验后补充。,2872,active
新疆农业职业技术大学,新疆农业职业技术大学,4165010995,新疆维吾尔自治区,昌吉回族自治州,未分类,本科,false,,,教育部全国普通高等学校名单记录：主管部门=新疆维吾尔自治区；办学层次=本科。官网与研究生院链接待逐校官方核验后补充。,2873,active
新疆工业学院,新疆工业学院,4165014897,新疆维吾尔自治区,和田地区,未分类,本科,false,,,教育部全国普通高等学校名单记录：主管部门=新疆生产建设兵团；办学层次=本科。官网与研究生院链接待逐校官方核验后补充。,2874,active
乌鲁木齐职业大学,乌鲁木齐职业大学,4165011565,新疆维吾尔自治区,乌鲁木齐市,未分类,本科,false,,,教育部全国普通高等学校名单记录：主管部门=新疆维吾尔自治区；办学层次=本科。官网与研究生院链接待逐校官方核验后补充。,2875,active
新疆交通职业技术大学,新疆交通职业技术大学,4165013926,新疆维吾尔自治区,乌鲁木齐市,未分类,本科,false,,,教育部全国普通高等学校名单记录：主管部门=新疆维吾尔自治区；办学层次=本科。官网与研究生院链接待逐校官方核验后补充。,2876,active
塔里木理工学院,塔里木理工学院,4165014946,新疆维吾尔自治区,阿拉尔市,未分类,本科,false,,,教育部全国普通高等学校名单记录：主管部门=新疆生产建设兵团教育局；办学层次=本科；备注=民办。官网与研究生院链接待逐校官方核验后补充。,2877,active
新疆理工职业大学,新疆理工职业大学,4165014947,新疆维吾尔自治区,喀什地区,未分类,本科,false,,,教育部全国普通高等学校名单记录：主管部门=新疆生产建设兵团；办学层次=本科。官网与研究生院链接待逐校官方核验后补充。,2878,active
克拉玛依职业技术学院,克拉玛依职业技术学院,4165012482,新疆维吾尔自治区,克拉玛依市,未分类,专科,false,,,教育部全国普通高等学校名单记录：主管部门=新疆维吾尔自治区；办学层次=专科。官网与研究生院链接待逐校官方核验后补充。,2879,active
新疆机电职业技术学院,新疆机电职业技术学院,4165012513,新疆维吾尔自治区,乌鲁木齐市,未分类,专科,false,,,教育部全国普通高等学校名单记录：主管部门=新疆维吾尔自治区；办学层次=专科。官网与研究生院链接待逐校官方核验后补充。,2880,active
新疆轻工职业技术学院,新疆轻工职业技术学院,4165012514,新疆维吾尔自治区,乌鲁木齐市,未分类,专科,false,,,教育部全国普通高等学校名单记录：主管部门=新疆维吾尔自治区；办学层次=专科。官网与研究生院链接待逐校官方核验后补充。,2881,active
新疆能源职业技术学院,新疆能源职业技术学院,4165012570,新疆维吾尔自治区,乌鲁木齐市,未分类,专科,false,,,教育部全国普通高等学校名单记录：主管部门=新疆维吾尔自治区教育厅；办学层次=专科；备注=民办。官网与研究生院链接待逐校官方核验后补充。,2882,active
昌吉职业技术学院,昌吉职业技术学院,4165012838,新疆维吾尔自治区,昌吉回族自治州,未分类,专科,false,,,教育部全国普通高等学校名单记录：主管部门=新疆维吾尔自治区；办学层次=专科。官网与研究生院链接待逐校官方核验后补充。,2883,active
伊犁职业技术学院,伊犁职业技术学院,4165012975,新疆维吾尔自治区,伊犁哈萨克自治州,未分类,专科,false,,,教育部全国普通高等学校名单记录：主管部门=新疆维吾尔自治区；办学层次=专科。官网与研究生院链接待逐校官方核验后补充。,2884,active
阿克苏职业技术学院,阿克苏职业技术学院,4165013093,新疆维吾尔自治区,阿克苏地区,未分类,专科,false,,,教育部全国普通高等学校名单记录：主管部门=新疆维吾尔自治区；办学层次=专科。官网与研究生院链接待逐校官方核验后补充。,2885,active
巴音郭楞职业技术学院,巴音郭楞职业技术学院,4165013094,新疆维吾尔自治区,巴音郭楞蒙古自治州,未分类,专科,false,,,教育部全国普通高等学校名单记录：主管部门=新疆维吾尔自治区；办学层次=专科。官网与研究生院链接待逐校官方核验后补充。,2886,active
新疆建设职业技术学院,新疆建设职业技术学院,4165013562,新疆维吾尔自治区,乌鲁木齐市,未分类,专科,false,,,教育部全国普通高等学校名单记录：主管部门=新疆维吾尔自治区；办学层次=专科。官网与研究生院链接待逐校官方核验后补充。,2887,active
新疆现代职业技术学院,新疆现代职业技术学院,4165013726,新疆维吾尔自治区,乌鲁木齐市,未分类,专科,false,,,教育部全国普通高等学校名单记录：主管部门=新疆维吾尔自治区教育厅；办学层次=专科；备注=民办。官网与研究生院链接待逐校官方核验后补充。,2888,active
新疆石河子职业技术学院,新疆石河子职业技术学院,4165013956,新疆维吾尔自治区,石河子市,未分类,专科,false,,,教育部全国普通高等学校名单记录：主管部门=新疆生产建设兵团；办学层次=专科。官网与研究生院链接待逐校官方核验后补充。,2889,active
新疆职业大学,新疆职业大学,4165014138,新疆维吾尔自治区,乌鲁木齐市,未分类,专科,false,,,教育部全国普通高等学校名单记录：主管部门=新疆维吾尔自治区；办学层次=专科。官网与研究生院链接待逐校官方核验后补充。,2890,active
新疆体育职业技术学院,新疆体育职业技术学院,4165014416,新疆维吾尔自治区,乌鲁木齐市,未分类,专科,false,,,教育部全国普通高等学校名单记录：主管部门=新疆维吾尔自治区；办学层次=专科。官网与研究生院链接待逐校官方核验后补充。,2891,active
新疆应用职业技术学院,新疆应用职业技术学院,4165014417,新疆维吾尔自治区,伊犁哈萨克自治州,未分类,专科,false,,,教育部全国普通高等学校名单记录：主管部门=新疆维吾尔自治区；办学层次=专科。官网与研究生院链接待逐校官方核验后补充。,2892,active
新疆师范高等专科学校,新疆师范高等专科学校,4165014421,新疆维吾尔自治区,乌鲁木齐市,未分类,专科,false,,,教育部全国普通高等学校名单记录：主管部门=新疆维吾尔自治区；办学层次=专科。官网与研究生院链接待逐校官方核验后补充。,2893,active
新疆铁道职业技术学院,新疆铁道职业技术学院,4165014489,新疆维吾尔自治区,乌鲁木齐市,未分类,专科,false,,,教育部全国普通高等学校名单记录：主管部门=新疆维吾尔自治区；办学层次=专科。官网与研究生院链接待逐校官方核验后补充。,2894,active
新疆生产建设兵团兴新职业技术学院,新疆生产建设兵团兴新职业技术学院,4165014523,新疆维吾尔自治区,乌鲁木齐市,未分类,专科,false,,,教育部全国普通高等学校名单记录：主管部门=新疆生产建设兵团；办学层次=专科。官网与研究生院链接待逐校官方核验后补充。,2895,active
哈密职业技术学院,哈密职业技术学院,4165014524,新疆维吾尔自治区,哈密市,未分类,专科,false,,,教育部全国普通高等学校名单记录：主管部门=新疆维吾尔自治区；办学层次=专科。官网与研究生院链接待逐校官方核验后补充。,2896,active
新疆科技职业技术学院,新疆科技职业技术学院,4165014525,新疆维吾尔自治区,五家渠市,未分类,专科,false,,,教育部全国普通高等学校名单记录：主管部门=新疆维吾尔自治区教育厅；办学层次=专科；备注=民办。官网与研究生院链接待逐校官方核验后补充。,2897,active
吐鲁番职业技术学院,吐鲁番职业技术学院,4165014585,新疆维吾尔自治区,吐鲁番市,未分类,专科,false,,,教育部全国普通高等学校名单记录：主管部门=新疆维吾尔自治区；办学层次=专科。官网与研究生院链接待逐校官方核验后补充。,2898,active
博尔塔拉职业技术学院,博尔塔拉职业技术学院,4165014622,新疆维吾尔自治区,博尔塔拉蒙古自治州,未分类,专科,false,,,教育部全国普通高等学校名单记录：主管部门=新疆维吾尔自治区；办学层次=专科。官网与研究生院链接待逐校官方核验后补充。,2899,active
和田职业技术学院,和田职业技术学院,4165014652,新疆维吾尔自治区,和田地区,未分类,专科,false,,,教育部全国普通高等学校名单记录：主管部门=新疆维吾尔自治区；办学层次=专科。官网与研究生院链接待逐校官方核验后补充。,2900,active
石河子工程职业技术学院,石河子工程职业技术学院,4165014661,新疆维吾尔自治区,石河子市,未分类,专科,false,,,教育部全国普通高等学校名单记录：主管部门=新疆生产建设兵团；办学层次=专科。官网与研究生院链接待逐校官方核验后补充。,2901,active
喀什职业技术学院,喀什职业技术学院,4165014677,新疆维吾尔自治区,喀什地区,未分类,专科,false,,,教育部全国普通高等学校名单记录：主管部门=新疆维吾尔自治区；办学层次=专科。官网与研究生院链接待逐校官方核验后补充。,2902,active
克孜勒苏职业技术学院,克孜勒苏职业技术学院,4165014678,新疆维吾尔自治区,克孜勒苏柯尔克孜自治州,未分类,专科,false,,,教育部全国普通高等学校名单记录：主管部门=新疆维吾尔自治区；办学层次=专科。官网与研究生院链接待逐校官方核验后补充。,2903,active
新疆科信职业技术学院,新疆科信职业技术学院,4165014679,新疆维吾尔自治区,乌鲁木齐市,未分类,专科,false,,,教育部全国普通高等学校名单记录：主管部门=新疆维吾尔自治区教育厅；办学层次=专科；备注=民办。官网与研究生院链接待逐校官方核验后补充。,2904,active
阿勒泰职业技术学院,阿勒泰职业技术学院,4165014680,新疆维吾尔自治区,阿勒泰地区,未分类,专科,false,,,教育部全国普通高等学校名单记录：主管部门=新疆维吾尔自治区；办学层次=专科。官网与研究生院链接待逐校官方核验后补充。,2905,active
塔城职业技术学院,塔城职业技术学院,4165014740,新疆维吾尔自治区,塔城地区,未分类,专科,false,,,教育部全国普通高等学校名单记录：主管部门=新疆维吾尔自治区；办学层次=专科。官网与研究生院链接待逐校官方核验后补充。,2906,active
塔里木职业技术学院,塔里木职业技术学院,4165014741,新疆维吾尔自治区,阿拉尔市,未分类,专科,false,,,教育部全国普通高等学校名单记录：主管部门=新疆生产建设兵团；办学层次=专科。官网与研究生院链接待逐校官方核验后补充。,2907,active
新疆工业职业技术学院,新疆工业职业技术学院,4265051060,新疆维吾尔自治区,乌鲁木齐市,未分类,专科,false,,,教育部全国普通高等学校名单记录：主管部门=新疆维吾尔自治区；办学层次=专科。官网与研究生院链接待逐校官方核验后补充。,2908,active
铁门关职业技术学院,铁门关职业技术学院,4165014660,新疆维吾尔自治区,铁门关市,未分类,专科,false,,,教育部全国普通高等学校名单记录：主管部门=新疆生产建设兵团；办学层次=专科。官网与研究生院链接待逐校官方核验后补充。,2909,active
新疆司法警官职业学院,新疆司法警官职业学院,4165014805,新疆维吾尔自治区,乌鲁木齐市,未分类,专科,false,,,教育部全国普通高等学校名单记录：主管部门=新疆维吾尔自治区；办学层次=专科。官网与研究生院链接待逐校官方核验后补充。,2910,active
阿克苏工业职业技术学院,阿克苏工业职业技术学院,4165014806,新疆维吾尔自治区,阿克苏地区,未分类,专科,false,,,教育部全国普通高等学校名单记录：主管部门=新疆维吾尔自治区；办学层次=专科。官网与研究生院链接待逐校官方核验后补充。,2911,active
喀什理工职业技术学院,喀什理工职业技术学院,4165014824,新疆维吾尔自治区,喀什地区,未分类,专科,false,,,教育部全国普通高等学校名单记录：主管部门=新疆维吾尔自治区；办学层次=专科。官网与研究生院链接待逐校官方核验后补充。,2912,active
图木舒克职业技术学院,图木舒克职业技术学院,4165014825,新疆维吾尔自治区,图木舒克市,未分类,专科,false,,,教育部全国普通高等学校名单记录：主管部门=新疆生产建设兵团；办学层次=专科。官网与研究生院链接待逐校官方核验后补充。,2913,active
可克达拉职业技术学院,可克达拉职业技术学院,4165014826,新疆维吾尔自治区,可克达拉市,未分类,专科,false,,,教育部全国普通高等学校名单记录：主管部门=新疆生产建设兵团；办学层次=专科。官网与研究生院链接待逐校官方核验后补充。,2914,active
新星职业技术学院,新星职业技术学院,4165014827,新疆维吾尔自治区,新星市,未分类,专科,false,,,教育部全国普通高等学校名单记录：主管部门=新疆生产建设兵团；办学层次=专科。官网与研究生院链接待逐校官方核验后补充。,2915,active
昆玉职业技术学院,昆玉职业技术学院,4165014828,新疆维吾尔自治区,昆玉市,未分类,专科,false,,,教育部全国普通高等学校名单记录：主管部门=新疆生产建设兵团；办学层次=专科。官网与研究生院链接待逐校官方核验后补充。,2916,active
乌鲁木齐职业技术学院,乌鲁木齐职业技术学院,4165014876,新疆维吾尔自治区,乌鲁木齐市,未分类,专科,false,,,教育部全国普通高等学校名单记录：主管部门=新疆维吾尔自治区；办学层次=专科。官网与研究生院链接待逐校官方核验后补充。,2917,active
双河职业技术学院,双河职业技术学院,4165014877,新疆维吾尔自治区,双河市,未分类,专科,false,,,教育部全国普通高等学校名单记录：主管部门=新疆生产建设兵团；办学层次=专科。官网与研究生院链接待逐校官方核验后补充。,2918,active
阜康职业技术学院,阜康职业技术学院,4165014941,新疆维吾尔自治区,昌吉回族自治州,未分类,专科,false,,,教育部全国普通高等学校名单记录：主管部门=新疆维吾尔自治区；办学层次=专科。官网与研究生院链接待逐校官方核验后补充。,2919,active
